{
  "type": "FeatureCollection",
  "period": "2020_2026",
  "features": [
    {
      "type": "Feature",
      "geometry": {
        "type": "Point",
        "coordinates": [
          78.42256,
          17.372285
        ]
      },
      "properties": {
        "grid_id": "HYD_1220",
        "rank": 1,
        "priority_score": 0.82,
        "priority_level": "HIGH",
        "recommendation": "FIELD_VERIFICATION_RECOMMENDED",
        "period": "2020_2026",
        "reasons": [
          "HIGH_SCENE_ANOMALY",
          "SPATIAL_ANOMALY",
          "VEG_BUILTUP_COHERENCE",
          "VEGETATION_LOSS",
          "BUILTUP_SENSITIVE_CHANGE",
          "PERSISTENT_CHANGE",
          "STRONG_CHANGE_MAGNITUDE",
          "CYCLICAL_REVERSAL_DAMPENED"
        ],
        "overall_anomaly": 0.9639,
        "headline": "Strong and persistent land-cover change"
      }
    },
    {
      "type": "Feature",
      "geometry": {
        "type": "Point",
        "coordinates": [
          78.436666,
          17.372466
        ]
      },
      "properties": {
        "grid_id": "HYD_1223",
        "rank": 2,
        "priority_score": 0.8042,
        "priority_level": "HIGH",
        "recommendation": "FIELD_VERIFICATION_RECOMMENDED",
        "period": "2020_2026",
        "reasons": [
          "HIGH_SCENE_ANOMALY",
          "SPATIAL_ANOMALY",
          "VEG_BUILTUP_COHERENCE",
          "VEGETATION_LOSS",
          "BUILTUP_SENSITIVE_CHANGE",
          "WATER_CHANGE",
          "PERSISTENT_CHANGE",
          "STRONG_CHANGE_MAGNITUDE",
          "CYCLICAL_REVERSAL_DAMPENED"
        ],
        "overall_anomaly": 0.852,
        "headline": "Strong and persistent land-cover change"
      }
    },
    {
      "type": "Feature",
      "geometry": {
        "type": "Point",
        "coordinates": [
          78.360919,
          17.407605
        ]
      },
      "properties": {
        "grid_id": "HYD_0863",
        "rank": 3,
        "priority_score": 0.8036,
        "priority_level": "HIGH",
        "recommendation": "FIELD_VERIFICATION_RECOMMENDED",
        "period": "2020_2026",
        "reasons": [
          "HIGH_SCENE_ANOMALY",
          "SPATIAL_ANOMALY",
          "VEG_BUILTUP_COHERENCE",
          "VEGETATION_LOSS",
          "BUILTUP_SENSITIVE_CHANGE",
          "WATER_CHANGE",
          "PERSISTENT_CHANGE",
          "STRONG_CHANGE_MAGNITUDE",
          "CYCLICAL_REVERSAL_DAMPENED"
        ],
        "overall_anomaly": 0.8575,
        "headline": "Strong and persistent land-cover change"
      }
    },
    {
      "type": "Feature",
      "geometry": {
        "type": "Point",
        "coordinates": [
          78.53065,
          17.378167
        ]
      },
      "properties": {
        "grid_id": "HYD_1200",
        "rank": 4,
        "priority_score": 0.801,
        "priority_level": "HIGH",
        "recommendation": "FIELD_VERIFICATION_RECOMMENDED",
        "period": "2020_2026",
        "reasons": [
          "HIGH_SCENE_ANOMALY",
          "VEG_BUILTUP_COHERENCE",
          "VEGETATION_LOSS",
          "BUILTUP_SENSITIVE_CHANGE",
          "WATER_CHANGE",
          "PERSISTENT_CHANGE",
          "STRONG_CHANGE_MAGNITUDE",
          "CYCLICAL_REVERSAL_DAMPENED"
        ],
        "overall_anomaly": 0.8178,
        "headline": "Strong and persistent land-cover change"
      }
    },
    {
      "type": "Feature",
      "geometry": {
        "type": "Point",
        "coordinates": [
          78.388299,
          17.46667
        ]
      },
      "properties": {
        "grid_id": "HYD_0310",
        "rank": 5,
        "priority_score": 0.8,
        "priority_level": "HIGH",
        "recommendation": "FIELD_VERIFICATION_RECOMMENDED",
        "period": "2020_2026",
        "reasons": [
          "HIGH_SCENE_ANOMALY",
          "SPATIAL_ANOMALY",
          "VEG_BUILTUP_COHERENCE",
          "VEGETATION_LOSS",
          "BUILTUP_SENSITIVE_CHANGE",
          "WATER_CHANGE",
          "PERSISTENT_CHANGE",
          "STRONG_CHANGE_MAGNITUDE",
          "CYCLICAL_REVERSAL_DAMPENED"
        ],
        "overall_anomaly": 0.9262,
        "headline": "Strong and persistent land-cover change"
      }
    },
    {
      "type": "Feature",
      "geometry": {
        "type": "Point",
        "coordinates": [
          78.464131,
          17.427008
        ]
      },
      "properties": {
        "grid_id": "HYD_0713",
        "rank": 6,
        "priority_score": 0.7988,
        "priority_level": "HIGH",
        "recommendation": "FIELD_VERIFICATION_RECOMMENDED",
        "period": "2020_2026",
        "reasons": [
          "HIGH_SCENE_ANOMALY",
          "VEG_BUILTUP_COHERENCE",
          "VEGETATION_LOSS",
          "BUILTUP_SENSITIVE_CHANGE",
          "WATER_CHANGE",
          "PERSISTENT_CHANGE",
          "STRONG_CHANGE_MAGNITUDE",
          "CYCLICAL_REVERSAL_DAMPENED"
        ],
        "overall_anomaly": 0.8117,
        "headline": "Strong and persistent land-cover change"
      }
    },
    {
      "type": "Feature",
      "geometry": {
        "type": "Point",
        "coordinates": [
          78.394662,
          17.349796
        ]
      },
      "properties": {
        "grid_id": "HYD_1429",
        "rank": 7,
        "priority_score": 0.7971,
        "priority_level": "HIGH",
        "recommendation": "FIELD_VERIFICATION_RECOMMENDED",
        "period": "2020_2026",
        "reasons": [
          "HIGH_SCENE_ANOMALY",
          "SPATIAL_ANOMALY",
          "VEG_BUILTUP_COHERENCE",
          "VEGETATION_LOSS",
          "BUILTUP_SENSITIVE_CHANGE",
          "PERSISTENT_CHANGE",
          "STRONG_CHANGE_MAGNITUDE",
          "CYCLICAL_REVERSAL_DAMPENED"
        ],
        "overall_anomaly": 0.8098,
        "headline": "Strong and persistent land-cover change"
      }
    },
    {
      "type": "Feature",
      "geometry": {
        "type": "Point",
        "coordinates": [
          78.482884,
          17.431762
        ]
      },
      "properties": {
        "grid_id": "HYD_0674",
        "rank": 8,
        "priority_score": 0.7849,
        "priority_level": "HIGH",
        "recommendation": "FIELD_VERIFICATION_RECOMMENDED",
        "period": "2020_2026",
        "reasons": [
          "HIGH_SCENE_ANOMALY",
          "SPATIAL_ANOMALY",
          "VEG_BUILTUP_COHERENCE",
          "VEGETATION_LOSS",
          "BUILTUP_SENSITIVE_CHANGE",
          "PERSISTENT_CHANGE",
          "STRONG_CHANGE_MAGNITUDE",
          "CYCLICAL_REVERSAL_DAMPENED"
        ],
        "overall_anomaly": 0.8092,
        "headline": "Strong and persistent land-cover change"
      }
    },
    {
      "type": "Feature",
      "geometry": {
        "type": "Point",
        "coordinates": [
          78.468835,
          17.427068
        ]
      },
      "properties": {
        "grid_id": "HYD_0714",
        "rank": 9,
        "priority_score": 0.7834,
        "priority_level": "HIGH",
        "recommendation": "FIELD_VERIFICATION_RECOMMENDED",
        "period": "2020_2026",
        "reasons": [
          "HIGH_SCENE_ANOMALY",
          "SPATIAL_ANOMALY",
          "VEG_BUILTUP_COHERENCE",
          "VEGETATION_LOSS",
          "BUILTUP_SENSITIVE_CHANGE",
          "PERSISTENT_CHANGE",
          "STRONG_CHANGE_MAGNITUDE",
          "CYCLICAL_REVERSAL_DAMPENED"
        ],
        "overall_anomaly": 0.8189,
        "headline": "Strong and persistent land-cover change"
      }
    },
    {
      "type": "Feature",
      "geometry": {
        "type": "Point",
        "coordinates": [
          78.525947,
          17.378109
        ]
      },
      "properties": {
        "grid_id": "HYD_1199",
        "rank": 10,
        "priority_score": 0.7803,
        "priority_level": "HIGH",
        "recommendation": "FIELD_VERIFICATION_RECOMMENDED",
        "period": "2020_2026",
        "reasons": [
          "HIGH_SCENE_ANOMALY",
          "VEG_BUILTUP_COHERENCE",
          "VEGETATION_LOSS",
          "BUILTUP_SENSITIVE_CHANGE",
          "WATER_CHANGE",
          "PERSISTENT_CHANGE",
          "STRONG_CHANGE_MAGNITUDE",
          "CYCLICAL_REVERSAL_DAMPENED"
        ],
        "overall_anomaly": 0.8324,
        "headline": "Strong and persistent land-cover change"
      }
    },
    {
      "type": "Feature",
      "geometry": {
        "type": "Point",
        "coordinates": [
          78.464069,
          17.431523
        ]
      },
      "properties": {
        "grid_id": "HYD_0670",
        "rank": 11,
        "priority_score": 0.7782,
        "priority_level": "HIGH",
        "recommendation": "FIELD_VERIFICATION_RECOMMENDED",
        "period": "2020_2026",
        "reasons": [
          "HIGH_SCENE_ANOMALY",
          "SPATIAL_ANOMALY",
          "VEG_BUILTUP_COHERENCE",
          "VEGETATION_LOSS",
          "BUILTUP_SENSITIVE_CHANGE",
          "PERSISTENT_CHANGE",
          "STRONG_CHANGE_MAGNITUDE",
          "CYCLICAL_REVERSAL_DAMPENED"
        ],
        "overall_anomaly": 0.8136,
        "headline": "Strong and persistent land-cover change"
      }
    },
    {
      "type": "Feature",
      "geometry": {
        "type": "Point",
        "coordinates": [
          78.482946,
          17.427247
        ]
      },
      "properties": {
        "grid_id": "HYD_0717",
        "rank": 12,
        "priority_score": 0.7672,
        "priority_level": "HIGH",
        "recommendation": "FIELD_VERIFICATION_RECOMMENDED",
        "period": "2020_2026",
        "reasons": [
          "HIGH_SCENE_ANOMALY",
          "SPATIAL_ANOMALY",
          "VEG_BUILTUP_COHERENCE",
          "VEGETATION_LOSS",
          "BUILTUP_SENSITIVE_CHANGE",
          "PERSISTENT_CHANGE",
          "STRONG_CHANGE_MAGNITUDE",
          "CYCLICAL_REVERSAL_DAMPENED"
        ],
        "overall_anomaly": 0.7835,
        "headline": "Strong and persistent land-cover change"
      }
    },
    {
      "type": "Feature",
      "geometry": {
        "type": "Point",
        "coordinates": [
          78.468773,
          17.431583
        ]
      },
      "properties": {
        "grid_id": "HYD_0671",
        "rank": 13,
        "priority_score": 0.7646,
        "priority_level": "HIGH",
        "recommendation": "FIELD_VERIFICATION_RECOMMENDED",
        "period": "2020_2026",
        "reasons": [
          "HIGH_SCENE_ANOMALY",
          "SPATIAL_ANOMALY",
          "VEG_BUILTUP_COHERENCE",
          "VEGETATION_LOSS",
          "BUILTUP_SENSITIVE_CHANGE",
          "PERSISTENT_CHANGE",
          "STRONG_CHANGE_MAGNITUDE",
          "CYCLICAL_REVERSAL_DAMPENED"
        ],
        "overall_anomaly": 0.866,
        "headline": "Strong and persistent land-cover change"
      }
    },
    {
      "type": "Feature",
      "geometry": {
        "type": "Point",
        "coordinates": [
          78.37902,
          17.457516
        ]
      },
      "properties": {
        "grid_id": "HYD_0394",
        "rank": 14,
        "priority_score": 0.7585,
        "priority_level": "HIGH",
        "recommendation": "FIELD_VERIFICATION_RECOMMENDED",
        "period": "2020_2026",
        "reasons": [
          "HIGH_SCENE_ANOMALY",
          "SPATIAL_ANOMALY",
          "VEG_BUILTUP_COHERENCE",
          "VEGETATION_LOSS",
          "BUILTUP_SENSITIVE_CHANGE",
          "PERSISTENT_CHANGE",
          "STRONG_CHANGE_MAGNITUDE",
          "CYCLICAL_REVERSAL_DAMPENED"
        ],
        "overall_anomaly": 0.8939,
        "headline": "Strong and persistent land-cover change"
      }
    },
    {
      "type": "Feature",
      "geometry": {
        "type": "Point",
        "coordinates": [
          78.407052,
          17.471431
        ]
      },
      "properties": {
        "grid_id": "HYD_0271",
        "rank": 15,
        "priority_score": 0.7428,
        "priority_level": "HIGH",
        "recommendation": "FIELD_VERIFICATION_RECOMMENDED",
        "period": "2020_2026",
        "reasons": [
          "HIGH_SCENE_ANOMALY",
          "SPATIAL_ANOMALY",
          "VEG_BUILTUP_COHERENCE",
          "VEGETATION_LOSS",
          "BUILTUP_SENSITIVE_CHANGE",
          "WATER_CHANGE",
          "PERSISTENT_CHANGE",
          "STRONG_CHANGE_MAGNITUDE",
          "CYCLICAL_REVERSAL_DAMPENED"
        ],
        "overall_anomaly": 0.8226,
        "headline": "Strong and persistent land-cover change"
      }
    },
    {
      "type": "Feature",
      "geometry": {
        "type": "Point",
        "coordinates": [
          78.360854,
          17.41212
        ]
      },
      "properties": {
        "grid_id": "HYD_0820",
        "rank": 16,
        "priority_score": 0.742,
        "priority_level": "HIGH",
        "recommendation": "FIELD_VERIFICATION_RECOMMENDED",
        "period": "2020_2026",
        "reasons": [
          "HIGH_SCENE_ANOMALY",
          "SPATIAL_ANOMALY",
          "VEG_BUILTUP_COHERENCE",
          "VEGETATION_LOSS",
          "BUILTUP_SENSITIVE_CHANGE",
          "PERSISTENT_CHANGE",
          "STRONG_CHANGE_MAGNITUDE",
          "CYCLICAL_REVERSAL_DAMPENED"
        ],
        "overall_anomaly": 0.8684,
        "headline": "Strong and persistent land-cover change"
      }
    },
    {
      "type": "Feature",
      "geometry": {
        "type": "Point",
        "coordinates": [
          78.521245,
          17.37805
        ]
      },
      "properties": {
        "grid_id": "HYD_1198",
        "rank": 17,
        "priority_score": 0.7389,
        "priority_level": "HIGH",
        "recommendation": "FIELD_VERIFICATION_RECOMMENDED",
        "period": "2020_2026",
        "reasons": [
          "HIGH_SCENE_ANOMALY",
          "SPATIAL_ANOMALY",
          "VEG_BUILTUP_COHERENCE",
          "VEGETATION_LOSS",
          "BUILTUP_SENSITIVE_CHANGE",
          "PERSISTENT_CHANGE",
          "STRONG_CHANGE_MAGNITUDE",
          "CYCLICAL_REVERSAL_DAMPENED"
        ],
        "overall_anomaly": 0.8279,
        "headline": "Strong and persistent land-cover change"
      }
    },
    {
      "type": "Feature",
      "geometry": {
        "type": "Point",
        "coordinates": [
          78.412839,
          17.394738
        ]
      },
      "properties": {
        "grid_id": "HYD_1003",
        "rank": 18,
        "priority_score": 0.7376,
        "priority_level": "HIGH",
        "recommendation": "FIELD_VERIFICATION_RECOMMENDED",
        "period": "2020_2026",
        "reasons": [
          "HIGH_SCENE_ANOMALY",
          "SPATIAL_ANOMALY",
          "VEG_BUILTUP_COHERENCE",
          "VEGETATION_LOSS",
          "BUILTUP_SENSITIVE_CHANGE",
          "WATER_CHANGE",
          "PERSISTENT_CHANGE",
          "STRONG_CHANGE_MAGNITUDE",
          "CYCLICAL_REVERSAL_DAMPENED"
        ],
        "overall_anomaly": 0.9203,
        "headline": "Strong and persistent land-cover change"
      }
    },
    {
      "type": "Feature",
      "geometry": {
        "type": "Point",
        "coordinates": [
          78.359748,
          17.48887
        ]
      },
      "properties": {
        "grid_id": "HYD_0089",
        "rank": 19,
        "priority_score": 0.7375,
        "priority_level": "HIGH",
        "recommendation": "FIELD_VERIFICATION_RECOMMENDED",
        "period": "2020_2026",
        "reasons": [
          "HIGH_SCENE_ANOMALY",
          "SPATIAL_ANOMALY",
          "VEG_BUILTUP_COHERENCE",
          "VEGETATION_LOSS",
          "BUILTUP_SENSITIVE_CHANGE",
          "PERSISTENT_CHANGE",
          "STRONG_CHANGE_MAGNITUDE",
          "CYCLICAL_REVERSAL_DAMPENED"
        ],
        "overall_anomaly": 0.8672,
        "headline": "Strong and persistent land-cover change"
      }
    },
    {
      "type": "Feature",
      "geometry": {
        "type": "Point",
        "coordinates": [
          78.525643,
          17.400685
        ]
      },
      "properties": {
        "grid_id": "HYD_0984",
        "rank": 20,
        "priority_score": 0.7326,
        "priority_level": "HIGH",
        "recommendation": "FIELD_VERIFICATION_RECOMMENDED",
        "period": "2020_2026",
        "reasons": [
          "HIGH_SCENE_ANOMALY",
          "SPATIAL_ANOMALY",
          "VEG_BUILTUP_COHERENCE",
          "VEGETATION_LOSS",
          "BUILTUP_SENSITIVE_CHANGE",
          "PERSISTENT_CHANGE",
          "STRONG_CHANGE_MAGNITUDE",
          "CYCLICAL_REVERSAL_DAMPENED"
        ],
        "overall_anomaly": 0.7773,
        "headline": "Strong and persistent land-cover change"
      }
    },
    {
      "type": "Feature",
      "geometry": {
        "type": "Point",
        "coordinates": [
          78.446196,
          17.363557
        ]
      },
      "properties": {
        "grid_id": "HYD_1311",
        "rank": 21,
        "priority_score": 0.731,
        "priority_level": "HIGH",
        "recommendation": "FIELD_VERIFICATION_RECOMMENDED",
        "period": "2020_2026",
        "reasons": [
          "HIGH_SCENE_ANOMALY",
          "SPATIAL_ANOMALY",
          "VEG_BUILTUP_COHERENCE",
          "VEGETATION_LOSS",
          "BUILTUP_SENSITIVE_CHANGE",
          "STRONG_CHANGE_MAGNITUDE",
          "CYCLICAL_REVERSAL_DAMPENED"
        ],
        "overall_anomaly": 0.9362,
        "headline": "Coherent multi-spectral land-cover alteration"
      }
    },
    {
      "type": "Feature",
      "geometry": {
        "type": "Point",
        "coordinates": [
          78.361048,
          17.398575
        ]
      },
      "properties": {
        "grid_id": "HYD_0949",
        "rank": 22,
        "priority_score": 0.7292,
        "priority_level": "HIGH",
        "recommendation": "FIELD_VERIFICATION_RECOMMENDED",
        "period": "2020_2026",
        "reasons": [
          "HIGH_SCENE_ANOMALY",
          "SPATIAL_ANOMALY",
          "VEG_BUILTUP_COHERENCE",
          "VEGETATION_LOSS",
          "BUILTUP_SENSITIVE_CHANGE",
          "PERSISTENT_CHANGE",
          "STRONG_CHANGE_MAGNITUDE",
          "CYCLICAL_REVERSAL_DAMPENED"
        ],
        "overall_anomaly": 0.8855,
        "headline": "Strong and persistent land-cover change"
      }
    },
    {
      "type": "Feature",
      "geometry": {
        "type": "Point",
        "coordinates": [
          78.416588,
          17.462524
        ]
      },
      "properties": {
        "grid_id": "HYD_0359",
        "rank": 23,
        "priority_score": 0.7283,
        "priority_level": "HIGH",
        "recommendation": "FIELD_VERIFICATION_RECOMMENDED",
        "period": "2020_2026",
        "reasons": [
          "HIGH_SCENE_ANOMALY",
          "SPATIAL_ANOMALY",
          "VEG_BUILTUP_COHERENCE",
          "VEGETATION_LOSS",
          "BUILTUP_SENSITIVE_CHANGE",
          "STRONG_CHANGE_MAGNITUDE",
          "CYCLICAL_REVERSAL_DAMPENED"
        ],
        "overall_anomaly": 1.0,
        "headline": "Coherent multi-spectral land-cover alteration"
      }
    },
    {
      "type": "Feature",
      "geometry": {
        "type": "Point",
        "coordinates": [
          78.441431,
          17.368012
        ]
      },
      "properties": {
        "grid_id": "HYD_1267",
        "rank": 24,
        "priority_score": 0.725,
        "priority_level": "HIGH",
        "recommendation": "FIELD_VERIFICATION_RECOMMENDED",
        "period": "2020_2026",
        "reasons": [
          "HIGH_SCENE_ANOMALY",
          "SPATIAL_ANOMALY",
          "VEG_BUILTUP_COHERENCE",
          "VEGETATION_LOSS",
          "BUILTUP_SENSITIVE_CHANGE",
          "PERSISTENT_CHANGE",
          "STRONG_CHANGE_MAGNITUDE",
          "CYCLICAL_REVERSAL_DAMPENED"
        ],
        "overall_anomaly": 0.9016,
        "headline": "Strong and persistent land-cover change"
      }
    },
    {
      "type": "Feature",
      "geometry": {
        "type": "Point",
        "coordinates": [
          78.502312,
          17.386846
        ]
      },
      "properties": {
        "grid_id": "HYD_1108",
        "rank": 25,
        "priority_score": 0.7225,
        "priority_level": "HIGH",
        "recommendation": "FIELD_VERIFICATION_RECOMMENDED",
        "period": "2020_2026",
        "reasons": [
          "HIGH_SCENE_ANOMALY",
          "SPATIAL_ANOMALY",
          "VEG_BUILTUP_COHERENCE",
          "VEGETATION_LOSS",
          "BUILTUP_SENSITIVE_CHANGE",
          "PERSISTENT_CHANGE",
          "STRONG_CHANGE_MAGNITUDE"
        ],
        "overall_anomaly": 0.8757,
        "headline": "Strong and persistent land-cover change"
      }
    },
    {
      "type": "Feature",
      "geometry": {
        "type": "Point",
        "coordinates": [
          78.464194,
          17.422493
        ]
      },
      "properties": {
        "grid_id": "HYD_0756",
        "rank": 26,
        "priority_score": 0.7149,
        "priority_level": "HIGH",
        "recommendation": "FIELD_VERIFICATION_RECOMMENDED",
        "period": "2020_2026",
        "reasons": [
          "HIGH_SCENE_ANOMALY",
          "SPATIAL_ANOMALY",
          "VEG_BUILTUP_COHERENCE",
          "VEGETATION_LOSS",
          "BUILTUP_SENSITIVE_CHANGE",
          "PERSISTENT_CHANGE",
          "STRONG_CHANGE_MAGNITUDE",
          "CYCLICAL_REVERSAL_DAMPENED"
        ],
        "overall_anomaly": 0.7676,
        "headline": "Strong and persistent land-cover change"
      }
    },
    {
      "type": "Feature",
      "geometry": {
        "type": "Point",
        "coordinates": [
          78.402604,
          17.45331
        ]
      },
      "properties": {
        "grid_id": "HYD_0442",
        "rank": 27,
        "priority_score": 0.7052,
        "priority_level": "HIGH",
        "recommendation": "FIELD_VERIFICATION_RECOMMENDED",
        "period": "2020_2026",
        "reasons": [
          "HIGH_SCENE_ANOMALY",
          "SPATIAL_ANOMALY",
          "VEG_BUILTUP_COHERENCE",
          "VEGETATION_LOSS",
          "BUILTUP_SENSITIVE_CHANGE",
          "PERSISTENT_CHANGE",
          "STRONG_CHANGE_MAGNITUDE",
          "CYCLICAL_REVERSAL_DAMPENED"
        ],
        "overall_anomaly": 0.8317,
        "headline": "Strong and persistent land-cover change"
      }
    },
    {
      "type": "Feature",
      "geometry": {
        "type": "Point",
        "coordinates": [
          78.408518,
          17.367587
        ]
      },
      "properties": {
        "grid_id": "HYD_1260",
        "rank": 28,
        "priority_score": 0.6991,
        "priority_level": "MEDIUM",
        "recommendation": "MONITOR_AND_REVIEW",
        "period": "2020_2026",
        "reasons": [
          "HIGH_SCENE_ANOMALY",
          "SPATIAL_ANOMALY",
          "VEG_BUILTUP_COHERENCE",
          "VEGETATION_LOSS",
          "BUILTUP_SENSITIVE_CHANGE",
          "PERSISTENT_CHANGE",
          "STRONG_CHANGE_MAGNITUDE",
          "CYCLICAL_REVERSAL_DAMPENED"
        ],
        "overall_anomaly": 0.8207,
        "headline": "Strong and persistent land-cover change"
      }
    },
    {
      "type": "Feature",
      "geometry": {
        "type": "Point",
        "coordinates": [
          78.351904,
          17.380392
        ]
      },
      "properties": {
        "grid_id": "HYD_1119",
        "rank": 29,
        "priority_score": 0.6979,
        "priority_level": "MEDIUM",
        "recommendation": "MONITOR_AND_REVIEW",
        "period": "2020_2026",
        "reasons": [
          "HIGH_SCENE_ANOMALY",
          "SPATIAL_ANOMALY",
          "VEG_BUILTUP_COHERENCE",
          "VEGETATION_LOSS",
          "BUILTUP_SENSITIVE_CHANGE",
          "WATER_CHANGE",
          "PERSISTENT_CHANGE",
          "STRONG_CHANGE_MAGNITUDE",
          "CYCLICAL_REVERSAL_DAMPENED"
        ],
        "overall_anomaly": 0.8194,
        "headline": "Strong and persistent land-cover change"
      }
    },
    {
      "type": "Feature",
      "geometry": {
        "type": "Point",
        "coordinates": [
          78.425807,
          17.47619
        ]
      },
      "properties": {
        "grid_id": "HYD_0232",
        "rank": 30,
        "priority_score": 0.6922,
        "priority_level": "MEDIUM",
        "recommendation": "MONITOR_AND_REVIEW",
        "period": "2020_2026",
        "reasons": [
          "HIGH_SCENE_ANOMALY",
          "SPATIAL_ANOMALY",
          "VEG_BUILTUP_COHERENCE",
          "VEGETATION_LOSS",
          "PERSISTENT_CHANGE",
          "STRONG_CHANGE_MAGNITUDE"
        ],
        "overall_anomaly": 0.8303,
        "headline": "Strong and persistent land-cover change"
      }
    },
    {
      "type": "Feature",
      "geometry": {
        "type": "Point",
        "coordinates": [
          78.483626,
          17.37758
        ]
      },
      "properties": {
        "grid_id": "HYD_1190",
        "rank": 31,
        "priority_score": 0.6906,
        "priority_level": "MEDIUM",
        "recommendation": "MONITOR_AND_REVIEW",
        "period": "2020_2026",
        "reasons": [
          "HIGH_SCENE_ANOMALY",
          "SPATIAL_ANOMALY",
          "VEG_BUILTUP_COHERENCE",
          "VEGETATION_LOSS",
          "BUILTUP_SENSITIVE_CHANGE",
          "PERSISTENT_CHANGE",
          "STRONG_CHANGE_MAGNITUDE",
          "CYCLICAL_REVERSAL_DAMPENED"
        ],
        "overall_anomaly": 0.8959,
        "headline": "Strong and persistent land-cover change"
      }
    },
    {
      "type": "Feature",
      "geometry": {
        "type": "Point",
        "coordinates": [
          78.431964,
          17.372406
        ]
      },
      "properties": {
        "grid_id": "HYD_1222",
        "rank": 32,
        "priority_score": 0.6879,
        "priority_level": "MEDIUM",
        "recommendation": "MONITOR_AND_REVIEW",
        "period": "2020_2026",
        "reasons": [
          "HIGH_SCENE_ANOMALY",
          "SPATIAL_ANOMALY",
          "VEG_BUILTUP_COHERENCE",
          "VEGETATION_LOSS",
          "BUILTUP_SENSITIVE_CHANGE",
          "PERSISTENT_CHANGE",
          "STRONG_CHANGE_MAGNITUDE",
          "CYCLICAL_REVERSAL_DAMPENED"
        ],
        "overall_anomaly": 0.8637,
        "headline": "Strong and persistent land-cover change"
      }
    },
    {
      "type": "Feature",
      "geometry": {
        "type": "Point",
        "coordinates": [
          78.436974,
          17.350343
        ]
      },
      "properties": {
        "grid_id": "HYD_1438",
        "rank": 33,
        "priority_score": 0.6866,
        "priority_level": "MEDIUM",
        "recommendation": "MONITOR_AND_REVIEW",
        "period": "2020_2026",
        "reasons": [
          "HIGH_SCENE_ANOMALY",
          "SPATIAL_ANOMALY",
          "WATER_CHANGE",
          "PERSISTENT_CHANGE",
          "STRONG_CHANGE_MAGNITUDE",
          "CYCLICAL_REVERSAL_DAMPENED"
        ],
        "overall_anomaly": 0.8552,
        "headline": "Pronounced localized spectral change anomaly"
      }
    },
    {
      "type": "Feature",
      "geometry": {
        "type": "Point",
        "coordinates": [
          78.413157,
          17.372163
        ]
      },
      "properties": {
        "grid_id": "HYD_1218",
        "rank": 34,
        "priority_score": 0.6835,
        "priority_level": "MEDIUM",
        "recommendation": "MONITOR_AND_REVIEW",
        "period": "2020_2026",
        "reasons": [
          "HIGH_SCENE_ANOMALY",
          "SPATIAL_ANOMALY",
          "VEG_BUILTUP_COHERENCE",
          "VEGETATION_LOSS",
          "BUILTUP_SENSITIVE_CHANGE",
          "PERSISTENT_CHANGE",
          "STRONG_CHANGE_MAGNITUDE",
          "CYCLICAL_REVERSAL_DAMPENED"
        ],
        "overall_anomaly": 0.8633,
        "headline": "Strong and persistent land-cover change"
      }
    },
    {
      "type": "Feature",
      "geometry": {
        "type": "Point",
        "coordinates": [
          78.374962,
          17.412306
        ]
      },
      "properties": {
        "grid_id": "HYD_0823",
        "rank": 35,
        "priority_score": 0.6812,
        "priority_level": "MEDIUM",
        "recommendation": "MONITOR_AND_REVIEW",
        "period": "2020_2026",
        "reasons": [
          "HIGH_SCENE_ANOMALY",
          "SPATIAL_ANOMALY",
          "VEG_BUILTUP_COHERENCE",
          "VEGETATION_LOSS",
          "BUILTUP_SENSITIVE_CHANGE",
          "WATER_CHANGE",
          "PERSISTENT_CHANGE",
          "STRONG_CHANGE_MAGNITUDE",
          "CYCLICAL_REVERSAL_DAMPENED"
        ],
        "overall_anomaly": 0.9085,
        "headline": "Strong and persistent land-cover change"
      }
    },
    {
      "type": "Feature",
      "geometry": {
        "type": "Point",
        "coordinates": [
          78.41341,
          17.354103
        ]
      },
      "properties": {
        "grid_id": "HYD_1390",
        "rank": 36,
        "priority_score": 0.6804,
        "priority_level": "MEDIUM",
        "recommendation": "MONITOR_AND_REVIEW",
        "period": "2020_2026",
        "reasons": [
          "HIGH_SCENE_ANOMALY",
          "SPATIAL_ANOMALY",
          "VEG_BUILTUP_COHERENCE",
          "VEGETATION_LOSS",
          "BUILTUP_SENSITIVE_CHANGE",
          "PERSISTENT_CHANGE",
          "STRONG_CHANGE_MAGNITUDE",
          "CYCLICAL_REVERSAL_DAMPENED"
        ],
        "overall_anomaly": 0.8151,
        "headline": "Strong and persistent land-cover change"
      }
    },
    {
      "type": "Feature",
      "geometry": {
        "type": "Point",
        "coordinates": [
          78.548991,
          17.410006
        ]
      },
      "properties": {
        "grid_id": "HYD_0903",
        "rank": 37,
        "priority_score": 0.675,
        "priority_level": "MEDIUM",
        "recommendation": "MONITOR_AND_REVIEW",
        "period": "2020_2026",
        "reasons": [
          "HIGH_SCENE_ANOMALY",
          "SPATIAL_ANOMALY",
          "VEG_BUILTUP_COHERENCE",
          "VEGETATION_LOSS",
          "BUILTUP_SENSITIVE_CHANGE",
          "PERSISTENT_CHANGE",
          "STRONG_CHANGE_MAGNITUDE",
          "CYCLICAL_REVERSAL_DAMPENED"
        ],
        "overall_anomaly": 0.8954,
        "headline": "Strong and persistent land-cover change"
      }
    },
    {
      "type": "Feature",
      "geometry": {
        "type": "Point",
        "coordinates": [
          78.427262,
          17.372345
        ]
      },
      "properties": {
        "grid_id": "HYD_1221",
        "rank": 38,
        "priority_score": 0.6732,
        "priority_level": "MEDIUM",
        "recommendation": "MONITOR_AND_REVIEW",
        "period": "2020_2026",
        "reasons": [
          "HIGH_SCENE_ANOMALY",
          "SPATIAL_ANOMALY",
          "VEG_BUILTUP_COHERENCE",
          "VEGETATION_LOSS",
          "BUILTUP_SENSITIVE_CHANGE",
          "PERSISTENT_CHANGE",
          "STRONG_CHANGE_MAGNITUDE",
          "CYCLICAL_REVERSAL_DAMPENED"
        ],
        "overall_anomaly": 0.8739,
        "headline": "Strong and persistent land-cover change"
      }
    },
    {
      "type": "Feature",
      "geometry": {
        "type": "Point",
        "coordinates": [
          78.417859,
          17.372224
        ]
      },
      "properties": {
        "grid_id": "HYD_1219",
        "rank": 39,
        "priority_score": 0.6731,
        "priority_level": "MEDIUM",
        "recommendation": "MONITOR_AND_REVIEW",
        "period": "2020_2026",
        "reasons": [
          "HIGH_SCENE_ANOMALY",
          "SPATIAL_ANOMALY",
          "VEG_BUILTUP_COHERENCE",
          "VEGETATION_LOSS",
          "BUILTUP_SENSITIVE_CHANGE",
          "PERSISTENT_CHANGE",
          "STRONG_CHANGE_MAGNITUDE",
          "CYCLICAL_REVERSAL_DAMPENED"
        ],
        "overall_anomaly": 0.8112,
        "headline": "Strong and persistent land-cover change"
      }
    },
    {
      "type": "Feature",
      "geometry": {
        "type": "Point",
        "coordinates": [
          78.534747,
          17.423379
        ]
      },
      "properties": {
        "grid_id": "HYD_0771",
        "rank": 40,
        "priority_score": 0.6703,
        "priority_level": "MEDIUM",
        "recommendation": "MONITOR_AND_REVIEW",
        "period": "2020_2026",
        "reasons": [
          "HIGH_SCENE_ANOMALY",
          "SPATIAL_ANOMALY",
          "VEG_BUILTUP_COHERENCE",
          "VEGETATION_LOSS",
          "BUILTUP_SENSITIVE_CHANGE",
          "PERSISTENT_CHANGE",
          "STRONG_CHANGE_MAGNITUDE",
          "CYCLICAL_REVERSAL_DAMPENED"
        ],
        "overall_anomaly": 0.8159,
        "headline": "Strong and persistent land-cover change"
      }
    },
    {
      "type": "Feature",
      "geometry": {
        "type": "Point",
        "coordinates": [
          78.45485,
          17.417858
        ]
      },
      "properties": {
        "grid_id": "HYD_0797",
        "rank": 41,
        "priority_score": 0.6698,
        "priority_level": "MEDIUM",
        "recommendation": "MONITOR_AND_REVIEW",
        "period": "2020_2026",
        "reasons": [
          "HIGH_SCENE_ANOMALY",
          "SPATIAL_ANOMALY",
          "VEG_BUILTUP_COHERENCE",
          "VEGETATION_LOSS",
          "BUILTUP_SENSITIVE_CHANGE",
          "PERSISTENT_CHANGE",
          "STRONG_CHANGE_MAGNITUDE",
          "CYCLICAL_REVERSAL_DAMPENED"
        ],
        "overall_anomaly": 0.836,
        "headline": "Strong and persistent land-cover change"
      }
    },
    {
      "type": "Feature",
      "geometry": {
        "type": "Point",
        "coordinates": [
          78.411693,
          17.476007
        ]
      },
      "properties": {
        "grid_id": "HYD_0229",
        "rank": 42,
        "priority_score": 0.6691,
        "priority_level": "MEDIUM",
        "recommendation": "MONITOR_AND_REVIEW",
        "period": "2020_2026",
        "reasons": [
          "HIGH_SCENE_ANOMALY",
          "SPATIAL_ANOMALY",
          "VEG_BUILTUP_COHERENCE",
          "VEGETATION_LOSS",
          "BUILTUP_SENSITIVE_CHANGE",
          "PERSISTENT_CHANGE",
          "STRONG_CHANGE_MAGNITUDE",
          "CYCLICAL_REVERSAL_DAMPENED"
        ],
        "overall_anomaly": 0.8438,
        "headline": "Strong and persistent land-cover change"
      }
    },
    {
      "type": "Feature",
      "geometry": {
        "type": "Point",
        "coordinates": [
          78.366074,
          17.376063
        ]
      },
      "properties": {
        "grid_id": "HYD_1165",
        "rank": 43,
        "priority_score": 0.6667,
        "priority_level": "MEDIUM",
        "recommendation": "MONITOR_AND_REVIEW",
        "period": "2020_2026",
        "reasons": [
          "HIGH_SCENE_ANOMALY",
          "SPATIAL_ANOMALY",
          "VEG_BUILTUP_COHERENCE",
          "VEGETATION_LOSS",
          "BUILTUP_SENSITIVE_CHANGE",
          "STRONG_CHANGE_MAGNITUDE",
          "CYCLICAL_REVERSAL_DAMPENED"
        ],
        "overall_anomaly": 0.8415,
        "headline": "Coherent multi-spectral land-cover alteration"
      }
    },
    {
      "type": "Feature",
      "geometry": {
        "type": "Point",
        "coordinates": [
          78.46871,
          17.436098
        ]
      },
      "properties": {
        "grid_id": "HYD_0628",
        "rank": 44,
        "priority_score": 0.6651,
        "priority_level": "MEDIUM",
        "recommendation": "MONITOR_AND_REVIEW",
        "period": "2020_2026",
        "reasons": [
          "HIGH_SCENE_ANOMALY",
          "SPATIAL_ANOMALY",
          "VEG_BUILTUP_COHERENCE",
          "VEGETATION_LOSS",
          "WATER_CHANGE",
          "PERSISTENT_CHANGE",
          "STRONG_CHANGE_MAGNITUDE",
          "CYCLICAL_REVERSAL_DAMPENED"
        ],
        "overall_anomaly": 0.8628,
        "headline": "Strong and persistent land-cover change"
      }
    },
    {
      "type": "Feature",
      "geometry": {
        "type": "Point",
        "coordinates": [
          78.468959,
          17.418038
        ]
      },
      "properties": {
        "grid_id": "HYD_0800",
        "rank": 45,
        "priority_score": 0.6595,
        "priority_level": "MEDIUM",
        "recommendation": "MONITOR_AND_REVIEW",
        "period": "2020_2026",
        "reasons": [
          "HIGH_SCENE_ANOMALY",
          "SPATIAL_ANOMALY",
          "VEG_BUILTUP_COHERENCE",
          "VEGETATION_LOSS",
          "BUILTUP_SENSITIVE_CHANGE",
          "PERSISTENT_CHANGE",
          "STRONG_CHANGE_MAGNITUDE",
          "CYCLICAL_REVERSAL_DAMPENED"
        ],
        "overall_anomaly": 0.7872,
        "headline": "Strong and persistent land-cover change"
      }
    },
    {
      "type": "Feature",
      "geometry": {
        "type": "Point",
        "coordinates": [
          78.506402,
          17.432058
        ]
      },
      "properties": {
        "grid_id": "HYD_0679",
        "rank": 46,
        "priority_score": 0.6589,
        "priority_level": "MEDIUM",
        "recommendation": "MONITOR_AND_REVIEW",
        "period": "2020_2026",
        "reasons": [
          "HIGH_SCENE_ANOMALY",
          "SPATIAL_ANOMALY",
          "VEG_BUILTUP_COHERENCE",
          "VEGETATION_LOSS",
          "BUILTUP_SENSITIVE_CHANGE",
          "PERSISTENT_CHANGE",
          "STRONG_CHANGE_MAGNITUDE",
          "CYCLICAL_REVERSAL_DAMPENED"
        ],
        "overall_anomaly": 0.8107,
        "headline": "Strong and persistent land-cover change"
      }
    },
    {
      "type": "Feature",
      "geometry": {
        "type": "Point",
        "coordinates": [
          78.468897,
          17.422553
        ]
      },
      "properties": {
        "grid_id": "HYD_0757",
        "rank": 47,
        "priority_score": 0.657,
        "priority_level": "MEDIUM",
        "recommendation": "MONITOR_AND_REVIEW",
        "period": "2020_2026",
        "reasons": [
          "HIGH_SCENE_ANOMALY",
          "SPATIAL_ANOMALY",
          "VEG_BUILTUP_COHERENCE",
          "VEGETATION_LOSS",
          "BUILTUP_SENSITIVE_CHANGE",
          "PERSISTENT_CHANGE",
          "STRONG_CHANGE_MAGNITUDE",
          "CYCLICAL_REVERSAL_DAMPENED"
        ],
        "overall_anomaly": 0.812,
        "headline": "Strong and persistent land-cover change"
      }
    },
    {
      "type": "Feature",
      "geometry": {
        "type": "Point",
        "coordinates": [
          78.507015,
          17.386905
        ]
      },
      "properties": {
        "grid_id": "HYD_1109",
        "rank": 48,
        "priority_score": 0.6544,
        "priority_level": "MEDIUM",
        "recommendation": "MONITOR_AND_REVIEW",
        "period": "2020_2026",
        "reasons": [
          "HIGH_SCENE_ANOMALY",
          "SPATIAL_ANOMALY",
          "VEG_BUILTUP_COHERENCE",
          "VEGETATION_LOSS",
          "PERSISTENT_CHANGE",
          "STRONG_CHANGE_MAGNITUDE",
          "CYCLICAL_REVERSAL_DAMPENED"
        ],
        "overall_anomaly": 0.8714,
        "headline": "Strong and persistent land-cover change"
      }
    },
    {
      "type": "Feature",
      "geometry": {
        "type": "Point",
        "coordinates": [
          78.406924,
          17.480461
        ]
      },
      "properties": {
        "grid_id": "HYD_0185",
        "rank": 49,
        "priority_score": 0.6533,
        "priority_level": "MEDIUM",
        "recommendation": "MONITOR_AND_REVIEW",
        "period": "2020_2026",
        "reasons": [
          "HIGH_SCENE_ANOMALY",
          "SPATIAL_ANOMALY",
          "VEG_BUILTUP_COHERENCE",
          "VEGETATION_LOSS",
          "BUILTUP_SENSITIVE_CHANGE",
          "PERSISTENT_CHANGE",
          "STRONG_CHANGE_MAGNITUDE",
          "CYCLICAL_REVERSAL_DAMPENED"
        ],
        "overall_anomaly": 0.808,
        "headline": "Strong and persistent land-cover change"
      }
    },
    {
      "type": "Feature",
      "geometry": {
        "type": "Point",
        "coordinates": [
          78.360789,
          17.416634
        ]
      },
      "properties": {
        "grid_id": "HYD_0777",
        "rank": 50,
        "priority_score": 0.6513,
        "priority_level": "MEDIUM",
        "recommendation": "MONITOR_AND_REVIEW",
        "period": "2020_2026",
        "reasons": [
          "HIGH_SCENE_ANOMALY",
          "SPATIAL_ANOMALY",
          "VEG_BUILTUP_COHERENCE",
          "VEGETATION_LOSS",
          "BUILTUP_SENSITIVE_CHANGE",
          "PERSISTENT_CHANGE",
          "STRONG_CHANGE_MAGNITUDE",
          "CYCLICAL_REVERSAL_DAMPENED"
        ],
        "overall_anomaly": 0.8457,
        "headline": "Strong and persistent land-cover change"
      }
    },
    {
      "type": "Feature",
      "geometry": {
        "type": "Point",
        "coordinates": [
          78.473414,
          17.436158
        ]
      },
      "properties": {
        "grid_id": "HYD_0629",
        "rank": 51,
        "priority_score": 0.6512,
        "priority_level": "MEDIUM",
        "recommendation": "MONITOR_AND_REVIEW",
        "period": "2020_2026",
        "reasons": [
          "HIGH_SCENE_ANOMALY",
          "SPATIAL_ANOMALY",
          "VEG_BUILTUP_COHERENCE",
          "VEGETATION_LOSS",
          "PERSISTENT_CHANGE",
          "STRONG_CHANGE_MAGNITUDE",
          "CYCLICAL_REVERSAL_DAMPENED"
        ],
        "overall_anomaly": 0.8315,
        "headline": "Strong and persistent land-cover change"
      }
    },
    {
      "type": "Feature",
      "geometry": {
        "type": "Point",
        "coordinates": [
          78.408582,
          17.363072
        ]
      },
      "properties": {
        "grid_id": "HYD_1303",
        "rank": 52,
        "priority_score": 0.6458,
        "priority_level": "MEDIUM",
        "recommendation": "MONITOR_AND_REVIEW",
        "period": "2020_2026",
        "reasons": [
          "HIGH_SCENE_ANOMALY",
          "SPATIAL_ANOMALY",
          "VEG_BUILTUP_COHERENCE",
          "VEGETATION_LOSS",
          "BUILTUP_SENSITIVE_CHANGE",
          "STRONG_CHANGE_MAGNITUDE",
          "CYCLICAL_REVERSAL_DAMPENED"
        ],
        "overall_anomaly": 0.8463,
        "headline": "Coherent multi-spectral land-cover alteration"
      }
    },
    {
      "type": "Feature",
      "geometry": {
        "type": "Point",
        "coordinates": [
          78.403243,
          17.408161
        ]
      },
      "properties": {
        "grid_id": "HYD_0872",
        "rank": 53,
        "priority_score": 0.6406,
        "priority_level": "MEDIUM",
        "recommendation": "MONITOR_AND_REVIEW",
        "period": "2020_2026",
        "reasons": [
          "HIGH_SCENE_ANOMALY",
          "SPATIAL_ANOMALY",
          "VEG_BUILTUP_COHERENCE",
          "VEGETATION_LOSS",
          "PERSISTENT_CHANGE",
          "STRONG_CHANGE_MAGNITUDE",
          "CYCLICAL_REVERSAL_DAMPENED"
        ],
        "overall_anomaly": 0.8922,
        "headline": "Strong and persistent land-cover change"
      }
    },
    {
      "type": "Feature",
      "geometry": {
        "type": "Point",
        "coordinates": [
          78.41303,
          17.381193
        ]
      },
      "properties": {
        "grid_id": "HYD_1132",
        "rank": 54,
        "priority_score": 0.6404,
        "priority_level": "MEDIUM",
        "recommendation": "MONITOR_AND_REVIEW",
        "period": "2020_2026",
        "reasons": [
          "HIGH_SCENE_ANOMALY",
          "SPATIAL_ANOMALY",
          "VEG_BUILTUP_COHERENCE",
          "VEGETATION_LOSS",
          "BUILTUP_SENSITIVE_CHANGE",
          "PERSISTENT_CHANGE",
          "STRONG_CHANGE_MAGNITUDE"
        ],
        "overall_anomaly": 0.827,
        "headline": "Strong and persistent land-cover change"
      }
    },
    {
      "type": "Feature",
      "geometry": {
        "type": "Point",
        "coordinates": [
          78.416461,
          17.471553
        ]
      },
      "properties": {
        "grid_id": "HYD_0273",
        "rank": 55,
        "priority_score": 0.639,
        "priority_level": "MEDIUM",
        "recommendation": "MONITOR_AND_REVIEW",
        "period": "2020_2026",
        "reasons": [
          "HIGH_SCENE_ANOMALY",
          "SPATIAL_ANOMALY",
          "VEGETATION_LOSS",
          "WATER_CHANGE",
          "PERSISTENT_CHANGE",
          "STRONG_CHANGE_MAGNITUDE",
          "CYCLICAL_REVERSAL_DAMPENED"
        ],
        "overall_anomaly": 0.7877,
        "headline": "Pronounced localized spectral change anomaly"
      }
    },
    {
      "type": "Feature",
      "geometry": {
        "type": "Point",
        "coordinates": [
          78.47818,
          17.431703
        ]
      },
      "properties": {
        "grid_id": "HYD_0673",
        "rank": 56,
        "priority_score": 0.6388,
        "priority_level": "MEDIUM",
        "recommendation": "MONITOR_AND_REVIEW",
        "period": "2020_2026",
        "reasons": [
          "HIGH_SCENE_ANOMALY",
          "SPATIAL_ANOMALY",
          "VEG_BUILTUP_COHERENCE",
          "VEGETATION_LOSS",
          "BUILTUP_SENSITIVE_CHANGE",
          "PERSISTENT_CHANGE",
          "STRONG_CHANGE_MAGNITUDE",
          "CYCLICAL_REVERSAL_DAMPENED"
        ],
        "overall_anomaly": 0.7815,
        "headline": "Strong and persistent land-cover change"
      }
    },
    {
      "type": "Feature",
      "geometry": {
        "type": "Point",
        "coordinates": [
          78.379922,
          17.394308
        ]
      },
      "properties": {
        "grid_id": "HYD_0996",
        "rank": 57,
        "priority_score": 0.6385,
        "priority_level": "MEDIUM",
        "recommendation": "MONITOR_AND_REVIEW",
        "period": "2020_2026",
        "reasons": [
          "HIGH_SCENE_ANOMALY",
          "SPATIAL_ANOMALY",
          "VEG_BUILTUP_COHERENCE",
          "VEGETATION_LOSS",
          "PERSISTENT_CHANGE",
          "STRONG_CHANGE_MAGNITUDE",
          "CYCLICAL_REVERSAL_DAMPENED"
        ],
        "overall_anomaly": 0.8449,
        "headline": "Strong and persistent land-cover change"
      }
    },
    {
      "type": "Feature",
      "geometry": {
        "type": "Point",
        "coordinates": [
          78.379729,
          17.407853
        ]
      },
      "properties": {
        "grid_id": "HYD_0867",
        "rank": 58,
        "priority_score": 0.6372,
        "priority_level": "MEDIUM",
        "recommendation": "MONITOR_AND_REVIEW",
        "period": "2020_2026",
        "reasons": [
          "HIGH_SCENE_ANOMALY",
          "SPATIAL_ANOMALY",
          "VEG_BUILTUP_COHERENCE",
          "VEGETATION_LOSS",
          "BUILTUP_SENSITIVE_CHANGE",
          "STRONG_CHANGE_MAGNITUDE",
          "CYCLICAL_REVERSAL_DAMPENED"
        ],
        "overall_anomaly": 0.8083,
        "headline": "Coherent multi-spectral land-cover alteration"
      }
    },
    {
      "type": "Feature",
      "geometry": {
        "type": "Point",
        "coordinates": [
          78.530043,
          17.423321
        ]
      },
      "properties": {
        "grid_id": "HYD_0770",
        "rank": 59,
        "priority_score": 0.636,
        "priority_level": "MEDIUM",
        "recommendation": "MONITOR_AND_REVIEW",
        "period": "2020_2026",
        "reasons": [
          "HIGH_SCENE_ANOMALY",
          "SPATIAL_ANOMALY",
          "VEG_BUILTUP_COHERENCE",
          "VEGETATION_LOSS",
          "BUILTUP_SENSITIVE_CHANGE",
          "PERSISTENT_CHANGE",
          "STRONG_CHANGE_MAGNITUDE",
          "CYCLICAL_REVERSAL_DAMPENED"
        ],
        "overall_anomaly": 0.7966,
        "headline": "Strong and persistent land-cover change"
      }
    },
    {
      "type": "Feature",
      "geometry": {
        "type": "Point",
        "coordinates": [
          78.549353,
          17.382913
        ]
      },
      "properties": {
        "grid_id": "HYD_1161",
        "rank": 60,
        "priority_score": 0.6357,
        "priority_level": "MEDIUM",
        "recommendation": "MONITOR_AND_REVIEW",
        "period": "2020_2026",
        "reasons": [
          "HIGH_SCENE_ANOMALY",
          "SPATIAL_ANOMALY",
          "VEG_BUILTUP_COHERENCE",
          "VEGETATION_LOSS",
          "BUILTUP_SENSITIVE_CHANGE",
          "PERSISTENT_CHANGE",
          "STRONG_CHANGE_MAGNITUDE",
          "CYCLICAL_REVERSAL_DAMPENED"
        ],
        "overall_anomaly": 0.8384,
        "headline": "Strong and persistent land-cover change"
      }
    },
    {
      "type": "Feature",
      "geometry": {
        "type": "Point",
        "coordinates": [
          78.411757,
          17.471492
        ]
      },
      "properties": {
        "grid_id": "HYD_0272",
        "rank": 61,
        "priority_score": 0.6356,
        "priority_level": "MEDIUM",
        "recommendation": "MONITOR_AND_REVIEW",
        "period": "2020_2026",
        "reasons": [
          "HIGH_SCENE_ANOMALY",
          "SPATIAL_ANOMALY",
          "VEG_BUILTUP_COHERENCE",
          "VEGETATION_LOSS",
          "BUILTUP_SENSITIVE_CHANGE",
          "WATER_CHANGE",
          "PERSISTENT_CHANGE",
          "STRONG_CHANGE_MAGNITUDE",
          "CYCLICAL_REVERSAL_DAMPENED"
        ],
        "overall_anomaly": 0.7993,
        "headline": "Strong and persistent land-cover change"
      }
    },
    {
      "type": "Feature",
      "geometry": {
        "type": "Point",
        "coordinates": [
          78.497671,
          17.382272
        ]
      },
      "properties": {
        "grid_id": "HYD_1150",
        "rank": 62,
        "priority_score": 0.6354,
        "priority_level": "MEDIUM",
        "recommendation": "MONITOR_AND_REVIEW",
        "period": "2020_2026",
        "reasons": [
          "HIGH_SCENE_ANOMALY",
          "SPATIAL_ANOMALY",
          "VEG_BUILTUP_COHERENCE",
          "VEGETATION_LOSS",
          "PERSISTENT_CHANGE",
          "STRONG_CHANGE_MAGNITUDE",
          "CYCLICAL_REVERSAL_DAMPENED"
        ],
        "overall_anomaly": 0.8248,
        "headline": "Strong and persistent land-cover change"
      }
    },
    {
      "type": "Feature",
      "geometry": {
        "type": "Point",
        "coordinates": [
          78.417732,
          17.381254
        ]
      },
      "properties": {
        "grid_id": "HYD_1133",
        "rank": 63,
        "priority_score": 0.6332,
        "priority_level": "MEDIUM",
        "recommendation": "MONITOR_AND_REVIEW",
        "period": "2020_2026",
        "reasons": [
          "HIGH_SCENE_ANOMALY",
          "SPATIAL_ANOMALY",
          "VEG_BUILTUP_COHERENCE",
          "VEGETATION_LOSS",
          "BUILTUP_SENSITIVE_CHANGE",
          "STRONG_CHANGE_MAGNITUDE",
          "CYCLICAL_REVERSAL_DAMPENED"
        ],
        "overall_anomaly": 0.8679,
        "headline": "Coherent multi-spectral land-cover alteration"
      }
    },
    {
      "type": "Feature",
      "geometry": {
        "type": "Point",
        "coordinates": [
          78.446377,
          17.350463
        ]
      },
      "properties": {
        "grid_id": "HYD_1440",
        "rank": 64,
        "priority_score": 0.6318,
        "priority_level": "MEDIUM",
        "recommendation": "MONITOR_AND_REVIEW",
        "period": "2020_2026",
        "reasons": [
          "HIGH_SCENE_ANOMALY",
          "SPATIAL_ANOMALY",
          "VEG_BUILTUP_COHERENCE",
          "VEGETATION_LOSS",
          "BUILTUP_SENSITIVE_CHANGE",
          "PERSISTENT_CHANGE",
          "STRONG_CHANGE_MAGNITUDE",
          "CYCLICAL_REVERSAL_DAMPENED"
        ],
        "overall_anomaly": 0.8695,
        "headline": "Strong and persistent land-cover change"
      }
    },
    {
      "type": "Feature",
      "geometry": {
        "type": "Point",
        "coordinates": [
          78.370647,
          17.385155
        ]
      },
      "properties": {
        "grid_id": "HYD_1080",
        "rank": 65,
        "priority_score": 0.6309,
        "priority_level": "MEDIUM",
        "recommendation": "MONITOR_AND_REVIEW",
        "period": "2020_2026",
        "reasons": [
          "HIGH_SCENE_ANOMALY",
          "SPATIAL_ANOMALY",
          "VEG_BUILTUP_COHERENCE",
          "VEGETATION_LOSS",
          "PERSISTENT_CHANGE",
          "STRONG_CHANGE_MAGNITUDE",
          "CYCLICAL_REVERSAL_DAMPENED"
        ],
        "overall_anomaly": 0.8391,
        "headline": "Strong and persistent land-cover change"
      }
    },
    {
      "type": "Feature",
      "geometry": {
        "type": "Point",
        "coordinates": [
          78.364453,
          17.488933
        ]
      },
      "properties": {
        "grid_id": "HYD_0090",
        "rank": 66,
        "priority_score": 0.6308,
        "priority_level": "MEDIUM",
        "recommendation": "MONITOR_AND_REVIEW",
        "period": "2020_2026",
        "reasons": [
          "HIGH_SCENE_ANOMALY",
          "SPATIAL_ANOMALY",
          "VEG_BUILTUP_COHERENCE",
          "VEGETATION_LOSS",
          "BUILTUP_SENSITIVE_CHANGE",
          "PERSISTENT_CHANGE",
          "STRONG_CHANGE_MAGNITUDE",
          "CYCLICAL_REVERSAL_DAMPENED"
        ],
        "overall_anomaly": 0.8922,
        "headline": "Strong and persistent land-cover change"
      }
    },
    {
      "type": "Feature",
      "geometry": {
        "type": "Point",
        "coordinates": [
          78.360984,
          17.40309
        ]
      },
      "properties": {
        "grid_id": "HYD_0906",
        "rank": 67,
        "priority_score": 0.6264,
        "priority_level": "MEDIUM",
        "recommendation": "MONITOR_AND_REVIEW",
        "period": "2020_2026",
        "reasons": [
          "HIGH_SCENE_ANOMALY",
          "SPATIAL_ANOMALY",
          "VEG_BUILTUP_COHERENCE",
          "VEGETATION_LOSS",
          "PERSISTENT_CHANGE",
          "STRONG_CHANGE_MAGNITUDE",
          "CYCLICAL_REVERSAL_DAMPENED"
        ],
        "overall_anomaly": 0.8705,
        "headline": "Strong and persistent land-cover change"
      }
    },
    {
      "type": "Feature",
      "geometry": {
        "type": "Point",
        "coordinates": [
          78.446321,
          17.354526
        ]
      },
      "properties": {
        "grid_id": "HYD_1397",
        "rank": 68,
        "priority_score": 0.6262,
        "priority_level": "MEDIUM",
        "recommendation": "MONITOR_AND_REVIEW",
        "period": "2020_2026",
        "reasons": [
          "HIGH_SCENE_ANOMALY",
          "SPATIAL_ANOMALY",
          "VEG_BUILTUP_COHERENCE",
          "VEGETATION_LOSS",
          "BUILTUP_SENSITIVE_CHANGE",
          "STRONG_CHANGE_MAGNITUDE",
          "CYCLICAL_REVERSAL_DAMPENED"
        ],
        "overall_anomaly": 0.8308,
        "headline": "Coherent multi-spectral land-cover alteration"
      }
    },
    {
      "type": "Feature",
      "geometry": {
        "type": "Point",
        "coordinates": [
          78.402476,
          17.46234
        ]
      },
      "properties": {
        "grid_id": "HYD_0356",
        "rank": 69,
        "priority_score": 0.6241,
        "priority_level": "MEDIUM",
        "recommendation": "MONITOR_AND_REVIEW",
        "period": "2020_2026",
        "reasons": [
          "HIGH_SCENE_ANOMALY",
          "SPATIAL_ANOMALY",
          "VEG_BUILTUP_COHERENCE",
          "VEGETATION_LOSS",
          "BUILTUP_SENSITIVE_CHANGE",
          "STRONG_CHANGE_MAGNITUDE",
          "CYCLICAL_REVERSAL_DAMPENED"
        ],
        "overall_anomaly": 0.865,
        "headline": "Coherent multi-spectral land-cover alteration"
      }
    },
    {
      "type": "Feature",
      "geometry": {
        "type": "Point",
        "coordinates": [
          78.515749,
          17.436691
        ]
      },
      "properties": {
        "grid_id": "HYD_0638",
        "rank": 70,
        "priority_score": 0.6233,
        "priority_level": "MEDIUM",
        "recommendation": "MONITOR_AND_REVIEW",
        "period": "2020_2026",
        "reasons": [
          "HIGH_SCENE_ANOMALY",
          "SPATIAL_ANOMALY",
          "VEG_BUILTUP_COHERENCE",
          "VEGETATION_LOSS",
          "BUILTUP_SENSITIVE_CHANGE",
          "PERSISTENT_CHANGE",
          "STRONG_CHANGE_MAGNITUDE",
          "CYCLICAL_REVERSAL_DAMPENED"
        ],
        "overall_anomaly": 0.8053,
        "headline": "Strong and persistent land-cover change"
      }
    },
    {
      "type": "Feature",
      "geometry": {
        "type": "Point",
        "coordinates": [
          78.441676,
          17.350403
        ]
      },
      "properties": {
        "grid_id": "HYD_1439",
        "rank": 71,
        "priority_score": 0.6205,
        "priority_level": "MEDIUM",
        "recommendation": "MONITOR_AND_REVIEW",
        "period": "2020_2026",
        "reasons": [
          "HIGH_SCENE_ANOMALY",
          "SPATIAL_ANOMALY",
          "VEG_BUILTUP_COHERENCE",
          "VEGETATION_LOSS",
          "STRONG_CHANGE_MAGNITUDE",
          "CYCLICAL_REVERSAL_DAMPENED"
        ],
        "overall_anomaly": 0.8742,
        "headline": "Coherent multi-spectral land-cover alteration"
      }
    },
    {
      "type": "Feature",
      "geometry": {
        "type": "Point",
        "coordinates": [
          78.416206,
          17.489613
        ]
      },
      "properties": {
        "grid_id": "HYD_0101",
        "rank": 72,
        "priority_score": 0.6194,
        "priority_level": "MEDIUM",
        "recommendation": "MONITOR_AND_REVIEW",
        "period": "2020_2026",
        "reasons": [
          "HIGH_SCENE_ANOMALY",
          "SPATIAL_ANOMALY",
          "VEG_BUILTUP_COHERENCE",
          "VEGETATION_LOSS",
          "PERSISTENT_CHANGE",
          "STRONG_CHANGE_MAGNITUDE",
          "CYCLICAL_REVERSAL_DAMPENED"
        ],
        "overall_anomaly": 0.7839,
        "headline": "Strong and persistent land-cover change"
      }
    },
    {
      "type": "Feature",
      "geometry": {
        "type": "Point",
        "coordinates": [
          78.545112,
          17.3517
        ]
      },
      "properties": {
        "grid_id": "HYD_1461",
        "rank": 73,
        "priority_score": 0.6192,
        "priority_level": "MEDIUM",
        "recommendation": "MONITOR_AND_REVIEW",
        "period": "2020_2026",
        "reasons": [
          "HIGH_SCENE_ANOMALY",
          "SPATIAL_ANOMALY",
          "VEGETATION_LOSS",
          "WATER_CHANGE",
          "PERSISTENT_CHANGE",
          "STRONG_CHANGE_MAGNITUDE"
        ],
        "overall_anomaly": 0.7991,
        "headline": "Pronounced localized spectral change anomaly"
      }
    },
    {
      "type": "Feature",
      "geometry": {
        "type": "Point",
        "coordinates": [
          78.478985,
          17.373005
        ]
      },
      "properties": {
        "grid_id": "HYD_1232",
        "rank": 74,
        "priority_score": 0.6172,
        "priority_level": "MEDIUM",
        "recommendation": "MONITOR_AND_REVIEW",
        "period": "2020_2026",
        "reasons": [
          "HIGH_SCENE_ANOMALY",
          "SPATIAL_ANOMALY",
          "VEG_BUILTUP_COHERENCE",
          "VEGETATION_LOSS",
          "STRONG_CHANGE_MAGNITUDE",
          "CYCLICAL_REVERSAL_DAMPENED"
        ],
        "overall_anomaly": 0.8908,
        "headline": "Coherent multi-spectral land-cover alteration"
      }
    },
    {
      "type": "Feature",
      "geometry": {
        "type": "Point",
        "coordinates": [
          78.356606,
          17.380454
        ]
      },
      "properties": {
        "grid_id": "HYD_1120",
        "rank": 75,
        "priority_score": 0.6168,
        "priority_level": "MEDIUM",
        "recommendation": "MONITOR_AND_REVIEW",
        "period": "2020_2026",
        "reasons": [
          "HIGH_SCENE_ANOMALY",
          "SPATIAL_ANOMALY",
          "VEG_BUILTUP_COHERENCE",
          "VEGETATION_LOSS",
          "STRONG_CHANGE_MAGNITUDE",
          "CYCLICAL_REVERSAL_DAMPENED"
        ],
        "overall_anomaly": 0.8812,
        "headline": "Coherent multi-spectral land-cover alteration"
      }
    },
    {
      "type": "Feature",
      "geometry": {
        "type": "Point",
        "coordinates": [
          78.544697,
          17.382856
        ]
      },
      "properties": {
        "grid_id": "HYD_1160",
        "rank": 76,
        "priority_score": 0.6163,
        "priority_level": "MEDIUM",
        "recommendation": "MONITOR_AND_REVIEW",
        "period": "2020_2026",
        "reasons": [
          "HIGH_SCENE_ANOMALY",
          "SPATIAL_ANOMALY",
          "VEG_BUILTUP_COHERENCE",
          "VEGETATION_LOSS",
          "BUILTUP_SENSITIVE_CHANGE",
          "STRONG_CHANGE_MAGNITUDE",
          "CYCLICAL_REVERSAL_DAMPENED"
        ],
        "overall_anomaly": 0.8418,
        "headline": "Coherent multi-spectral land-cover alteration"
      }
    },
    {
      "type": "Feature",
      "geometry": {
        "type": "Point",
        "coordinates": [
          78.548931,
          17.414521
        ]
      },
      "properties": {
        "grid_id": "HYD_0860",
        "rank": 77,
        "priority_score": 0.6162,
        "priority_level": "MEDIUM",
        "recommendation": "MONITOR_AND_REVIEW",
        "period": "2020_2026",
        "reasons": [
          "HIGH_SCENE_ANOMALY",
          "VEG_BUILTUP_COHERENCE",
          "VEGETATION_LOSS",
          "BUILTUP_SENSITIVE_CHANGE",
          "PERSISTENT_CHANGE",
          "STRONG_CHANGE_MAGNITUDE",
          "CYCLICAL_REVERSAL_DAMPENED"
        ],
        "overall_anomaly": 0.764,
        "headline": "Strong and persistent land-cover change"
      }
    },
    {
      "type": "Feature",
      "geometry": {
        "type": "Point",
        "coordinates": [
          78.524791,
          17.4639
        ]
      },
      "properties": {
        "grid_id": "HYD_0382",
        "rank": 78,
        "priority_score": 0.6152,
        "priority_level": "MEDIUM",
        "recommendation": "MONITOR_AND_REVIEW",
        "period": "2020_2026",
        "reasons": [
          "HIGH_SCENE_ANOMALY",
          "VEG_BUILTUP_COHERENCE",
          "VEGETATION_LOSS",
          "BUILTUP_SENSITIVE_CHANGE",
          "PERSISTENT_CHANGE",
          "STRONG_CHANGE_MAGNITUDE",
          "CYCLICAL_REVERSAL_DAMPENED"
        ],
        "overall_anomaly": 0.7851,
        "headline": "Strong and persistent land-cover change"
      }
    },
    {
      "type": "Feature",
      "geometry": {
        "type": "Point",
        "coordinates": [
          78.45096,
          17.359102
        ]
      },
      "properties": {
        "grid_id": "HYD_1355",
        "rank": 79,
        "priority_score": 0.6151,
        "priority_level": "MEDIUM",
        "recommendation": "MONITOR_AND_REVIEW",
        "period": "2020_2026",
        "reasons": [
          "HIGH_SCENE_ANOMALY",
          "SPATIAL_ANOMALY",
          "VEG_BUILTUP_COHERENCE",
          "VEGETATION_LOSS",
          "BUILTUP_SENSITIVE_CHANGE",
          "STRONG_CHANGE_MAGNITUDE",
          "CYCLICAL_REVERSAL_DAMPENED"
        ],
        "overall_anomaly": 0.8286,
        "headline": "Coherent multi-spectral land-cover alteration"
      }
    },
    {
      "type": "Feature",
      "geometry": {
        "type": "Point",
        "coordinates": [
          78.548871,
          17.419037
        ]
      },
      "properties": {
        "grid_id": "HYD_0817",
        "rank": 80,
        "priority_score": 0.6146,
        "priority_level": "MEDIUM",
        "recommendation": "MONITOR_AND_REVIEW",
        "period": "2020_2026",
        "reasons": [
          "HIGH_SCENE_ANOMALY",
          "VEG_BUILTUP_COHERENCE",
          "VEGETATION_LOSS",
          "BUILTUP_SENSITIVE_CHANGE",
          "PERSISTENT_CHANGE",
          "STRONG_CHANGE_MAGNITUDE"
        ],
        "overall_anomaly": 0.7646,
        "headline": "Strong and persistent land-cover change"
      }
    },
    {
      "type": "Feature",
      "geometry": {
        "type": "Point",
        "coordinates": [
          78.52088,
          17.405142
        ]
      },
      "properties": {
        "grid_id": "HYD_0940",
        "rank": 81,
        "priority_score": 0.6131,
        "priority_level": "MEDIUM",
        "recommendation": "MONITOR_AND_REVIEW",
        "period": "2020_2026",
        "reasons": [
          "HIGH_SCENE_ANOMALY",
          "SPATIAL_ANOMALY",
          "VEG_BUILTUP_COHERENCE",
          "VEGETATION_LOSS",
          "BUILTUP_SENSITIVE_CHANGE",
          "PERSISTENT_CHANGE",
          "STRONG_CHANGE_MAGNITUDE",
          "CYCLICAL_REVERSAL_DAMPENED"
        ],
        "overall_anomaly": 0.7986,
        "headline": "Strong and persistent land-cover change"
      }
    },
    {
      "type": "Feature",
      "geometry": {
        "type": "Point",
        "coordinates": [
          78.54869,
          17.432583
        ]
      },
      "properties": {
        "grid_id": "HYD_0688",
        "rank": 82,
        "priority_score": 0.6125,
        "priority_level": "MEDIUM",
        "recommendation": "MONITOR_AND_REVIEW",
        "period": "2020_2026",
        "reasons": [
          "HIGH_SCENE_ANOMALY",
          "SPATIAL_ANOMALY",
          "STRONG_CHANGE_MAGNITUDE",
          "CYCLICAL_REVERSAL_DAMPENED"
        ],
        "overall_anomaly": 0.8919,
        "headline": "Pronounced localized spectral change anomaly"
      }
    },
    {
      "type": "Feature",
      "geometry": {
        "type": "Point",
        "coordinates": [
          78.531007,
          17.351526
        ]
      },
      "properties": {
        "grid_id": "HYD_1458",
        "rank": 83,
        "priority_score": 0.6125,
        "priority_level": "MEDIUM",
        "recommendation": "MONITOR_AND_REVIEW",
        "period": "2020_2026",
        "reasons": [
          "HIGH_SCENE_ANOMALY",
          "SPATIAL_ANOMALY",
          "PERSISTENT_CHANGE",
          "STRONG_CHANGE_MAGNITUDE",
          "CYCLICAL_REVERSAL_DAMPENED"
        ],
        "overall_anomaly": 0.8882,
        "headline": "Pronounced localized spectral change anomaly"
      }
    },
    {
      "type": "Feature",
      "geometry": {
        "type": "Point",
        "coordinates": [
          78.455599,
          17.363677
        ]
      },
      "properties": {
        "grid_id": "HYD_1313",
        "rank": 84,
        "priority_score": 0.6118,
        "priority_level": "MEDIUM",
        "recommendation": "MONITOR_AND_REVIEW",
        "period": "2020_2026",
        "reasons": [
          "HIGH_SCENE_ANOMALY",
          "SPATIAL_ANOMALY",
          "VEG_BUILTUP_COHERENCE",
          "VEGETATION_LOSS",
          "STRONG_CHANGE_MAGNITUDE",
          "CYCLICAL_REVERSAL_DAMPENED"
        ],
        "overall_anomaly": 0.8696,
        "headline": "Coherent multi-spectral land-cover alteration"
      }
    },
    {
      "type": "Feature",
      "geometry": {
        "type": "Point",
        "coordinates": [
          78.435595,
          17.449222
        ]
      },
      "properties": {
        "grid_id": "HYD_0492",
        "rank": 85,
        "priority_score": 0.6118,
        "priority_level": "MEDIUM",
        "recommendation": "MONITOR_AND_REVIEW",
        "period": "2020_2026",
        "reasons": [
          "HIGH_SCENE_ANOMALY",
          "VEG_BUILTUP_COHERENCE",
          "VEGETATION_LOSS",
          "BUILTUP_SENSITIVE_CHANGE",
          "PERSISTENT_CHANGE",
          "STRONG_CHANGE_MAGNITUDE",
          "CYCLICAL_REVERSAL_DAMPENED"
        ],
        "overall_anomaly": 0.7857,
        "headline": "Strong and persistent land-cover change"
      }
    },
    {
      "type": "Feature",
      "geometry": {
        "type": "Point",
        "coordinates": [
          78.435469,
          17.458252
        ]
      },
      "properties": {
        "grid_id": "HYD_0406",
        "rank": 86,
        "priority_score": 0.6117,
        "priority_level": "MEDIUM",
        "recommendation": "MONITOR_AND_REVIEW",
        "period": "2020_2026",
        "reasons": [
          "HIGH_SCENE_ANOMALY",
          "SPATIAL_ANOMALY",
          "VEG_BUILTUP_COHERENCE",
          "VEGETATION_LOSS",
          "PERSISTENT_CHANGE",
          "STRONG_CHANGE_MAGNITUDE"
        ],
        "overall_anomaly": 0.8416,
        "headline": "Strong and persistent land-cover change"
      }
    },
    {
      "type": "Feature",
      "geometry": {
        "type": "Point",
        "coordinates": [
          78.50548,
          17.499787
        ]
      },
      "properties": {
        "grid_id": "HYD_0034",
        "rank": 87,
        "priority_score": 0.6116,
        "priority_level": "MEDIUM",
        "recommendation": "MONITOR_AND_REVIEW",
        "period": "2020_2026",
        "reasons": [
          "HIGH_SCENE_ANOMALY",
          "SPATIAL_ANOMALY",
          "VEGETATION_LOSS",
          "PERSISTENT_CHANGE",
          "STRONG_CHANGE_MAGNITUDE",
          "CYCLICAL_REVERSAL_DAMPENED"
        ],
        "overall_anomaly": 0.9027,
        "headline": "Pronounced localized spectral change anomaly"
      }
    },
    {
      "type": "Feature",
      "geometry": {
        "type": "Point",
        "coordinates": [
          78.544033,
          17.432526
        ]
      },
      "properties": {
        "grid_id": "HYD_0687",
        "rank": 88,
        "priority_score": 0.6093,
        "priority_level": "MEDIUM",
        "recommendation": "MONITOR_AND_REVIEW",
        "period": "2020_2026",
        "reasons": [
          "HIGH_SCENE_ANOMALY",
          "SPATIAL_ANOMALY",
          "VEG_BUILTUP_COHERENCE",
          "VEGETATION_LOSS",
          "BUILTUP_SENSITIVE_CHANGE",
          "PERSISTENT_CHANGE",
          "STRONG_CHANGE_MAGNITUDE",
          "CYCLICAL_REVERSAL_DAMPENED"
        ],
        "overall_anomaly": 0.8465,
        "headline": "Strong and persistent land-cover change"
      }
    },
    {
      "type": "Feature",
      "geometry": {
        "type": "Point",
        "coordinates": [
          78.478242,
          17.427187
        ]
      },
      "properties": {
        "grid_id": "HYD_0716",
        "rank": 89,
        "priority_score": 0.6091,
        "priority_level": "MEDIUM",
        "recommendation": "MONITOR_AND_REVIEW",
        "period": "2020_2026",
        "reasons": [
          "HIGH_SCENE_ANOMALY",
          "SPATIAL_ANOMALY",
          "VEG_BUILTUP_COHERENCE",
          "VEGETATION_LOSS",
          "BUILTUP_SENSITIVE_CHANGE",
          "PERSISTENT_CHANGE",
          "STRONG_CHANGE_MAGNITUDE",
          "CYCLICAL_REVERSAL_DAMPENED"
        ],
        "overall_anomaly": 0.7835,
        "headline": "Strong and persistent land-cover change"
      }
    },
    {
      "type": "Feature",
      "geometry": {
        "type": "Point",
        "coordinates": [
          78.411629,
          17.480522
        ]
      },
      "properties": {
        "grid_id": "HYD_0186",
        "rank": 90,
        "priority_score": 0.6088,
        "priority_level": "MEDIUM",
        "recommendation": "MONITOR_AND_REVIEW",
        "period": "2020_2026",
        "reasons": [
          "HIGH_SCENE_ANOMALY",
          "SPATIAL_ANOMALY",
          "VEG_BUILTUP_COHERENCE",
          "VEGETATION_LOSS",
          "BUILTUP_SENSITIVE_CHANGE",
          "PERSISTENT_CHANGE",
          "STRONG_CHANGE_MAGNITUDE",
          "CYCLICAL_REVERSAL_DAMPENED"
        ],
        "overall_anomaly": 0.854,
        "headline": "Strong and persistent land-cover change"
      }
    },
    {
      "type": "Feature",
      "geometry": {
        "type": "Point",
        "coordinates": [
          78.408455,
          17.372102
        ]
      },
      "properties": {
        "grid_id": "HYD_1217",
        "rank": 91,
        "priority_score": 0.6073,
        "priority_level": "MEDIUM",
        "recommendation": "MONITOR_AND_REVIEW",
        "period": "2020_2026",
        "reasons": [
          "HIGH_SCENE_ANOMALY",
          "SPATIAL_ANOMALY",
          "VEG_BUILTUP_COHERENCE",
          "VEGETATION_LOSS",
          "BUILTUP_SENSITIVE_CHANGE",
          "STRONG_CHANGE_MAGNITUDE",
          "CYCLICAL_REVERSAL_DAMPENED"
        ],
        "overall_anomaly": 0.8089,
        "headline": "Coherent multi-spectral land-cover alteration"
      }
    },
    {
      "type": "Feature",
      "geometry": {
        "type": "Point",
        "coordinates": [
          78.370776,
          17.376125
        ]
      },
      "properties": {
        "grid_id": "HYD_1166",
        "rank": 92,
        "priority_score": 0.606,
        "priority_level": "MEDIUM",
        "recommendation": "MONITOR_AND_REVIEW",
        "period": "2020_2026",
        "reasons": [
          "HIGH_SCENE_ANOMALY",
          "SPATIAL_ANOMALY",
          "VEG_BUILTUP_COHERENCE",
          "VEGETATION_LOSS",
          "BUILTUP_SENSITIVE_CHANGE",
          "STRONG_CHANGE_MAGNITUDE",
          "CYCLICAL_REVERSAL_DAMPENED"
        ],
        "overall_anomaly": 0.8022,
        "headline": "Coherent multi-spectral land-cover alteration"
      }
    },
    {
      "type": "Feature",
      "geometry": {
        "type": "Point",
        "coordinates": [
          78.473538,
          17.427128
        ]
      },
      "properties": {
        "grid_id": "HYD_0715",
        "rank": 93,
        "priority_score": 0.604,
        "priority_level": "MEDIUM",
        "recommendation": "MONITOR_AND_REVIEW",
        "period": "2020_2026",
        "reasons": [
          "HIGH_SCENE_ANOMALY",
          "SPATIAL_ANOMALY",
          "VEG_BUILTUP_COHERENCE",
          "VEGETATION_LOSS",
          "BUILTUP_SENSITIVE_CHANGE",
          "STRONG_CHANGE_MAGNITUDE",
          "CYCLICAL_REVERSAL_DAMPENED"
        ],
        "overall_anomaly": 0.7945,
        "headline": "Coherent multi-spectral land-cover alteration"
      }
    },
    {
      "type": "Feature",
      "geometry": {
        "type": "Point",
        "coordinates": [
          78.534018,
          17.477563
        ]
      },
      "properties": {
        "grid_id": "HYD_0255",
        "rank": 94,
        "priority_score": 0.6038,
        "priority_level": "MEDIUM",
        "recommendation": "MONITOR_AND_REVIEW",
        "period": "2020_2026",
        "reasons": [
          "HIGH_SCENE_ANOMALY",
          "SPATIAL_ANOMALY",
          "PERSISTENT_CHANGE",
          "STRONG_CHANGE_MAGNITUDE",
          "CYCLICAL_REVERSAL_DAMPENED"
        ],
        "overall_anomaly": 0.8396,
        "headline": "Pronounced localized spectral change anomaly"
      }
    },
    {
      "type": "Feature",
      "geometry": {
        "type": "Point",
        "coordinates": [
          78.54863,
          17.437099
        ]
      },
      "properties": {
        "grid_id": "HYD_0645",
        "rank": 95,
        "priority_score": 0.6015,
        "priority_level": "MEDIUM",
        "recommendation": "MONITOR_AND_REVIEW",
        "period": "2020_2026",
        "reasons": [
          "HIGH_SCENE_ANOMALY",
          "SPATIAL_ANOMALY",
          "VEG_BUILTUP_COHERENCE",
          "VEGETATION_LOSS",
          "BUILTUP_SENSITIVE_CHANGE",
          "STRONG_CHANGE_MAGNITUDE",
          "CYCLICAL_REVERSAL_DAMPENED"
        ],
        "overall_anomaly": 0.8133,
        "headline": "Coherent multi-spectral land-cover alteration"
      }
    },
    {
      "type": "Feature",
      "geometry": {
        "type": "Point",
        "coordinates": [
          78.454348,
          17.453979
        ]
      },
      "properties": {
        "grid_id": "HYD_0453",
        "rank": 96,
        "priority_score": 0.6014,
        "priority_level": "MEDIUM",
        "recommendation": "MONITOR_AND_REVIEW",
        "period": "2020_2026",
        "reasons": [
          "HIGH_SCENE_ANOMALY",
          "SPATIAL_ANOMALY",
          "VEG_BUILTUP_COHERENCE",
          "VEGETATION_LOSS",
          "STRONG_CHANGE_MAGNITUDE",
          "CYCLICAL_REVERSAL_DAMPENED"
        ],
        "overall_anomaly": 0.856,
        "headline": "Coherent multi-spectral land-cover alteration"
      }
    },
    {
      "type": "Feature",
      "geometry": {
        "type": "Point",
        "coordinates": [
          78.535352,
          17.378225
        ]
      },
      "properties": {
        "grid_id": "HYD_1201",
        "rank": 97,
        "priority_score": 0.6012,
        "priority_level": "MEDIUM",
        "recommendation": "MONITOR_AND_REVIEW",
        "period": "2020_2026",
        "reasons": [
          "HIGH_SCENE_ANOMALY",
          "SPATIAL_ANOMALY",
          "VEG_BUILTUP_COHERENCE",
          "VEGETATION_LOSS",
          "STRONG_CHANGE_MAGNITUDE",
          "CYCLICAL_REVERSAL_DAMPENED"
        ],
        "overall_anomaly": 0.8466,
        "headline": "Coherent multi-spectral land-cover alteration"
      }
    },
    {
      "type": "Feature",
      "geometry": {
        "type": "Point",
        "coordinates": [
          78.412903,
          17.390223
        ]
      },
      "properties": {
        "grid_id": "HYD_1046",
        "rank": 98,
        "priority_score": 0.6009,
        "priority_level": "MEDIUM",
        "recommendation": "MONITOR_AND_REVIEW",
        "period": "2020_2026",
        "reasons": [
          "HIGH_SCENE_ANOMALY",
          "SPATIAL_ANOMALY",
          "VEG_BUILTUP_COHERENCE",
          "VEGETATION_LOSS",
          "BUILTUP_SENSITIVE_CHANGE",
          "STRONG_CHANGE_MAGNITUDE",
          "CYCLICAL_REVERSAL_DAMPENED"
        ],
        "overall_anomaly": 0.8981,
        "headline": "Coherent multi-spectral land-cover alteration"
      }
    },
    {
      "type": "Feature",
      "geometry": {
        "type": "Point",
        "coordinates": [
          78.549112,
          17.400975
        ]
      },
      "properties": {
        "grid_id": "HYD_0989",
        "rank": 99,
        "priority_score": 0.6007,
        "priority_level": "MEDIUM",
        "recommendation": "MONITOR_AND_REVIEW",
        "period": "2020_2026",
        "reasons": [
          "HIGH_SCENE_ANOMALY",
          "SPATIAL_ANOMALY",
          "VEG_BUILTUP_COHERENCE",
          "VEGETATION_LOSS",
          "BUILTUP_SENSITIVE_CHANGE",
          "PERSISTENT_CHANGE",
          "STRONG_CHANGE_MAGNITUDE",
          "CYCLICAL_REVERSAL_DAMPENED"
        ],
        "overall_anomaly": 0.7971,
        "headline": "Strong and persistent land-cover change"
      }
    },
    {
      "type": "Feature",
      "geometry": {
        "type": "Point",
        "coordinates": [
          78.412966,
          17.385708
        ]
      },
      "properties": {
        "grid_id": "HYD_1089",
        "rank": 100,
        "priority_score": 0.6006,
        "priority_level": "MEDIUM",
        "recommendation": "MONITOR_AND_REVIEW",
        "period": "2020_2026",
        "reasons": [
          "HIGH_SCENE_ANOMALY",
          "SPATIAL_ANOMALY",
          "VEG_BUILTUP_COHERENCE",
          "VEGETATION_LOSS",
          "BUILTUP_SENSITIVE_CHANGE",
          "STRONG_CHANGE_MAGNITUDE",
          "CYCLICAL_REVERSAL_DAMPENED"
        ],
        "overall_anomaly": 0.7742,
        "headline": "Coherent multi-spectral land-cover alteration"
      }
    },
    {
      "type": "Feature",
      "geometry": {
        "type": "Point",
        "coordinates": [
          78.417224,
          17.417374
        ]
      },
      "properties": {
        "grid_id": "HYD_0789",
        "rank": 101,
        "priority_score": 0.5985,
        "priority_level": "MEDIUM",
        "recommendation": "MONITOR_AND_REVIEW",
        "period": "2020_2026",
        "reasons": [
          "HIGH_SCENE_ANOMALY",
          "SPATIAL_ANOMALY",
          "VEG_BUILTUP_COHERENCE",
          "VEGETATION_LOSS",
          "PERSISTENT_CHANGE",
          "STRONG_CHANGE_MAGNITUDE",
          "CYCLICAL_REVERSAL_DAMPENED"
        ],
        "overall_anomaly": 0.8602,
        "headline": "Strong and persistent land-cover change"
      }
    },
    {
      "type": "Feature",
      "geometry": {
        "type": "Point",
        "coordinates": [
          78.370324,
          17.407729
        ]
      },
      "properties": {
        "grid_id": "HYD_0865",
        "rank": 102,
        "priority_score": 0.5978,
        "priority_level": "MEDIUM",
        "recommendation": "MONITOR_AND_REVIEW",
        "period": "2020_2026",
        "reasons": [
          "HIGH_SCENE_ANOMALY",
          "SPATIAL_ANOMALY",
          "VEG_BUILTUP_COHERENCE",
          "VEGETATION_LOSS",
          "PERSISTENT_CHANGE",
          "STRONG_CHANGE_MAGNITUDE",
          "CYCLICAL_REVERSAL_DAMPENED"
        ],
        "overall_anomaly": 0.8288,
        "headline": "Strong and persistent land-cover change"
      }
    },
    {
      "type": "Feature",
      "geometry": {
        "type": "Point",
        "coordinates": [
          78.379987,
          17.389794
        ]
      },
      "properties": {
        "grid_id": "HYD_1039",
        "rank": 103,
        "priority_score": 0.5957,
        "priority_level": "MEDIUM",
        "recommendation": "MONITOR_AND_REVIEW",
        "period": "2020_2026",
        "reasons": [
          "HIGH_SCENE_ANOMALY",
          "SPATIAL_ANOMALY",
          "VEG_BUILTUP_COHERENCE",
          "VEGETATION_LOSS",
          "BUILTUP_SENSITIVE_CHANGE",
          "STRONG_CHANGE_MAGNITUDE",
          "CYCLICAL_REVERSAL_DAMPENED"
        ],
        "overall_anomaly": 0.8369,
        "headline": "Coherent multi-spectral land-cover alteration"
      }
    },
    {
      "type": "Feature",
      "geometry": {
        "type": "Point",
        "coordinates": [
          78.524669,
          17.472931
        ]
      },
      "properties": {
        "grid_id": "HYD_0296",
        "rank": 104,
        "priority_score": 0.5948,
        "priority_level": "MEDIUM",
        "recommendation": "MONITOR_AND_REVIEW",
        "period": "2020_2026",
        "reasons": [
          "HIGH_SCENE_ANOMALY",
          "SPATIAL_ANOMALY",
          "VEG_BUILTUP_COHERENCE",
          "VEGETATION_LOSS",
          "BUILTUP_SENSITIVE_CHANGE",
          "STRONG_CHANGE_MAGNITUDE",
          "CYCLICAL_REVERSAL_DAMPENED"
        ],
        "overall_anomaly": 0.7852,
        "headline": "Coherent multi-spectral land-cover alteration"
      }
    },
    {
      "type": "Feature",
      "geometry": {
        "type": "Point",
        "coordinates": [
          78.351839,
          17.384906
        ]
      },
      "properties": {
        "grid_id": "HYD_1076",
        "rank": 105,
        "priority_score": 0.5947,
        "priority_level": "MEDIUM",
        "recommendation": "MONITOR_AND_REVIEW",
        "period": "2020_2026",
        "reasons": [
          "HIGH_SCENE_ANOMALY",
          "SPATIAL_ANOMALY",
          "VEG_BUILTUP_COHERENCE",
          "VEGETATION_LOSS",
          "BUILTUP_SENSITIVE_CHANGE",
          "STRONG_CHANGE_MAGNITUDE",
          "CYCLICAL_REVERSAL_DAMPENED"
        ],
        "overall_anomaly": 0.8108,
        "headline": "Coherent multi-spectral land-cover alteration"
      }
    },
    {
      "type": "Feature",
      "geometry": {
        "type": "Point",
        "coordinates": [
          78.492969,
          17.382213
        ]
      },
      "properties": {
        "grid_id": "HYD_1149",
        "rank": 106,
        "priority_score": 0.5939,
        "priority_level": "MEDIUM",
        "recommendation": "MONITOR_AND_REVIEW",
        "period": "2020_2026",
        "reasons": [
          "HIGH_SCENE_ANOMALY",
          "SPATIAL_ANOMALY",
          "VEG_BUILTUP_COHERENCE",
          "VEGETATION_LOSS",
          "BUILTUP_SENSITIVE_CHANGE",
          "PERSISTENT_CHANGE",
          "STRONG_CHANGE_MAGNITUDE",
          "CYCLICAL_REVERSAL_DAMPENED"
        ],
        "overall_anomaly": 0.7704,
        "headline": "Strong and persistent land-cover change"
      }
    },
    {
      "type": "Feature",
      "geometry": {
        "type": "Point",
        "coordinates": [
          78.525339,
          17.423262
        ]
      },
      "properties": {
        "grid_id": "HYD_0769",
        "rank": 107,
        "priority_score": 0.593,
        "priority_level": "MEDIUM",
        "recommendation": "MONITOR_AND_REVIEW",
        "period": "2020_2026",
        "reasons": [
          "HIGH_SCENE_ANOMALY",
          "SPATIAL_ANOMALY",
          "VEG_BUILTUP_COHERENCE",
          "VEGETATION_LOSS",
          "BUILTUP_SENSITIVE_CHANGE",
          "STRONG_CHANGE_MAGNITUDE",
          "CYCLICAL_REVERSAL_DAMPENED"
        ],
        "overall_anomaly": 0.8351,
        "headline": "Coherent multi-spectral land-cover alteration"
      }
    },
    {
      "type": "Feature",
      "geometry": {
        "type": "Point",
        "coordinates": [
          78.535292,
          17.38274
        ]
      },
      "properties": {
        "grid_id": "HYD_1158",
        "rank": 108,
        "priority_score": 0.5902,
        "priority_level": "MEDIUM",
        "recommendation": "MONITOR_AND_REVIEW",
        "period": "2020_2026",
        "reasons": [
          "HIGH_SCENE_ANOMALY",
          "VEG_BUILTUP_COHERENCE",
          "VEGETATION_LOSS",
          "BUILTUP_SENSITIVE_CHANGE",
          "PERSISTENT_CHANGE",
          "STRONG_CHANGE_MAGNITUDE",
          "CYCLICAL_REVERSAL_DAMPENED"
        ],
        "overall_anomaly": 0.8184,
        "headline": "Strong and persistent land-cover change"
      }
    },
    {
      "type": "Feature",
      "geometry": {
        "type": "Point",
        "coordinates": [
          78.403498,
          17.390101
        ]
      },
      "properties": {
        "grid_id": "HYD_1044",
        "rank": 109,
        "priority_score": 0.5886,
        "priority_level": "MEDIUM",
        "recommendation": "MONITOR_AND_REVIEW",
        "period": "2020_2026",
        "reasons": [
          "HIGH_SCENE_ANOMALY",
          "SPATIAL_ANOMALY",
          "VEG_BUILTUP_COHERENCE",
          "VEGETATION_LOSS",
          "PERSISTENT_CHANGE",
          "STRONG_CHANGE_MAGNITUDE",
          "CYCLICAL_REVERSAL_DAMPENED"
        ],
        "overall_anomaly": 0.7722,
        "headline": "Strong and persistent land-cover change"
      }
    },
    {
      "type": "Feature",
      "geometry": {
        "type": "Point",
        "coordinates": [
          78.516481,
          17.382507
        ]
      },
      "properties": {
        "grid_id": "HYD_1154",
        "rank": 110,
        "priority_score": 0.5882,
        "priority_level": "MEDIUM",
        "recommendation": "MONITOR_AND_REVIEW",
        "period": "2020_2026",
        "reasons": [
          "HIGH_SCENE_ANOMALY",
          "SPATIAL_ANOMALY",
          "VEG_BUILTUP_COHERENCE",
          "VEGETATION_LOSS",
          "PERSISTENT_CHANGE",
          "STRONG_CHANGE_MAGNITUDE"
        ],
        "overall_anomaly": 0.7842,
        "headline": "Strong and persistent land-cover change"
      }
    },
    {
      "type": "Feature",
      "geometry": {
        "type": "Point",
        "coordinates": [
          78.511045,
          17.436632
        ]
      },
      "properties": {
        "grid_id": "HYD_0637",
        "rank": 111,
        "priority_score": 0.5878,
        "priority_level": "MEDIUM",
        "recommendation": "MONITOR_AND_REVIEW",
        "period": "2020_2026",
        "reasons": [
          "HIGH_SCENE_ANOMALY",
          "SPATIAL_ANOMALY",
          "VEG_BUILTUP_COHERENCE",
          "VEGETATION_LOSS",
          "BUILTUP_SENSITIVE_CHANGE",
          "STRONG_CHANGE_MAGNITUDE",
          "CYCLICAL_REVERSAL_DAMPENED"
        ],
        "overall_anomaly": 0.795,
        "headline": "Coherent multi-spectral land-cover alteration"
      }
    },
    {
      "type": "Feature",
      "geometry": {
        "type": "Point",
        "coordinates": [
          78.548328,
          17.459676
        ]
      },
      "properties": {
        "grid_id": "HYD_0430",
        "rank": 112,
        "priority_score": 0.5873,
        "priority_level": "MEDIUM",
        "recommendation": "MONITOR_AND_REVIEW",
        "period": "2020_2026",
        "reasons": [
          "HIGH_SCENE_ANOMALY",
          "SPATIAL_ANOMALY",
          "STRONG_CHANGE_MAGNITUDE",
          "CYCLICAL_REVERSAL_DAMPENED"
        ],
        "overall_anomaly": 0.8877,
        "headline": "Pronounced localized spectral change anomaly"
      }
    },
    {
      "type": "Feature",
      "geometry": {
        "type": "Point",
        "coordinates": [
          78.435658,
          17.444707
        ]
      },
      "properties": {
        "grid_id": "HYD_0535",
        "rank": 113,
        "priority_score": 0.5863,
        "priority_level": "MEDIUM",
        "recommendation": "MONITOR_AND_REVIEW",
        "period": "2020_2026",
        "reasons": [
          "HIGH_SCENE_ANOMALY",
          "SPATIAL_ANOMALY",
          "VEG_BUILTUP_COHERENCE",
          "VEGETATION_LOSS",
          "WATER_CHANGE",
          "PERSISTENT_CHANGE",
          "STRONG_CHANGE_MAGNITUDE",
          "CYCLICAL_REVERSAL_DAMPENED"
        ],
        "overall_anomaly": 0.8,
        "headline": "Strong and persistent land-cover change"
      }
    },
    {
      "type": "Feature",
      "geometry": {
        "type": "Point",
        "coordinates": [
          78.355109,
          17.484293
        ]
      },
      "properties": {
        "grid_id": "HYD_0131",
        "rank": 114,
        "priority_score": 0.5848,
        "priority_level": "MEDIUM",
        "recommendation": "MONITOR_AND_REVIEW",
        "period": "2020_2026",
        "reasons": [
          "HIGH_SCENE_ANOMALY",
          "SPATIAL_ANOMALY",
          "VEG_BUILTUP_COHERENCE",
          "VEGETATION_LOSS",
          "STRONG_CHANGE_MAGNITUDE",
          "CYCLICAL_REVERSAL_DAMPENED"
        ],
        "overall_anomaly": 0.8413,
        "headline": "Coherent multi-spectral land-cover alteration"
      }
    },
    {
      "type": "Feature",
      "geometry": {
        "type": "Point",
        "coordinates": [
          78.519719,
          17.490933
        ]
      },
      "properties": {
        "grid_id": "HYD_0123",
        "rank": 115,
        "priority_score": 0.5846,
        "priority_level": "MEDIUM",
        "recommendation": "MONITOR_AND_REVIEW",
        "period": "2020_2026",
        "reasons": [
          "HIGH_SCENE_ANOMALY",
          "SPATIAL_ANOMALY",
          "VEG_BUILTUP_COHERENCE",
          "VEGETATION_LOSS",
          "STRONG_CHANGE_MAGNITUDE",
          "CYCLICAL_REVERSAL_DAMPENED"
        ],
        "overall_anomaly": 0.8513,
        "headline": "Coherent multi-spectral land-cover alteration"
      }
    },
    {
      "type": "Feature",
      "geometry": {
        "type": "Point",
        "coordinates": [
          78.544516,
          17.396402
        ]
      },
      "properties": {
        "grid_id": "HYD_1031",
        "rank": 116,
        "priority_score": 0.5845,
        "priority_level": "MEDIUM",
        "recommendation": "MONITOR_AND_REVIEW",
        "period": "2020_2026",
        "reasons": [
          "HIGH_SCENE_ANOMALY",
          "SPATIAL_ANOMALY",
          "VEG_BUILTUP_COHERENCE",
          "VEGETATION_LOSS",
          "BUILTUP_SENSITIVE_CHANGE",
          "STRONG_CHANGE_MAGNITUDE",
          "CYCLICAL_REVERSAL_DAMPENED"
        ],
        "overall_anomaly": 0.8036,
        "headline": "Coherent multi-spectral land-cover alteration"
      }
    },
    {
      "type": "Feature",
      "geometry": {
        "type": "Point",
        "coordinates": [
          78.430511,
          17.476251
        ]
      },
      "properties": {
        "grid_id": "HYD_0233",
        "rank": 117,
        "priority_score": 0.5836,
        "priority_level": "MEDIUM",
        "recommendation": "MONITOR_AND_REVIEW",
        "period": "2020_2026",
        "reasons": [
          "HIGH_SCENE_ANOMALY",
          "SPATIAL_ANOMALY",
          "VEG_BUILTUP_COHERENCE",
          "VEGETATION_LOSS",
          "BUILTUP_SENSITIVE_CHANGE",
          "STRONG_CHANGE_MAGNITUDE",
          "CYCLICAL_REVERSAL_DAMPENED"
        ],
        "overall_anomaly": 0.8261,
        "headline": "Coherent multi-spectral land-cover alteration"
      }
    },
    {
      "type": "Feature",
      "geometry": {
        "type": "Point",
        "coordinates": [
          78.529252,
          17.48202
        ]
      },
      "properties": {
        "grid_id": "HYD_0211",
        "rank": 118,
        "priority_score": 0.5823,
        "priority_level": "MEDIUM",
        "recommendation": "MONITOR_AND_REVIEW",
        "period": "2020_2026",
        "reasons": [
          "HIGH_SCENE_ANOMALY",
          "SPATIAL_ANOMALY",
          "VEG_BUILTUP_COHERENCE",
          "VEGETATION_LOSS",
          "BUILTUP_SENSITIVE_CHANGE",
          "STRONG_CHANGE_MAGNITUDE",
          "CYCLICAL_REVERSAL_DAMPENED"
        ],
        "overall_anomaly": 0.8212,
        "headline": "Coherent multi-spectral land-cover alteration"
      }
    },
    {
      "type": "Feature",
      "geometry": {
        "type": "Point",
        "coordinates": [
          78.458739,
          17.476614
        ]
      },
      "properties": {
        "grid_id": "HYD_0239",
        "rank": 119,
        "priority_score": 0.5822,
        "priority_level": "MEDIUM",
        "recommendation": "MONITOR_AND_REVIEW",
        "period": "2020_2026",
        "reasons": [
          "HIGH_SCENE_ANOMALY",
          "SPATIAL_ANOMALY",
          "VEG_BUILTUP_COHERENCE",
          "VEGETATION_LOSS",
          "BUILTUP_SENSITIVE_CHANGE",
          "CYCLICAL_REVERSAL_DAMPENED"
        ],
        "overall_anomaly": 0.7862,
        "headline": "Coherent multi-spectral land-cover alteration"
      }
    },
    {
      "type": "Feature",
      "geometry": {
        "type": "Point",
        "coordinates": [
          78.52473,
          17.468415
        ]
      },
      "properties": {
        "grid_id": "HYD_0339",
        "rank": 120,
        "priority_score": 0.5818,
        "priority_level": "MEDIUM",
        "recommendation": "MONITOR_AND_REVIEW",
        "period": "2020_2026",
        "reasons": [
          "HIGH_SCENE_ANOMALY",
          "VEG_BUILTUP_COHERENCE",
          "VEGETATION_LOSS",
          "BUILTUP_SENSITIVE_CHANGE",
          "PERSISTENT_CHANGE",
          "STRONG_CHANGE_MAGNITUDE",
          "CYCLICAL_REVERSAL_DAMPENED"
        ],
        "overall_anomaly": 0.767,
        "headline": "Strong and persistent land-cover change"
      }
    },
    {
      "type": "Feature",
      "geometry": {
        "type": "Point",
        "coordinates": [
          78.52625,
          17.355532
        ]
      },
      "properties": {
        "grid_id": "HYD_1414",
        "rank": 121,
        "priority_score": 0.5807,
        "priority_level": "MEDIUM",
        "recommendation": "MONITOR_AND_REVIEW",
        "period": "2020_2026",
        "reasons": [
          "HIGH_SCENE_ANOMALY",
          "SPATIAL_ANOMALY",
          "VEG_BUILTUP_COHERENCE",
          "VEGETATION_LOSS",
          "BUILTUP_SENSITIVE_CHANGE",
          "STRONG_CHANGE_MAGNITUDE",
          "CYCLICAL_REVERSAL_DAMPENED"
        ],
        "overall_anomaly": 0.9957,
        "headline": "Coherent multi-spectral land-cover alteration"
      }
    },
    {
      "type": "Feature",
      "geometry": {
        "type": "Point",
        "coordinates": [
          78.356411,
          17.393998
        ]
      },
      "properties": {
        "grid_id": "HYD_0991",
        "rank": 122,
        "priority_score": 0.58,
        "priority_level": "MEDIUM",
        "recommendation": "MONITOR_AND_REVIEW",
        "period": "2020_2026",
        "reasons": [
          "HIGH_SCENE_ANOMALY",
          "SPATIAL_ANOMALY",
          "VEG_BUILTUP_COHERENCE",
          "VEGETATION_LOSS",
          "STRONG_CHANGE_MAGNITUDE",
          "CYCLICAL_REVERSAL_DAMPENED"
        ],
        "overall_anomaly": 0.8428,
        "headline": "Coherent multi-spectral land-cover alteration"
      }
    },
    {
      "type": "Feature",
      "geometry": {
        "type": "Point",
        "coordinates": [
          78.453909,
          17.485584
        ]
      },
      "properties": {
        "grid_id": "HYD_0152",
        "rank": 123,
        "priority_score": 0.5782,
        "priority_level": "MEDIUM",
        "recommendation": "MONITOR_AND_REVIEW",
        "period": "2020_2026",
        "reasons": [
          "HIGH_SCENE_ANOMALY",
          "SPATIAL_ANOMALY",
          "VEG_BUILTUP_COHERENCE",
          "VEGETATION_LOSS",
          "STRONG_CHANGE_MAGNITUDE",
          "CYCLICAL_REVERSAL_DAMPENED"
        ],
        "overall_anomaly": 0.7997,
        "headline": "Coherent multi-spectral land-cover alteration"
      }
    },
    {
      "type": "Feature",
      "geometry": {
        "type": "Point",
        "coordinates": [
          78.451022,
          17.354587
        ]
      },
      "properties": {
        "grid_id": "HYD_1398",
        "rank": 124,
        "priority_score": 0.5777,
        "priority_level": "MEDIUM",
        "recommendation": "MONITOR_AND_REVIEW",
        "period": "2020_2026",
        "reasons": [
          "HIGH_SCENE_ANOMALY",
          "SPATIAL_ANOMALY",
          "VEG_BUILTUP_COHERENCE",
          "VEGETATION_LOSS",
          "CYCLICAL_REVERSAL_DAMPENED"
        ],
        "overall_anomaly": 0.8372,
        "headline": "Coherent multi-spectral land-cover alteration"
      }
    },
    {
      "type": "Feature",
      "geometry": {
        "type": "Point",
        "coordinates": [
          78.439984,
          17.471858
        ]
      },
      "properties": {
        "grid_id": "HYD_0278",
        "rank": 125,
        "priority_score": 0.5752,
        "priority_level": "MEDIUM",
        "recommendation": "MONITOR_AND_REVIEW",
        "period": "2020_2026",
        "reasons": [
          "HIGH_SCENE_ANOMALY",
          "SPATIAL_ANOMALY",
          "VEG_BUILTUP_COHERENCE",
          "VEGETATION_LOSS",
          "STRONG_CHANGE_MAGNITUDE",
          "CYCLICAL_REVERSAL_DAMPENED"
        ],
        "overall_anomaly": 0.8145,
        "headline": "Coherent multi-spectral land-cover alteration"
      }
    },
    {
      "type": "Feature",
      "geometry": {
        "type": "Point",
        "coordinates": [
          78.539994,
          17.382798
        ]
      },
      "properties": {
        "grid_id": "HYD_1159",
        "rank": 126,
        "priority_score": 0.5749,
        "priority_level": "MEDIUM",
        "recommendation": "MONITOR_AND_REVIEW",
        "period": "2020_2026",
        "reasons": [
          "HIGH_SCENE_ANOMALY",
          "SPATIAL_ANOMALY",
          "VEG_BUILTUP_COHERENCE",
          "VEGETATION_LOSS",
          "STRONG_CHANGE_MAGNITUDE",
          "CYCLICAL_REVERSAL_DAMPENED"
        ],
        "overall_anomaly": 0.8711,
        "headline": "Coherent multi-spectral land-cover alteration"
      }
    },
    {
      "type": "Feature",
      "geometry": {
        "type": "Point",
        "coordinates": [
          78.469084,
          17.409008
        ]
      },
      "properties": {
        "grid_id": "HYD_0886",
        "rank": 127,
        "priority_score": 0.5744,
        "priority_level": "MEDIUM",
        "recommendation": "MONITOR_AND_REVIEW",
        "period": "2020_2026",
        "reasons": [
          "HIGH_SCENE_ANOMALY",
          "SPATIAL_ANOMALY",
          "VEG_BUILTUP_COHERENCE",
          "VEGETATION_LOSS",
          "STRONG_CHANGE_MAGNITUDE",
          "CYCLICAL_REVERSAL_DAMPENED"
        ],
        "overall_anomaly": 0.8321,
        "headline": "Coherent multi-spectral land-cover alteration"
      }
    },
    {
      "type": "Feature",
      "geometry": {
        "type": "Point",
        "coordinates": [
          78.478056,
          17.440733
        ]
      },
      "properties": {
        "grid_id": "HYD_0587",
        "rank": 128,
        "priority_score": 0.5742,
        "priority_level": "MEDIUM",
        "recommendation": "MONITOR_AND_REVIEW",
        "period": "2020_2026",
        "reasons": [
          "HIGH_SCENE_ANOMALY",
          "SPATIAL_ANOMALY",
          "VEG_BUILTUP_COHERENCE",
          "VEGETATION_LOSS",
          "BUILTUP_SENSITIVE_CHANGE",
          "STRONG_CHANGE_MAGNITUDE",
          "CYCLICAL_REVERSAL_DAMPENED"
        ],
        "overall_anomaly": 0.8079,
        "headline": "Coherent multi-spectral land-cover alteration"
      }
    },
    {
      "type": "Feature",
      "geometry": {
        "type": "Point",
        "coordinates": [
          78.549172,
          17.39646
        ]
      },
      "properties": {
        "grid_id": "HYD_1032",
        "rank": 129,
        "priority_score": 0.57,
        "priority_level": "MEDIUM",
        "recommendation": "MONITOR_AND_REVIEW",
        "period": "2020_2026",
        "reasons": [
          "HIGH_SCENE_ANOMALY",
          "SPATIAL_ANOMALY",
          "VEG_BUILTUP_COHERENCE",
          "VEGETATION_LOSS",
          "STRONG_CHANGE_MAGNITUDE",
          "CYCLICAL_REVERSAL_DAMPENED"
        ],
        "overall_anomaly": 0.8252,
        "headline": "Coherent multi-spectral land-cover alteration"
      }
    },
    {
      "type": "Feature",
      "geometry": {
        "type": "Point",
        "coordinates": [
          78.399051,
          17.37198
        ]
      },
      "properties": {
        "grid_id": "HYD_1215",
        "rank": 130,
        "priority_score": 0.5697,
        "priority_level": "MEDIUM",
        "recommendation": "MONITOR_AND_REVIEW",
        "period": "2020_2026",
        "reasons": [
          "HIGH_SCENE_ANOMALY",
          "SPATIAL_ANOMALY",
          "VEG_BUILTUP_COHERENCE",
          "VEGETATION_LOSS",
          "STRONG_CHANGE_MAGNITUDE",
          "CYCLICAL_REVERSAL_DAMPENED"
        ],
        "overall_anomaly": 0.7857,
        "headline": "Coherent multi-spectral land-cover alteration"
      }
    },
    {
      "type": "Feature",
      "geometry": {
        "type": "Point",
        "coordinates": [
          78.5254,
          17.418747
        ]
      },
      "properties": {
        "grid_id": "HYD_0812",
        "rank": 131,
        "priority_score": 0.5677,
        "priority_level": "MEDIUM",
        "recommendation": "MONITOR_AND_REVIEW",
        "period": "2020_2026",
        "reasons": [
          "HIGH_SCENE_ANOMALY",
          "SPATIAL_ANOMALY",
          "VEG_BUILTUP_COHERENCE",
          "VEGETATION_LOSS",
          "BUILTUP_SENSITIVE_CHANGE",
          "CYCLICAL_REVERSAL_DAMPENED"
        ],
        "overall_anomaly": 0.8346,
        "headline": "Coherent multi-spectral land-cover alteration"
      }
    },
    {
      "type": "Feature",
      "geometry": {
        "type": "Point",
        "coordinates": [
          78.492044,
          17.449942
        ]
      },
      "properties": {
        "grid_id": "HYD_0504",
        "rank": 132,
        "priority_score": 0.5677,
        "priority_level": "MEDIUM",
        "recommendation": "MONITOR_AND_REVIEW",
        "period": "2020_2026",
        "reasons": [
          "HIGH_SCENE_ANOMALY",
          "SPATIAL_ANOMALY",
          "VEG_BUILTUP_COHERENCE",
          "VEGETATION_LOSS",
          "BUILTUP_SENSITIVE_CHANGE",
          "STRONG_CHANGE_MAGNITUDE",
          "CYCLICAL_REVERSAL_DAMPENED"
        ],
        "overall_anomaly": 0.7695,
        "headline": "Coherent multi-spectral land-cover alteration"
      }
    },
    {
      "type": "Feature",
      "geometry": {
        "type": "Point",
        "coordinates": [
          78.548811,
          17.423552
        ]
      },
      "properties": {
        "grid_id": "HYD_0774",
        "rank": 133,
        "priority_score": 0.5676,
        "priority_level": "MEDIUM",
        "recommendation": "MONITOR_AND_REVIEW",
        "period": "2020_2026",
        "reasons": [
          "HIGH_SCENE_ANOMALY",
          "SPATIAL_ANOMALY",
          "VEG_BUILTUP_COHERENCE",
          "VEGETATION_LOSS",
          "STRONG_CHANGE_MAGNITUDE",
          "CYCLICAL_REVERSAL_DAMPENED"
        ],
        "overall_anomaly": 0.8263,
        "headline": "Coherent multi-spectral land-cover alteration"
      }
    },
    {
      "type": "Feature",
      "geometry": {
        "type": "Point",
        "coordinates": [
          78.463944,
          17.440554
        ]
      },
      "properties": {
        "grid_id": "HYD_0584",
        "rank": 134,
        "priority_score": 0.5673,
        "priority_level": "MEDIUM",
        "recommendation": "MONITOR_AND_REVIEW",
        "period": "2020_2026",
        "reasons": [
          "HIGH_SCENE_ANOMALY",
          "SPATIAL_ANOMALY",
          "VEG_BUILTUP_COHERENCE",
          "VEGETATION_LOSS",
          "STRONG_CHANGE_MAGNITUDE",
          "CYCLICAL_REVERSAL_DAMPENED"
        ],
        "overall_anomaly": 0.8814,
        "headline": "Coherent multi-spectral land-cover alteration"
      }
    },
    {
      "type": "Feature",
      "geometry": {
        "type": "Point",
        "coordinates": [
          78.364843,
          17.461844
        ]
      },
      "properties": {
        "grid_id": "HYD_0348",
        "rank": 135,
        "priority_score": 0.5672,
        "priority_level": "MEDIUM",
        "recommendation": "MONITOR_AND_REVIEW",
        "period": "2020_2026",
        "reasons": [
          "HIGH_SCENE_ANOMALY",
          "SPATIAL_ANOMALY",
          "VEG_BUILTUP_COHERENCE",
          "VEGETATION_LOSS",
          "STRONG_CHANGE_MAGNITUDE",
          "CYCLICAL_REVERSAL_DAMPENED"
        ],
        "overall_anomaly": 0.8531,
        "headline": "Coherent multi-spectral land-cover alteration"
      }
    },
    {
      "type": "Feature",
      "geometry": {
        "type": "Point",
        "coordinates": [
          78.384303,
          17.416944
        ]
      },
      "properties": {
        "grid_id": "HYD_0782",
        "rank": 136,
        "priority_score": 0.567,
        "priority_level": "MEDIUM",
        "recommendation": "MONITOR_AND_REVIEW",
        "period": "2020_2026",
        "reasons": [
          "HIGH_SCENE_ANOMALY",
          "SPATIAL_ANOMALY",
          "VEG_BUILTUP_COHERENCE",
          "VEGETATION_LOSS",
          "STRONG_CHANGE_MAGNITUDE",
          "CYCLICAL_REVERSAL_DAMPENED"
        ],
        "overall_anomaly": 0.8709,
        "headline": "Coherent multi-spectral land-cover alteration"
      }
    },
    {
      "type": "Feature",
      "geometry": {
        "type": "Point",
        "coordinates": [
          78.478118,
          17.436218
        ]
      },
      "properties": {
        "grid_id": "HYD_0630",
        "rank": 137,
        "priority_score": 0.5662,
        "priority_level": "MEDIUM",
        "recommendation": "MONITOR_AND_REVIEW",
        "period": "2020_2026",
        "reasons": [
          "HIGH_SCENE_ANOMALY",
          "SPATIAL_ANOMALY",
          "VEG_BUILTUP_COHERENCE",
          "VEGETATION_LOSS",
          "BUILTUP_SENSITIVE_CHANGE",
          "CYCLICAL_REVERSAL_DAMPENED"
        ],
        "overall_anomaly": 0.7908,
        "headline": "Coherent multi-spectral land-cover alteration"
      }
    },
    {
      "type": "Feature",
      "geometry": {
        "type": "Point",
        "coordinates": [
          78.416334,
          17.480583
        ]
      },
      "properties": {
        "grid_id": "HYD_0187",
        "rank": 138,
        "priority_score": 0.5631,
        "priority_level": "MEDIUM",
        "recommendation": "MONITOR_AND_REVIEW",
        "period": "2020_2026",
        "reasons": [
          "HIGH_SCENE_ANOMALY",
          "SPATIAL_ANOMALY",
          "VEG_BUILTUP_COHERENCE",
          "VEGETATION_LOSS",
          "BUILTUP_SENSITIVE_CHANGE",
          "PERSISTENT_CHANGE",
          "STRONG_CHANGE_MAGNITUDE",
          "CYCLICAL_REVERSAL_DAMPENED"
        ],
        "overall_anomaly": 0.7587,
        "headline": "Strong and persistent land-cover change"
      }
    },
    {
      "type": "Feature",
      "geometry": {
        "type": "Point",
        "coordinates": [
          78.370905,
          17.367096
        ]
      },
      "properties": {
        "grid_id": "HYD_1252",
        "rank": 139,
        "priority_score": 0.5623,
        "priority_level": "MEDIUM",
        "recommendation": "MONITOR_AND_REVIEW",
        "period": "2020_2026",
        "reasons": [
          "HIGH_SCENE_ANOMALY",
          "SPATIAL_ANOMALY",
          "STRONG_CHANGE_MAGNITUDE",
          "CYCLICAL_REVERSAL_DAMPENED"
        ],
        "overall_anomaly": 0.8678,
        "headline": "Pronounced localized spectral change anomaly"
      }
    },
    {
      "type": "Feature",
      "geometry": {
        "type": "Point",
        "coordinates": [
          78.529982,
          17.427836
        ]
      },
      "properties": {
        "grid_id": "HYD_0727",
        "rank": 140,
        "priority_score": 0.5615,
        "priority_level": "MEDIUM",
        "recommendation": "MONITOR_AND_REVIEW",
        "period": "2020_2026",
        "reasons": [
          "HIGH_SCENE_ANOMALY",
          "SPATIAL_ANOMALY",
          "VEG_BUILTUP_COHERENCE",
          "VEGETATION_LOSS",
          "BUILTUP_SENSITIVE_CHANGE",
          "CYCLICAL_REVERSAL_DAMPENED"
        ],
        "overall_anomaly": 0.7721,
        "headline": "Coherent multi-spectral land-cover alteration"
      }
    },
    {
      "type": "Feature",
      "geometry": {
        "type": "Point",
        "coordinates": [
          78.435406,
          17.462767
        ]
      },
      "properties": {
        "grid_id": "HYD_0363",
        "rank": 141,
        "priority_score": 0.5599,
        "priority_level": "MEDIUM",
        "recommendation": "MONITOR_AND_REVIEW",
        "period": "2020_2026",
        "reasons": [
          "HIGH_SCENE_ANOMALY",
          "SPATIAL_ANOMALY",
          "VEG_BUILTUP_COHERENCE",
          "VEGETATION_LOSS",
          "BUILTUP_SENSITIVE_CHANGE",
          "CYCLICAL_REVERSAL_DAMPENED"
        ],
        "overall_anomaly": 0.753,
        "headline": "Coherent multi-spectral land-cover alteration"
      }
    },
    {
      "type": "Feature",
      "geometry": {
        "type": "Point",
        "coordinates": [
          78.408645,
          17.358557
        ]
      },
      "properties": {
        "grid_id": "HYD_1346",
        "rank": 142,
        "priority_score": 0.5598,
        "priority_level": "MEDIUM",
        "recommendation": "MONITOR_AND_REVIEW",
        "period": "2020_2026",
        "reasons": [
          "HIGH_SCENE_ANOMALY",
          "SPATIAL_ANOMALY",
          "VEG_BUILTUP_COHERENCE",
          "VEGETATION_LOSS",
          "STRONG_CHANGE_MAGNITUDE",
          "CYCLICAL_REVERSAL_DAMPENED"
        ],
        "overall_anomaly": 0.8155,
        "headline": "Coherent multi-spectral land-cover alteration"
      }
    },
    {
      "type": "Feature",
      "geometry": {
        "type": "Point",
        "coordinates": [
          78.533896,
          17.486594
        ]
      },
      "properties": {
        "grid_id": "HYD_0169",
        "rank": 143,
        "priority_score": 0.5597,
        "priority_level": "MEDIUM",
        "recommendation": "MONITOR_AND_REVIEW",
        "period": "2020_2026",
        "reasons": [
          "HIGH_SCENE_ANOMALY",
          "SPATIAL_ANOMALY",
          "VEG_BUILTUP_COHERENCE",
          "VEGETATION_LOSS",
          "BUILTUP_SENSITIVE_CHANGE",
          "CYCLICAL_REVERSAL_DAMPENED"
        ],
        "overall_anomaly": 0.7646,
        "headline": "Coherent multi-spectral land-cover alteration"
      }
    },
    {
      "type": "Feature",
      "geometry": {
        "type": "Point",
        "coordinates": [
          78.403179,
          17.412676
        ]
      },
      "properties": {
        "grid_id": "HYD_0829",
        "rank": 144,
        "priority_score": 0.559,
        "priority_level": "MEDIUM",
        "recommendation": "MONITOR_AND_REVIEW",
        "period": "2020_2026",
        "reasons": [
          "HIGH_SCENE_ANOMALY",
          "SPATIAL_ANOMALY",
          "VEG_BUILTUP_COHERENCE",
          "VEGETATION_LOSS",
          "STRONG_CHANGE_MAGNITUDE",
          "CYCLICAL_REVERSAL_DAMPENED"
        ],
        "overall_anomaly": 0.8267,
        "headline": "Coherent multi-spectral land-cover alteration"
      }
    },
    {
      "type": "Feature",
      "geometry": {
        "type": "Point",
        "coordinates": [
          78.375542,
          17.371672
        ]
      },
      "properties": {
        "grid_id": "HYD_1210",
        "rank": 145,
        "priority_score": 0.5588,
        "priority_level": "MEDIUM",
        "recommendation": "MONITOR_AND_REVIEW",
        "period": "2020_2026",
        "reasons": [
          "HIGH_SCENE_ANOMALY",
          "SPATIAL_ANOMALY",
          "VEG_BUILTUP_COHERENCE",
          "VEGETATION_LOSS",
          "STRONG_CHANGE_MAGNITUDE",
          "CYCLICAL_REVERSAL_DAMPENED"
        ],
        "overall_anomaly": 0.8176,
        "headline": "Coherent multi-spectral land-cover alteration"
      }
    },
    {
      "type": "Feature",
      "geometry": {
        "type": "Point",
        "coordinates": [
          78.544214,
          17.41898
        ]
      },
      "properties": {
        "grid_id": "HYD_0816",
        "rank": 146,
        "priority_score": 0.5587,
        "priority_level": "MEDIUM",
        "recommendation": "MONITOR_AND_REVIEW",
        "period": "2020_2026",
        "reasons": [
          "HIGH_SCENE_ANOMALY",
          "SPATIAL_ANOMALY",
          "VEG_BUILTUP_COHERENCE",
          "VEGETATION_LOSS",
          "BUILTUP_SENSITIVE_CHANGE",
          "PERSISTENT_CHANGE",
          "CYCLICAL_REVERSAL_DAMPENED"
        ],
        "overall_anomaly": 0.7567,
        "headline": "Strong and persistent land-cover change"
      }
    },
    {
      "type": "Feature",
      "geometry": {
        "type": "Point",
        "coordinates": [
          78.388942,
          17.421521
        ]
      },
      "properties": {
        "grid_id": "HYD_0740",
        "rank": 147,
        "priority_score": 0.5584,
        "priority_level": "MEDIUM",
        "recommendation": "MONITOR_AND_REVIEW",
        "period": "2020_2026",
        "reasons": [
          "HIGH_SCENE_ANOMALY",
          "SPATIAL_ANOMALY",
          "VEG_BUILTUP_COHERENCE",
          "VEGETATION_LOSS",
          "STRONG_CHANGE_MAGNITUDE",
          "CYCLICAL_REVERSAL_DAMPENED"
        ],
        "overall_anomaly": 0.8377,
        "headline": "Coherent multi-spectral land-cover alteration"
      }
    },
    {
      "type": "Feature",
      "geometry": {
        "type": "Point",
        "coordinates": [
          78.402668,
          17.448795
        ]
      },
      "properties": {
        "grid_id": "HYD_0485",
        "rank": 148,
        "priority_score": 0.5582,
        "priority_level": "MEDIUM",
        "recommendation": "MONITOR_AND_REVIEW",
        "period": "2020_2026",
        "reasons": [
          "HIGH_SCENE_ANOMALY",
          "SPATIAL_ANOMALY",
          "VEG_BUILTUP_COHERENCE",
          "VEGETATION_LOSS",
          "STRONG_CHANGE_MAGNITUDE",
          "CYCLICAL_REVERSAL_DAMPENED"
        ],
        "overall_anomaly": 0.8232,
        "headline": "Coherent multi-spectral land-cover alteration"
      }
    },
    {
      "type": "Feature",
      "geometry": {
        "type": "Point",
        "coordinates": [
          78.549052,
          17.405491
        ]
      },
      "properties": {
        "grid_id": "HYD_0946",
        "rank": 149,
        "priority_score": 0.5577,
        "priority_level": "MEDIUM",
        "recommendation": "MONITOR_AND_REVIEW",
        "period": "2020_2026",
        "reasons": [
          "HIGH_SCENE_ANOMALY",
          "SPATIAL_ANOMALY",
          "VEG_BUILTUP_COHERENCE",
          "VEGETATION_LOSS",
          "BUILTUP_SENSITIVE_CHANGE",
          "STRONG_CHANGE_MAGNITUDE",
          "CYCLICAL_REVERSAL_DAMPENED"
        ],
        "overall_anomaly": 0.8575,
        "headline": "Coherent multi-spectral land-cover alteration"
      }
    },
    {
      "type": "Feature",
      "geometry": {
        "type": "Point",
        "coordinates": [
          78.469022,
          17.413523
        ]
      },
      "properties": {
        "grid_id": "HYD_0843",
        "rank": 150,
        "priority_score": 0.5576,
        "priority_level": "MEDIUM",
        "recommendation": "MONITOR_AND_REVIEW",
        "period": "2020_2026",
        "reasons": [
          "HIGH_SCENE_ANOMALY",
          "SPATIAL_ANOMALY",
          "VEG_BUILTUP_COHERENCE",
          "VEGETATION_LOSS",
          "BUILTUP_SENSITIVE_CHANGE",
          "STRONG_CHANGE_MAGNITUDE",
          "CYCLICAL_REVERSAL_DAMPENED"
        ],
        "overall_anomaly": 0.8149,
        "headline": "Coherent multi-spectral land-cover alteration"
      }
    },
    {
      "type": "Feature",
      "geometry": {
        "type": "Point",
        "coordinates": [
          78.380244,
          17.371734
        ]
      },
      "properties": {
        "grid_id": "HYD_1211",
        "rank": 151,
        "priority_score": 0.5575,
        "priority_level": "MEDIUM",
        "recommendation": "MONITOR_AND_REVIEW",
        "period": "2020_2026",
        "reasons": [
          "HIGH_SCENE_ANOMALY",
          "SPATIAL_ANOMALY",
          "VEG_BUILTUP_COHERENCE",
          "VEGETATION_LOSS",
          "STRONG_CHANGE_MAGNITUDE",
          "CYCLICAL_REVERSAL_DAMPENED"
        ],
        "overall_anomaly": 0.8112,
        "headline": "Coherent multi-spectral land-cover alteration"
      }
    },
    {
      "type": "Feature",
      "geometry": {
        "type": "Point",
        "coordinates": [
          78.356346,
          17.398513
        ]
      },
      "properties": {
        "grid_id": "HYD_0948",
        "rank": 152,
        "priority_score": 0.5574,
        "priority_level": "MEDIUM",
        "recommendation": "MONITOR_AND_REVIEW",
        "period": "2020_2026",
        "reasons": [
          "HIGH_SCENE_ANOMALY",
          "SPATIAL_ANOMALY",
          "VEG_BUILTUP_COHERENCE",
          "VEGETATION_LOSS",
          "STRONG_CHANGE_MAGNITUDE",
          "CYCLICAL_REVERSAL_DAMPENED"
        ],
        "overall_anomaly": 0.8218,
        "headline": "Coherent multi-spectral land-cover alteration"
      }
    },
    {
      "type": "Feature",
      "geometry": {
        "type": "Point",
        "coordinates": [
          78.539632,
          17.409891
        ]
      },
      "properties": {
        "grid_id": "HYD_0901",
        "rank": 153,
        "priority_score": 0.5565,
        "priority_level": "MEDIUM",
        "recommendation": "MONITOR_AND_REVIEW",
        "period": "2020_2026",
        "reasons": [
          "HIGH_SCENE_ANOMALY",
          "SPATIAL_ANOMALY",
          "VEG_BUILTUP_COHERENCE",
          "VEGETATION_LOSS",
          "BUILTUP_SENSITIVE_CHANGE",
          "CYCLICAL_REVERSAL_DAMPENED"
        ],
        "overall_anomaly": 0.7523,
        "headline": "Coherent multi-spectral land-cover alteration"
      }
    },
    {
      "type": "Feature",
      "geometry": {
        "type": "Point",
        "coordinates": [
          78.515014,
          17.490875
        ]
      },
      "properties": {
        "grid_id": "HYD_0122",
        "rank": 154,
        "priority_score": 0.5559,
        "priority_level": "MEDIUM",
        "recommendation": "MONITOR_AND_REVIEW",
        "period": "2020_2026",
        "reasons": [
          "HIGH_SCENE_ANOMALY",
          "SPATIAL_ANOMALY",
          "VEG_BUILTUP_COHERENCE",
          "VEGETATION_LOSS",
          "BUILTUP_SENSITIVE_CHANGE",
          "CYCLICAL_REVERSAL_DAMPENED"
        ],
        "overall_anomaly": 0.7829,
        "headline": "Coherent multi-spectral land-cover alteration"
      }
    },
    {
      "type": "Feature",
      "geometry": {
        "type": "Point",
        "coordinates": [
          78.483007,
          17.422732
        ]
      },
      "properties": {
        "grid_id": "HYD_0760",
        "rank": 155,
        "priority_score": 0.555,
        "priority_level": "MEDIUM",
        "recommendation": "MONITOR_AND_REVIEW",
        "period": "2020_2026",
        "reasons": [
          "HIGH_SCENE_ANOMALY",
          "VEG_BUILTUP_COHERENCE",
          "VEGETATION_LOSS",
          "BUILTUP_SENSITIVE_CHANGE",
          "PERSISTENT_CHANGE",
          "STRONG_CHANGE_MAGNITUDE",
          "CYCLICAL_REVERSAL_DAMPENED"
        ],
        "overall_anomaly": 0.7207,
        "headline": "Strong and persistent land-cover change"
      }
    },
    {
      "type": "Feature",
      "geometry": {
        "type": "Point",
        "coordinates": [
          78.520025,
          17.468357
        ]
      },
      "properties": {
        "grid_id": "HYD_0338",
        "rank": 156,
        "priority_score": 0.5548,
        "priority_level": "MEDIUM",
        "recommendation": "MONITOR_AND_REVIEW",
        "period": "2020_2026",
        "reasons": [
          "HIGH_SCENE_ANOMALY",
          "VEG_BUILTUP_COHERENCE",
          "VEGETATION_LOSS",
          "BUILTUP_SENSITIVE_CHANGE",
          "CYCLICAL_REVERSAL_DAMPENED"
        ],
        "overall_anomaly": 0.7519,
        "headline": "Coherent multi-spectral land-cover alteration"
      }
    },
    {
      "type": "Feature",
      "geometry": {
        "type": "Point",
        "coordinates": [
          78.432273,
          17.350282
        ]
      },
      "properties": {
        "grid_id": "HYD_1437",
        "rank": 157,
        "priority_score": 0.5527,
        "priority_level": "MEDIUM",
        "recommendation": "MONITOR_AND_REVIEW",
        "period": "2020_2026",
        "reasons": [
          "HIGH_SCENE_ANOMALY",
          "SPATIAL_ANOMALY",
          "VEG_BUILTUP_COHERENCE",
          "VEGETATION_LOSS",
          "BUILTUP_SENSITIVE_CHANGE",
          "STRONG_CHANGE_MAGNITUDE",
          "CYCLICAL_REVERSAL_DAMPENED"
        ],
        "overall_anomaly": 0.8317,
        "headline": "Coherent multi-spectral land-cover alteration"
      }
    },
    {
      "type": "Feature",
      "geometry": {
        "type": "Point",
        "coordinates": [
          78.451079,
          17.350523
        ]
      },
      "properties": {
        "grid_id": "HYD_1441",
        "rank": 158,
        "priority_score": 0.5524,
        "priority_level": "MEDIUM",
        "recommendation": "MONITOR_AND_REVIEW",
        "period": "2020_2026",
        "reasons": [
          "HIGH_SCENE_ANOMALY",
          "SPATIAL_ANOMALY",
          "VEG_BUILTUP_COHERENCE",
          "VEGETATION_LOSS",
          "BUILTUP_SENSITIVE_CHANGE",
          "CYCLICAL_REVERSAL_DAMPENED"
        ],
        "overall_anomaly": 0.7977,
        "headline": "Coherent multi-spectral land-cover alteration"
      }
    },
    {
      "type": "Feature",
      "geometry": {
        "type": "Point",
        "coordinates": [
          78.351709,
          17.393936
        ]
      },
      "properties": {
        "grid_id": "HYD_0990",
        "rank": 159,
        "priority_score": 0.5523,
        "priority_level": "MEDIUM",
        "recommendation": "MONITOR_AND_REVIEW",
        "period": "2020_2026",
        "reasons": [
          "HIGH_SCENE_ANOMALY",
          "SPATIAL_ANOMALY",
          "VEG_BUILTUP_COHERENCE",
          "VEGETATION_LOSS",
          "STRONG_CHANGE_MAGNITUDE",
          "CYCLICAL_REVERSAL_DAMPENED"
        ],
        "overall_anomaly": 0.8365,
        "headline": "Coherent multi-spectral land-cover alteration"
      }
    },
    {
      "type": "Feature",
      "geometry": {
        "type": "Point",
        "coordinates": [
          78.483069,
          17.418217
        ]
      },
      "properties": {
        "grid_id": "HYD_0803",
        "rank": 160,
        "priority_score": 0.5513,
        "priority_level": "MEDIUM",
        "recommendation": "MONITOR_AND_REVIEW",
        "period": "2020_2026",
        "reasons": [
          "HIGH_SCENE_ANOMALY",
          "SPATIAL_ANOMALY",
          "VEG_BUILTUP_COHERENCE",
          "VEGETATION_LOSS",
          "BUILTUP_SENSITIVE_CHANGE",
          "CYCLICAL_REVERSAL_DAMPENED"
        ],
        "overall_anomaly": 0.7765,
        "headline": "Coherent multi-spectral land-cover alteration"
      }
    },
    {
      "type": "Feature",
      "geometry": {
        "type": "Point",
        "coordinates": [
          78.51581,
          17.432176
        ]
      },
      "properties": {
        "grid_id": "HYD_0681",
        "rank": 161,
        "priority_score": 0.5507,
        "priority_level": "MEDIUM",
        "recommendation": "MONITOR_AND_REVIEW",
        "period": "2020_2026",
        "reasons": [
          "HIGH_SCENE_ANOMALY",
          "SPATIAL_ANOMALY",
          "VEG_BUILTUP_COHERENCE",
          "VEGETATION_LOSS",
          "PERSISTENT_CHANGE",
          "STRONG_CHANGE_MAGNITUDE"
        ],
        "overall_anomaly": 0.8108,
        "headline": "Strong and persistent land-cover change"
      }
    },
    {
      "type": "Feature",
      "geometry": {
        "type": "Point",
        "coordinates": [
          78.492106,
          17.445427
        ]
      },
      "properties": {
        "grid_id": "HYD_0547",
        "rank": 162,
        "priority_score": 0.5507,
        "priority_level": "MEDIUM",
        "recommendation": "MONITOR_AND_REVIEW",
        "period": "2020_2026",
        "reasons": [
          "HIGH_SCENE_ANOMALY",
          "SPATIAL_ANOMALY",
          "VEG_BUILTUP_COHERENCE",
          "VEGETATION_LOSS",
          "STRONG_CHANGE_MAGNITUDE",
          "CYCLICAL_REVERSAL_DAMPENED"
        ],
        "overall_anomaly": 0.7643,
        "headline": "Coherent multi-spectral land-cover alteration"
      }
    },
    {
      "type": "Feature",
      "geometry": {
        "type": "Point",
        "coordinates": [
          78.510431,
          17.481785
        ]
      },
      "properties": {
        "grid_id": "HYD_0207",
        "rank": 163,
        "priority_score": 0.5504,
        "priority_level": "MEDIUM",
        "recommendation": "MONITOR_AND_REVIEW",
        "period": "2020_2026",
        "reasons": [
          "HIGH_SCENE_ANOMALY",
          "SPATIAL_ANOMALY",
          "VEG_BUILTUP_COHERENCE",
          "VEGETATION_LOSS",
          "STRONG_CHANGE_MAGNITUDE",
          "CYCLICAL_REVERSAL_DAMPENED"
        ],
        "overall_anomaly": 0.8142,
        "headline": "Coherent multi-spectral land-cover alteration"
      }
    },
    {
      "type": "Feature",
      "geometry": {
        "type": "Point",
        "coordinates": [
          78.361307,
          17.380516
        ]
      },
      "properties": {
        "grid_id": "HYD_1121",
        "rank": 164,
        "priority_score": 0.5488,
        "priority_level": "MEDIUM",
        "recommendation": "MONITOR_AND_REVIEW",
        "period": "2020_2026",
        "reasons": [
          "HIGH_SCENE_ANOMALY",
          "SPATIAL_ANOMALY",
          "VEG_BUILTUP_COHERENCE",
          "VEGETATION_LOSS",
          "STRONG_CHANGE_MAGNITUDE",
          "CYCLICAL_REVERSAL_DAMPENED"
        ],
        "overall_anomaly": 0.844,
        "headline": "Coherent multi-spectral land-cover alteration"
      }
    },
    {
      "type": "Feature",
      "geometry": {
        "type": "Point",
        "coordinates": [
          78.375413,
          17.380702
        ]
      },
      "properties": {
        "grid_id": "HYD_1124",
        "rank": 165,
        "priority_score": 0.5485,
        "priority_level": "MEDIUM",
        "recommendation": "MONITOR_AND_REVIEW",
        "period": "2020_2026",
        "reasons": [
          "HIGH_SCENE_ANOMALY",
          "SPATIAL_ANOMALY",
          "VEGETATION_LOSS",
          "PERSISTENT_CHANGE",
          "STRONG_CHANGE_MAGNITUDE",
          "CYCLICAL_REVERSAL_DAMPENED"
        ],
        "overall_anomaly": 0.7966,
        "headline": "Pronounced localized spectral change anomaly"
      }
    },
    {
      "type": "Feature",
      "geometry": {
        "type": "Point",
        "coordinates": [
          78.431838,
          17.381436
        ]
      },
      "properties": {
        "grid_id": "HYD_1136",
        "rank": 166,
        "priority_score": 0.5482,
        "priority_level": "MEDIUM",
        "recommendation": "MONITOR_AND_REVIEW",
        "period": "2020_2026",
        "reasons": [
          "HIGH_SCENE_ANOMALY",
          "SPATIAL_ANOMALY",
          "VEG_BUILTUP_COHERENCE",
          "VEGETATION_LOSS",
          "CYCLICAL_REVERSAL_DAMPENED"
        ],
        "overall_anomaly": 0.8451,
        "headline": "Coherent multi-spectral land-cover alteration"
      }
    },
    {
      "type": "Feature",
      "geometry": {
        "type": "Point",
        "coordinates": [
          78.51532,
          17.468298
        ]
      },
      "properties": {
        "grid_id": "HYD_0337",
        "rank": 167,
        "priority_score": 0.5476,
        "priority_level": "MEDIUM",
        "recommendation": "MONITOR_AND_REVIEW",
        "period": "2020_2026",
        "reasons": [
          "HIGH_SCENE_ANOMALY",
          "SPATIAL_ANOMALY",
          "VEG_BUILTUP_COHERENCE",
          "VEGETATION_LOSS",
          "BUILTUP_SENSITIVE_CHANGE",
          "CYCLICAL_REVERSAL_DAMPENED"
        ],
        "overall_anomaly": 0.7574,
        "headline": "Coherent multi-spectral land-cover alteration"
      }
    },
    {
      "type": "Feature",
      "geometry": {
        "type": "Point",
        "coordinates": [
          78.374768,
          17.42585
        ]
      },
      "properties": {
        "grid_id": "HYD_0694",
        "rank": 168,
        "priority_score": 0.5471,
        "priority_level": "MEDIUM",
        "recommendation": "MONITOR_AND_REVIEW",
        "period": "2020_2026",
        "reasons": [
          "HIGH_SCENE_ANOMALY",
          "SPATIAL_ANOMALY",
          "STRONG_CHANGE_MAGNITUDE",
          "CYCLICAL_REVERSAL_DAMPENED"
        ],
        "overall_anomaly": 0.8877,
        "headline": "Pronounced localized spectral change anomaly"
      }
    },
    {
      "type": "Feature",
      "geometry": {
        "type": "Point",
        "coordinates": [
          78.356216,
          17.407543
        ]
      },
      "properties": {
        "grid_id": "HYD_0862",
        "rank": 169,
        "priority_score": 0.5454,
        "priority_level": "MEDIUM",
        "recommendation": "MONITOR_AND_REVIEW",
        "period": "2020_2026",
        "reasons": [
          "HIGH_SCENE_ANOMALY",
          "SPATIAL_ANOMALY",
          "VEGETATION_LOSS",
          "STRONG_CHANGE_MAGNITUDE"
        ],
        "overall_anomaly": 0.8223,
        "headline": "Pronounced localized spectral change anomaly"
      }
    },
    {
      "type": "Feature",
      "geometry": {
        "type": "Point",
        "coordinates": [
          78.482387,
          17.467884
        ]
      },
      "properties": {
        "grid_id": "HYD_0330",
        "rank": 170,
        "priority_score": 0.5451,
        "priority_level": "MEDIUM",
        "recommendation": "MONITOR_AND_REVIEW",
        "period": "2020_2026",
        "reasons": [
          "HIGH_SCENE_ANOMALY",
          "SPATIAL_ANOMALY",
          "VEG_BUILTUP_COHERENCE",
          "VEGETATION_LOSS"
        ],
        "overall_anomaly": 0.8155,
        "headline": "Coherent multi-spectral land-cover alteration"
      }
    },
    {
      "type": "Feature",
      "geometry": {
        "type": "Point",
        "coordinates": [
          78.352034,
          17.371362
        ]
      },
      "properties": {
        "grid_id": "HYD_1205",
        "rank": 171,
        "priority_score": 0.5417,
        "priority_level": "MEDIUM",
        "recommendation": "MONITOR_AND_REVIEW",
        "period": "2020_2026",
        "reasons": [
          "HIGH_SCENE_ANOMALY",
          "SPATIAL_ANOMALY",
          "VEGETATION_LOSS",
          "STRONG_CHANGE_MAGNITUDE",
          "CYCLICAL_REVERSAL_DAMPENED"
        ],
        "overall_anomaly": 0.8584,
        "headline": "Pronounced localized spectral change anomaly"
      }
    },
    {
      "type": "Feature",
      "geometry": {
        "type": "Point",
        "coordinates": [
          78.375478,
          17.376187
        ]
      },
      "properties": {
        "grid_id": "HYD_1167",
        "rank": 172,
        "priority_score": 0.5416,
        "priority_level": "MEDIUM",
        "recommendation": "MONITOR_AND_REVIEW",
        "period": "2020_2026",
        "reasons": [
          "HIGH_SCENE_ANOMALY",
          "SPATIAL_ANOMALY",
          "VEG_BUILTUP_COHERENCE",
          "VEGETATION_LOSS",
          "STRONG_CHANGE_MAGNITUDE",
          "CYCLICAL_REVERSAL_DAMPENED"
        ],
        "overall_anomaly": 0.8128,
        "headline": "Coherent multi-spectral land-cover alteration"
      }
    },
    {
      "type": "Feature",
      "geometry": {
        "type": "Point",
        "coordinates": [
          78.496563,
          17.463547
        ]
      },
      "properties": {
        "grid_id": "HYD_0376",
        "rank": 173,
        "priority_score": 0.54,
        "priority_level": "MEDIUM",
        "recommendation": "MONITOR_AND_REVIEW",
        "period": "2020_2026",
        "reasons": [
          "HIGH_SCENE_ANOMALY",
          "VEG_BUILTUP_COHERENCE",
          "VEGETATION_LOSS",
          "BUILTUP_SENSITIVE_CHANGE",
          "CYCLICAL_REVERSAL_DAMPENED"
        ],
        "overall_anomaly": 0.7297,
        "headline": "Coherent multi-spectral land-cover alteration"
      }
    },
    {
      "type": "Feature",
      "geometry": {
        "type": "Point",
        "coordinates": [
          78.370259,
          17.412244
        ]
      },
      "properties": {
        "grid_id": "HYD_0822",
        "rank": 174,
        "priority_score": 0.5399,
        "priority_level": "MEDIUM",
        "recommendation": "MONITOR_AND_REVIEW",
        "period": "2020_2026",
        "reasons": [
          "HIGH_SCENE_ANOMALY",
          "SPATIAL_ANOMALY",
          "VEG_BUILTUP_COHERENCE",
          "VEGETATION_LOSS",
          "STRONG_CHANGE_MAGNITUDE",
          "CYCLICAL_REVERSAL_DAMPENED"
        ],
        "overall_anomaly": 0.8491,
        "headline": "Coherent multi-spectral land-cover alteration"
      }
    },
    {
      "type": "Feature",
      "geometry": {
        "type": "Point",
        "coordinates": [
          78.351448,
          17.411995
        ]
      },
      "properties": {
        "grid_id": "HYD_0818",
        "rank": 175,
        "priority_score": 0.5398,
        "priority_level": "MEDIUM",
        "recommendation": "MONITOR_AND_REVIEW",
        "period": "2020_2026",
        "reasons": [
          "HIGH_SCENE_ANOMALY",
          "SPATIAL_ANOMALY",
          "VEG_BUILTUP_COHERENCE",
          "VEGETATION_LOSS",
          "WATER_CHANGE",
          "STRONG_CHANGE_MAGNITUDE",
          "CYCLICAL_REVERSAL_DAMPENED"
        ],
        "overall_anomaly": 0.8155,
        "headline": "Coherent multi-spectral land-cover alteration"
      }
    },
    {
      "type": "Feature",
      "geometry": {
        "type": "Point",
        "coordinates": [
          78.530952,
          17.35559
        ]
      },
      "properties": {
        "grid_id": "HYD_1415",
        "rank": 176,
        "priority_score": 0.5397,
        "priority_level": "MEDIUM",
        "recommendation": "MONITOR_AND_REVIEW",
        "period": "2020_2026",
        "reasons": [
          "HIGH_SCENE_ANOMALY",
          "SPATIAL_ANOMALY",
          "VEG_BUILTUP_COHERENCE",
          "VEGETATION_LOSS",
          "BUILTUP_SENSITIVE_CHANGE",
          "STRONG_CHANGE_MAGNITUDE",
          "CYCLICAL_REVERSAL_DAMPENED"
        ],
        "overall_anomaly": 0.87,
        "headline": "Coherent multi-spectral land-cover alteration"
      }
    },
    {
      "type": "Feature",
      "geometry": {
        "type": "Point",
        "coordinates": [
          78.450084,
          17.422313
        ]
      },
      "properties": {
        "grid_id": "HYD_0753",
        "rank": 177,
        "priority_score": 0.5389,
        "priority_level": "MEDIUM",
        "recommendation": "MONITOR_AND_REVIEW",
        "period": "2020_2026",
        "reasons": [
          "HIGH_SCENE_ANOMALY",
          "SPATIAL_ANOMALY",
          "VEG_BUILTUP_COHERENCE",
          "VEGETATION_LOSS",
          "PERSISTENT_CHANGE",
          "CYCLICAL_REVERSAL_DAMPENED"
        ],
        "overall_anomaly": 0.8173,
        "headline": "Strong and persistent land-cover change"
      }
    },
    {
      "type": "Feature",
      "geometry": {
        "type": "Point",
        "coordinates": [
          78.544154,
          17.423495
        ]
      },
      "properties": {
        "grid_id": "HYD_0773",
        "rank": 178,
        "priority_score": 0.5384,
        "priority_level": "MEDIUM",
        "recommendation": "MONITOR_AND_REVIEW",
        "period": "2020_2026",
        "reasons": [
          "HIGH_SCENE_ANOMALY",
          "SPATIAL_ANOMALY",
          "VEG_BUILTUP_COHERENCE",
          "VEGETATION_LOSS",
          "BUILTUP_SENSITIVE_CHANGE",
          "CYCLICAL_REVERSAL_DAMPENED"
        ],
        "overall_anomaly": 0.781,
        "headline": "Coherent multi-spectral land-cover alteration"
      }
    },
    {
      "type": "Feature",
      "geometry": {
        "type": "Point",
        "coordinates": [
          78.491673,
          17.477033
        ]
      },
      "properties": {
        "grid_id": "HYD_0246",
        "rank": 179,
        "priority_score": 0.5373,
        "priority_level": "MEDIUM",
        "recommendation": "MONITOR_AND_REVIEW",
        "period": "2020_2026",
        "reasons": [
          "HIGH_SCENE_ANOMALY",
          "SPATIAL_ANOMALY",
          "VEGETATION_LOSS",
          "STRONG_CHANGE_MAGNITUDE",
          "CYCLICAL_REVERSAL_DAMPENED"
        ],
        "overall_anomaly": 0.8625,
        "headline": "Pronounced localized spectral change anomaly"
      }
    },
    {
      "type": "Feature",
      "geometry": {
        "type": "Point",
        "coordinates": [
          78.350208,
          17.497774
        ]
      },
      "properties": {
        "grid_id": "HYD_0001",
        "rank": 180,
        "priority_score": 0.5366,
        "priority_level": "MEDIUM",
        "recommendation": "MONITOR_AND_REVIEW",
        "period": "2020_2026",
        "reasons": [
          "HIGH_SCENE_ANOMALY",
          "SPATIAL_ANOMALY",
          "STRONG_CHANGE_MAGNITUDE",
          "CYCLICAL_REVERSAL_DAMPENED"
        ],
        "overall_anomaly": 0.8348,
        "headline": "Pronounced localized spectral change anomaly"
      }
    },
    {
      "type": "Feature",
      "geometry": {
        "type": "Point",
        "coordinates": [
          78.402155,
          17.484914
        ]
      },
      "properties": {
        "grid_id": "HYD_0141",
        "rank": 181,
        "priority_score": 0.5358,
        "priority_level": "MEDIUM",
        "recommendation": "MONITOR_AND_REVIEW",
        "period": "2020_2026",
        "reasons": [
          "HIGH_SCENE_ANOMALY",
          "SPATIAL_ANOMALY",
          "VEG_BUILTUP_COHERENCE",
          "CYCLICAL_REVERSAL_DAMPENED"
        ],
        "overall_anomaly": 0.8144,
        "headline": "Coherent multi-spectral land-cover alteration"
      }
    },
    {
      "type": "Feature",
      "geometry": {
        "type": "Point",
        "coordinates": [
          78.510493,
          17.47727
        ]
      },
      "properties": {
        "grid_id": "HYD_0250",
        "rank": 182,
        "priority_score": 0.5353,
        "priority_level": "MEDIUM",
        "recommendation": "MONITOR_AND_REVIEW",
        "period": "2020_2026",
        "reasons": [
          "HIGH_SCENE_ANOMALY",
          "SPATIAL_ANOMALY",
          "VEG_BUILTUP_COHERENCE",
          "VEGETATION_LOSS",
          "CYCLICAL_REVERSAL_DAMPENED"
        ],
        "overall_anomaly": 0.7703,
        "headline": "Coherent multi-spectral land-cover alteration"
      }
    },
    {
      "type": "Feature",
      "geometry": {
        "type": "Point",
        "coordinates": [
          78.454787,
          17.422373
        ]
      },
      "properties": {
        "grid_id": "HYD_0754",
        "rank": 183,
        "priority_score": 0.5352,
        "priority_level": "MEDIUM",
        "recommendation": "MONITOR_AND_REVIEW",
        "period": "2020_2026",
        "reasons": [
          "HIGH_SCENE_ANOMALY",
          "SPATIAL_ANOMALY",
          "VEG_BUILTUP_COHERENCE",
          "VEGETATION_LOSS",
          "BUILTUP_SENSITIVE_CHANGE",
          "STRONG_CHANGE_MAGNITUDE"
        ],
        "overall_anomaly": 0.7496,
        "headline": "Coherent multi-spectral land-cover alteration"
      }
    },
    {
      "type": "Feature",
      "geometry": {
        "type": "Point",
        "coordinates": [
          78.388749,
          17.435066
        ]
      },
      "properties": {
        "grid_id": "HYD_0611",
        "rank": 184,
        "priority_score": 0.5349,
        "priority_level": "MEDIUM",
        "recommendation": "MONITOR_AND_REVIEW",
        "period": "2020_2026",
        "reasons": [
          "HIGH_SCENE_ANOMALY",
          "SPATIAL_ANOMALY",
          "STRONG_CHANGE_MAGNITUDE",
          "CYCLICAL_REVERSAL_DAMPENED"
        ],
        "overall_anomaly": 0.8963,
        "headline": "Pronounced localized spectral change anomaly"
      }
    },
    {
      "type": "Feature",
      "geometry": {
        "type": "Point",
        "coordinates": [
          78.515504,
          17.454752
        ]
      },
      "properties": {
        "grid_id": "HYD_0466",
        "rank": 185,
        "priority_score": 0.5344,
        "priority_level": "MEDIUM",
        "recommendation": "MONITOR_AND_REVIEW",
        "period": "2020_2026",
        "reasons": [
          "HIGH_SCENE_ANOMALY",
          "SPATIAL_ANOMALY",
          "VEG_BUILTUP_COHERENCE",
          "VEGETATION_LOSS",
          "CYCLICAL_REVERSAL_DAMPENED"
        ],
        "overall_anomaly": 0.7988,
        "headline": "Coherent multi-spectral land-cover alteration"
      }
    },
    {
      "type": "Feature",
      "geometry": {
        "type": "Point",
        "coordinates": [
          78.398476,
          17.412614
        ]
      },
      "properties": {
        "grid_id": "HYD_0828",
        "rank": 186,
        "priority_score": 0.5337,
        "priority_level": "MEDIUM",
        "recommendation": "MONITOR_AND_REVIEW",
        "period": "2020_2026",
        "reasons": [
          "HIGH_SCENE_ANOMALY",
          "SPATIAL_ANOMALY",
          "VEG_BUILTUP_COHERENCE",
          "VEGETATION_LOSS",
          "CYCLICAL_REVERSAL_DAMPENED"
        ],
        "overall_anomaly": 0.8381,
        "headline": "Coherent multi-spectral land-cover alteration"
      }
    },
    {
      "type": "Feature",
      "geometry": {
        "type": "Point",
        "coordinates": [
          78.436729,
          17.367951
        ]
      },
      "properties": {
        "grid_id": "HYD_1266",
        "rank": 187,
        "priority_score": 0.5331,
        "priority_level": "MEDIUM",
        "recommendation": "MONITOR_AND_REVIEW",
        "period": "2020_2026",
        "reasons": [
          "HIGH_SCENE_ANOMALY",
          "SPATIAL_ANOMALY",
          "VEG_BUILTUP_COHERENCE",
          "VEGETATION_LOSS",
          "CYCLICAL_REVERSAL_DAMPENED"
        ],
        "overall_anomaly": 0.8067,
        "headline": "Coherent multi-spectral land-cover alteration"
      }
    },
    {
      "type": "Feature",
      "geometry": {
        "type": "Point",
        "coordinates": [
          78.383724,
          17.457578
        ]
      },
      "properties": {
        "grid_id": "HYD_0395",
        "rank": 188,
        "priority_score": 0.5324,
        "priority_level": "MEDIUM",
        "recommendation": "MONITOR_AND_REVIEW",
        "period": "2020_2026",
        "reasons": [
          "HIGH_SCENE_ANOMALY",
          "SPATIAL_ANOMALY",
          "VEG_BUILTUP_COHERENCE",
          "VEGETATION_LOSS",
          "STRONG_CHANGE_MAGNITUDE",
          "CYCLICAL_REVERSAL_DAMPENED"
        ],
        "overall_anomaly": 0.8305,
        "headline": "Coherent multi-spectral land-cover alteration"
      }
    },
    {
      "type": "Feature",
      "geometry": {
        "type": "Point",
        "coordinates": [
          78.403753,
          17.372041
        ]
      },
      "properties": {
        "grid_id": "HYD_1216",
        "rank": 189,
        "priority_score": 0.532,
        "priority_level": "MEDIUM",
        "recommendation": "MONITOR_AND_REVIEW",
        "period": "2020_2026",
        "reasons": [
          "HIGH_SCENE_ANOMALY",
          "SPATIAL_ANOMALY",
          "VEG_BUILTUP_COHERENCE",
          "VEGETATION_LOSS",
          "STRONG_CHANGE_MAGNITUDE",
          "CYCLICAL_REVERSAL_DAMPENED"
        ],
        "overall_anomaly": 0.8188,
        "headline": "Coherent multi-spectral land-cover alteration"
      }
    },
    {
      "type": "Feature",
      "geometry": {
        "type": "Point",
        "coordinates": [
          78.369028,
          17.498025
        ]
      },
      "properties": {
        "grid_id": "HYD_0005",
        "rank": 190,
        "priority_score": 0.5304,
        "priority_level": "MEDIUM",
        "recommendation": "MONITOR_AND_REVIEW",
        "period": "2020_2026",
        "reasons": [
          "HIGH_SCENE_ANOMALY",
          "SPATIAL_ANOMALY",
          "VEG_BUILTUP_COHERENCE",
          "VEGETATION_LOSS",
          "CYCLICAL_REVERSAL_DAMPENED"
        ],
        "overall_anomaly": 0.8387,
        "headline": "Coherent multi-spectral land-cover alteration"
      }
    },
    {
      "type": "Feature",
      "geometry": {
        "type": "Point",
        "coordinates": [
          78.408709,
          17.354042
        ]
      },
      "properties": {
        "grid_id": "HYD_1389",
        "rank": 191,
        "priority_score": 0.5298,
        "priority_level": "MEDIUM",
        "recommendation": "MONITOR_AND_REVIEW",
        "period": "2020_2026",
        "reasons": [
          "HIGH_SCENE_ANOMALY",
          "SPATIAL_ANOMALY",
          "VEG_BUILTUP_COHERENCE",
          "VEGETATION_LOSS",
          "STRONG_CHANGE_MAGNITUDE",
          "CYCLICAL_REVERSAL_DAMPENED"
        ],
        "overall_anomaly": 0.8087,
        "headline": "Coherent multi-spectral land-cover alteration"
      }
    },
    {
      "type": "Feature",
      "geometry": {
        "type": "Point",
        "coordinates": [
          78.379214,
          17.443972
        ]
      },
      "properties": {
        "grid_id": "HYD_0523",
        "rank": 192,
        "priority_score": 0.5293,
        "priority_level": "MEDIUM",
        "recommendation": "MONITOR_AND_REVIEW",
        "period": "2020_2026",
        "reasons": [
          "HIGH_SCENE_ANOMALY",
          "SPATIAL_ANOMALY",
          "VEG_BUILTUP_COHERENCE",
          "VEGETATION_LOSS",
          "CYCLICAL_REVERSAL_DAMPENED"
        ],
        "overall_anomaly": 0.8445,
        "headline": "Coherent multi-spectral land-cover alteration"
      }
    },
    {
      "type": "Feature",
      "geometry": {
        "type": "Point",
        "coordinates": [
          78.519596,
          17.499964
        ]
      },
      "properties": {
        "grid_id": "HYD_0037",
        "rank": 193,
        "priority_score": 0.5293,
        "priority_level": "MEDIUM",
        "recommendation": "MONITOR_AND_REVIEW",
        "period": "2020_2026",
        "reasons": [
          "HIGH_SCENE_ANOMALY",
          "SPATIAL_ANOMALY",
          "VEG_BUILTUP_COHERENCE",
          "VEGETATION_LOSS",
          "STRONG_CHANGE_MAGNITUDE",
          "CYCLICAL_REVERSAL_DAMPENED"
        ],
        "overall_anomaly": 0.7733,
        "headline": "Coherent multi-spectral land-cover alteration"
      }
    },
    {
      "type": "Feature",
      "geometry": {
        "type": "Point",
        "coordinates": [
          78.45372,
          17.49913
        ]
      },
      "properties": {
        "grid_id": "HYD_0023",
        "rank": 194,
        "priority_score": 0.5292,
        "priority_level": "MEDIUM",
        "recommendation": "MONITOR_AND_REVIEW",
        "period": "2020_2026",
        "reasons": [
          "HIGH_SCENE_ANOMALY",
          "SPATIAL_ANOMALY",
          "VEG_BUILTUP_COHERENCE",
          "VEGETATION_LOSS",
          "STRONG_CHANGE_MAGNITUDE",
          "CYCLICAL_REVERSAL_DAMPENED"
        ],
        "overall_anomaly": 0.8507,
        "headline": "Coherent multi-spectral land-cover alteration"
      }
    },
    {
      "type": "Feature",
      "geometry": {
        "type": "Point",
        "coordinates": [
          78.412521,
          17.417313
        ]
      },
      "properties": {
        "grid_id": "HYD_0788",
        "rank": 195,
        "priority_score": 0.5289,
        "priority_level": "MEDIUM",
        "recommendation": "MONITOR_AND_REVIEW",
        "period": "2020_2026",
        "reasons": [
          "HIGH_SCENE_ANOMALY",
          "SPATIAL_ANOMALY",
          "VEG_BUILTUP_COHERENCE",
          "VEGETATION_LOSS",
          "CYCLICAL_REVERSAL_DAMPENED"
        ],
        "overall_anomaly": 0.8122,
        "headline": "Coherent multi-spectral land-cover alteration"
      }
    },
    {
      "type": "Feature",
      "geometry": {
        "type": "Point",
        "coordinates": [
          78.458802,
          17.472099
        ]
      },
      "properties": {
        "grid_id": "HYD_0282",
        "rank": 196,
        "priority_score": 0.5281,
        "priority_level": "MEDIUM",
        "recommendation": "MONITOR_AND_REVIEW",
        "period": "2020_2026",
        "reasons": [
          "HIGH_SCENE_ANOMALY",
          "SPATIAL_ANOMALY",
          "VEG_BUILTUP_COHERENCE",
          "VEGETATION_LOSS",
          "BUILTUP_SENSITIVE_CHANGE",
          "CYCLICAL_REVERSAL_DAMPENED"
        ],
        "overall_anomaly": 0.7498,
        "headline": "Coherent multi-spectral land-cover alteration"
      }
    },
    {
      "type": "Feature",
      "geometry": {
        "type": "Point",
        "coordinates": [
          78.539934,
          17.387314
        ]
      },
      "properties": {
        "grid_id": "HYD_1116",
        "rank": 197,
        "priority_score": 0.5279,
        "priority_level": "MEDIUM",
        "recommendation": "MONITOR_AND_REVIEW",
        "period": "2020_2026",
        "reasons": [
          "HIGH_SCENE_ANOMALY",
          "SPATIAL_ANOMALY",
          "VEG_BUILTUP_COHERENCE",
          "VEGETATION_LOSS",
          "CYCLICAL_REVERSAL_DAMPENED"
        ],
        "overall_anomaly": 0.8424,
        "headline": "Coherent multi-spectral land-cover alteration"
      }
    },
    {
      "type": "Feature",
      "geometry": {
        "type": "Point",
        "coordinates": [
          78.365621,
          17.407667
        ]
      },
      "properties": {
        "grid_id": "HYD_0864",
        "rank": 198,
        "priority_score": 0.5279,
        "priority_level": "MEDIUM",
        "recommendation": "MONITOR_AND_REVIEW",
        "period": "2020_2026",
        "reasons": [
          "HIGH_SCENE_ANOMALY",
          "SPATIAL_ANOMALY",
          "VEGETATION_LOSS",
          "PERSISTENT_CHANGE",
          "STRONG_CHANGE_MAGNITUDE"
        ],
        "overall_anomaly": 0.7717,
        "headline": "Pronounced localized spectral change anomaly"
      }
    },
    {
      "type": "Feature",
      "geometry": {
        "type": "Point",
        "coordinates": [
          78.402412,
          17.466855
        ]
      },
      "properties": {
        "grid_id": "HYD_0313",
        "rank": 199,
        "priority_score": 0.5278,
        "priority_level": "MEDIUM",
        "recommendation": "MONITOR_AND_REVIEW",
        "period": "2020_2026",
        "reasons": [
          "HIGH_SCENE_ANOMALY",
          "SPATIAL_ANOMALY",
          "VEG_BUILTUP_COHERENCE",
          "VEGETATION_LOSS",
          "CYCLICAL_REVERSAL_DAMPENED"
        ],
        "overall_anomaly": 0.8246,
        "headline": "Coherent multi-spectral land-cover alteration"
      }
    },
    {
      "type": "Feature",
      "geometry": {
        "type": "Point",
        "coordinates": [
          78.539873,
          17.391829
        ]
      },
      "properties": {
        "grid_id": "HYD_1073",
        "rank": 200,
        "priority_score": 0.5274,
        "priority_level": "MEDIUM",
        "recommendation": "MONITOR_AND_REVIEW",
        "period": "2020_2026",
        "reasons": [
          "HIGH_SCENE_ANOMALY",
          "SPATIAL_ANOMALY",
          "VEG_BUILTUP_COHERENCE",
          "CYCLICAL_REVERSAL_DAMPENED"
        ],
        "overall_anomaly": 0.8251,
        "headline": "Coherent multi-spectral land-cover alteration"
      }
    },
    {
      "type": "Feature",
      "geometry": {
        "type": "Point",
        "coordinates": [
          78.35667,
          17.375939
        ]
      },
      "properties": {
        "grid_id": "HYD_1163",
        "rank": 201,
        "priority_score": 0.5269,
        "priority_level": "MEDIUM",
        "recommendation": "MONITOR_AND_REVIEW",
        "period": "2020_2026",
        "reasons": [
          "HIGH_SCENE_ANOMALY",
          "SPATIAL_ANOMALY",
          "VEGETATION_LOSS",
          "STRONG_CHANGE_MAGNITUDE",
          "CYCLICAL_REVERSAL_DAMPENED"
        ],
        "overall_anomaly": 0.8343,
        "headline": "Pronounced localized spectral change anomaly"
      }
    },
    {
      "type": "Feature",
      "geometry": {
        "type": "Point",
        "coordinates": [
          78.539753,
          17.40086
        ]
      },
      "properties": {
        "grid_id": "HYD_0987",
        "rank": 202,
        "priority_score": 0.5265,
        "priority_level": "MEDIUM",
        "recommendation": "MONITOR_AND_REVIEW",
        "period": "2020_2026",
        "reasons": [
          "HIGH_SCENE_ANOMALY",
          "SPATIAL_ANOMALY",
          "STRONG_CHANGE_MAGNITUDE",
          "CYCLICAL_REVERSAL_DAMPENED"
        ],
        "overall_anomaly": 0.8774,
        "headline": "Pronounced localized spectral change anomaly"
      }
    },
    {
      "type": "Feature",
      "geometry": {
        "type": "Point",
        "coordinates": [
          78.370065,
          17.425788
        ]
      },
      "properties": {
        "grid_id": "HYD_0693",
        "rank": 203,
        "priority_score": 0.5255,
        "priority_level": "MEDIUM",
        "recommendation": "MONITOR_AND_REVIEW",
        "period": "2020_2026",
        "reasons": [
          "HIGH_SCENE_ANOMALY",
          "SPATIAL_ANOMALY",
          "VEGETATION_LOSS",
          "STRONG_CHANGE_MAGNITUDE",
          "CYCLICAL_REVERSAL_DAMPENED"
        ],
        "overall_anomaly": 0.8344,
        "headline": "Pronounced localized spectral change anomaly"
      }
    },
    {
      "type": "Feature",
      "geometry": {
        "type": "Point",
        "coordinates": [
          78.403434,
          17.394616
        ]
      },
      "properties": {
        "grid_id": "HYD_1001",
        "rank": 204,
        "priority_score": 0.5254,
        "priority_level": "MEDIUM",
        "recommendation": "MONITOR_AND_REVIEW",
        "period": "2020_2026",
        "reasons": [
          "HIGH_SCENE_ANOMALY",
          "SPATIAL_ANOMALY",
          "VEG_BUILTUP_COHERENCE",
          "VEGETATION_LOSS",
          "CYCLICAL_REVERSAL_DAMPENED"
        ],
        "overall_anomaly": 0.7565,
        "headline": "Coherent multi-spectral land-cover alteration"
      }
    },
    {
      "type": "Feature",
      "geometry": {
        "type": "Point",
        "coordinates": [
          78.351644,
          17.398451
        ]
      },
      "properties": {
        "grid_id": "HYD_0947",
        "rank": 205,
        "priority_score": 0.524,
        "priority_level": "MEDIUM",
        "recommendation": "MONITOR_AND_REVIEW",
        "period": "2020_2026",
        "reasons": [
          "HIGH_SCENE_ANOMALY",
          "SPATIAL_ANOMALY",
          "VEGETATION_LOSS",
          "STRONG_CHANGE_MAGNITUDE",
          "CYCLICAL_REVERSAL_DAMPENED"
        ],
        "overall_anomaly": 0.8434,
        "headline": "Pronounced localized spectral change anomaly"
      }
    },
    {
      "type": "Feature",
      "geometry": {
        "type": "Point",
        "coordinates": [
          78.520453,
          17.43675
        ]
      },
      "properties": {
        "grid_id": "HYD_0639",
        "rank": 206,
        "priority_score": 0.5235,
        "priority_level": "MEDIUM",
        "recommendation": "MONITOR_AND_REVIEW",
        "period": "2020_2026",
        "reasons": [
          "HIGH_SCENE_ANOMALY",
          "SPATIAL_ANOMALY",
          "VEG_BUILTUP_COHERENCE",
          "VEGETATION_LOSS",
          "CYCLICAL_REVERSAL_DAMPENED"
        ],
        "overall_anomaly": 0.7861,
        "headline": "Coherent multi-spectral land-cover alteration"
      }
    },
    {
      "type": "Feature",
      "geometry": {
        "type": "Point",
        "coordinates": [
          78.525278,
          17.427777
        ]
      },
      "properties": {
        "grid_id": "HYD_0726",
        "rank": 207,
        "priority_score": 0.5233,
        "priority_level": "MEDIUM",
        "recommendation": "MONITOR_AND_REVIEW",
        "period": "2020_2026",
        "reasons": [
          "HIGH_SCENE_ANOMALY",
          "SPATIAL_ANOMALY",
          "VEG_BUILTUP_COHERENCE",
          "VEGETATION_LOSS",
          "BUILTUP_SENSITIVE_CHANGE",
          "CYCLICAL_REVERSAL_DAMPENED"
        ],
        "overall_anomaly": 0.7357,
        "headline": "Coherent multi-spectral land-cover alteration"
      }
    },
    {
      "type": "Feature",
      "geometry": {
        "type": "Point",
        "coordinates": [
          78.511718,
          17.386964
        ]
      },
      "properties": {
        "grid_id": "HYD_1110",
        "rank": 208,
        "priority_score": 0.523,
        "priority_level": "MEDIUM",
        "recommendation": "MONITOR_AND_REVIEW",
        "period": "2020_2026",
        "reasons": [
          "HIGH_SCENE_ANOMALY",
          "SPATIAL_ANOMALY",
          "VEG_BUILTUP_COHERENCE",
          "VEGETATION_LOSS",
          "STRONG_CHANGE_MAGNITUDE",
          "CYCLICAL_REVERSAL_DAMPENED"
        ],
        "overall_anomaly": 0.7968,
        "headline": "Coherent multi-spectral land-cover alteration"
      }
    },
    {
      "type": "Feature",
      "geometry": {
        "type": "Point",
        "coordinates": [
          78.351057,
          17.439083
        ]
      },
      "properties": {
        "grid_id": "HYD_0560",
        "rank": 209,
        "priority_score": 0.522,
        "priority_level": "MEDIUM",
        "recommendation": "MONITOR_AND_REVIEW",
        "period": "2020_2026",
        "reasons": [
          "HIGH_SCENE_ANOMALY",
          "SPATIAL_ANOMALY",
          "VEGETATION_LOSS",
          "STRONG_CHANGE_MAGNITUDE",
          "CYCLICAL_REVERSAL_DAMPENED"
        ],
        "overall_anomaly": 0.8492,
        "headline": "Pronounced localized spectral change anomaly"
      }
    },
    {
      "type": "Feature",
      "geometry": {
        "type": "Point",
        "coordinates": [
          78.361243,
          17.385031
        ]
      },
      "properties": {
        "grid_id": "HYD_1078",
        "rank": 210,
        "priority_score": 0.5218,
        "priority_level": "MEDIUM",
        "recommendation": "MONITOR_AND_REVIEW",
        "period": "2020_2026",
        "reasons": [
          "HIGH_SCENE_ANOMALY",
          "SPATIAL_ANOMALY",
          "VEGETATION_LOSS",
          "STRONG_CHANGE_MAGNITUDE",
          "CYCLICAL_REVERSAL_DAMPENED"
        ],
        "overall_anomaly": 0.8348,
        "headline": "Pronounced localized spectral change anomaly"
      }
    },
    {
      "type": "Feature",
      "geometry": {
        "type": "Point",
        "coordinates": [
          78.383595,
          17.466608
        ]
      },
      "properties": {
        "grid_id": "HYD_0309",
        "rank": 211,
        "priority_score": 0.5214,
        "priority_level": "MEDIUM",
        "recommendation": "MONITOR_AND_REVIEW",
        "period": "2020_2026",
        "reasons": [
          "HIGH_SCENE_ANOMALY",
          "SPATIAL_ANOMALY",
          "VEG_BUILTUP_COHERENCE",
          "VEGETATION_LOSS",
          "CYCLICAL_REVERSAL_DAMPENED"
        ],
        "overall_anomaly": 0.8398,
        "headline": "Coherent multi-spectral land-cover alteration"
      }
    },
    {
      "type": "Feature",
      "geometry": {
        "type": "Point",
        "coordinates": [
          78.468399,
          17.458674
        ]
      },
      "properties": {
        "grid_id": "HYD_0413",
        "rank": 212,
        "priority_score": 0.5209,
        "priority_level": "MEDIUM",
        "recommendation": "MONITOR_AND_REVIEW",
        "period": "2020_2026",
        "reasons": [
          "HIGH_SCENE_ANOMALY",
          "SPATIAL_ANOMALY",
          "VEG_BUILTUP_COHERENCE",
          "VEGETATION_LOSS",
          "BUILTUP_SENSITIVE_CHANGE",
          "CYCLICAL_REVERSAL_DAMPENED"
        ],
        "overall_anomaly": 0.7285,
        "headline": "Coherent multi-spectral land-cover alteration"
      }
    },
    {
      "type": "Feature",
      "geometry": {
        "type": "Point",
        "coordinates": [
          78.511779,
          17.382449
        ]
      },
      "properties": {
        "grid_id": "HYD_1153",
        "rank": 213,
        "priority_score": 0.5207,
        "priority_level": "MEDIUM",
        "recommendation": "MONITOR_AND_REVIEW",
        "period": "2020_2026",
        "reasons": [
          "HIGH_SCENE_ANOMALY",
          "SPATIAL_ANOMALY",
          "VEG_BUILTUP_COHERENCE",
          "VEGETATION_LOSS",
          "STRONG_CHANGE_MAGNITUDE",
          "CYCLICAL_REVERSAL_DAMPENED"
        ],
        "overall_anomaly": 0.7965,
        "headline": "Coherent multi-spectral land-cover alteration"
      }
    },
    {
      "type": "Feature",
      "geometry": {
        "type": "Point",
        "coordinates": [
          78.548509,
          17.446129
        ]
      },
      "properties": {
        "grid_id": "HYD_0559",
        "rank": 214,
        "priority_score": 0.5205,
        "priority_level": "MEDIUM",
        "recommendation": "MONITOR_AND_REVIEW",
        "period": "2020_2026",
        "reasons": [
          "HIGH_SCENE_ANOMALY",
          "SPATIAL_ANOMALY",
          "VEG_BUILTUP_COHERENCE",
          "VEGETATION_LOSS",
          "STRONG_CHANGE_MAGNITUDE",
          "CYCLICAL_REVERSAL_DAMPENED"
        ],
        "overall_anomaly": 0.7964,
        "headline": "Coherent multi-spectral land-cover alteration"
      }
    },
    {
      "type": "Feature",
      "geometry": {
        "type": "Point",
        "coordinates": [
          78.379407,
          17.430427
        ]
      },
      "properties": {
        "grid_id": "HYD_0652",
        "rank": 215,
        "priority_score": 0.5198,
        "priority_level": "MEDIUM",
        "recommendation": "MONITOR_AND_REVIEW",
        "period": "2020_2026",
        "reasons": [
          "HIGH_SCENE_ANOMALY",
          "SPATIAL_ANOMALY",
          "STRONG_CHANGE_MAGNITUDE",
          "CYCLICAL_REVERSAL_DAMPENED"
        ],
        "overall_anomaly": 0.8593,
        "headline": "Pronounced localized spectral change anomaly"
      }
    },
    {
      "type": "Feature",
      "geometry": {
        "type": "Point",
        "coordinates": [
          78.39854,
          17.408099
        ]
      },
      "properties": {
        "grid_id": "HYD_0871",
        "rank": 216,
        "priority_score": 0.5198,
        "priority_level": "MEDIUM",
        "recommendation": "MONITOR_AND_REVIEW",
        "period": "2020_2026",
        "reasons": [
          "HIGH_SCENE_ANOMALY",
          "SPATIAL_ANOMALY",
          "STRONG_CHANGE_MAGNITUDE",
          "CYCLICAL_REVERSAL_DAMPENED"
        ],
        "overall_anomaly": 0.8359,
        "headline": "Pronounced localized spectral change anomaly"
      }
    },
    {
      "type": "Feature",
      "geometry": {
        "type": "Point",
        "coordinates": [
          78.473476,
          17.431643
        ]
      },
      "properties": {
        "grid_id": "HYD_0672",
        "rank": 217,
        "priority_score": 0.519,
        "priority_level": "MEDIUM",
        "recommendation": "MONITOR_AND_REVIEW",
        "period": "2020_2026",
        "reasons": [
          "HIGH_SCENE_ANOMALY",
          "SPATIAL_ANOMALY",
          "VEG_BUILTUP_COHERENCE",
          "VEGETATION_LOSS",
          "BUILTUP_SENSITIVE_CHANGE",
          "CYCLICAL_REVERSAL_DAMPENED"
        ],
        "overall_anomaly": 0.7746,
        "headline": "Coherent multi-spectral land-cover alteration"
      }
    },
    {
      "type": "Feature",
      "geometry": {
        "type": "Point",
        "coordinates": [
          78.389006,
          17.417006
        ]
      },
      "properties": {
        "grid_id": "HYD_0783",
        "rank": 218,
        "priority_score": 0.5189,
        "priority_level": "MEDIUM",
        "recommendation": "MONITOR_AND_REVIEW",
        "period": "2020_2026",
        "reasons": [
          "HIGH_SCENE_ANOMALY",
          "SPATIAL_ANOMALY",
          "STRONG_CHANGE_MAGNITUDE",
          "CYCLICAL_REVERSAL_DAMPENED"
        ],
        "overall_anomaly": 0.8663,
        "headline": "Pronounced localized spectral change anomaly"
      }
    },
    {
      "type": "Feature",
      "geometry": {
        "type": "Point",
        "coordinates": [
          78.374057,
          17.475513
        ]
      },
      "properties": {
        "grid_id": "HYD_0221",
        "rank": 219,
        "priority_score": 0.5187,
        "priority_level": "MEDIUM",
        "recommendation": "MONITOR_AND_REVIEW",
        "period": "2020_2026",
        "reasons": [
          "HIGH_SCENE_ANOMALY",
          "SPATIAL_ANOMALY",
          "VEG_BUILTUP_COHERENCE",
          "VEGETATION_LOSS",
          "STRONG_CHANGE_MAGNITUDE",
          "CYCLICAL_REVERSAL_DAMPENED"
        ],
        "overall_anomaly": 0.8242,
        "headline": "Coherent multi-spectral land-cover alteration"
      }
    },
    {
      "type": "Feature",
      "geometry": {
        "type": "Point",
        "coordinates": [
          78.450146,
          17.417798
        ]
      },
      "properties": {
        "grid_id": "HYD_0796",
        "rank": 220,
        "priority_score": 0.5186,
        "priority_level": "MEDIUM",
        "recommendation": "MONITOR_AND_REVIEW",
        "period": "2020_2026",
        "reasons": [
          "HIGH_SCENE_ANOMALY",
          "SPATIAL_ANOMALY",
          "VEG_BUILTUP_COHERENCE",
          "VEGETATION_LOSS",
          "CYCLICAL_REVERSAL_DAMPENED"
        ],
        "overall_anomaly": 0.7354,
        "headline": "Coherent multi-spectral land-cover alteration"
      }
    },
    {
      "type": "Feature",
      "geometry": {
        "type": "Point",
        "coordinates": [
          78.374898,
          17.416821
        ]
      },
      "properties": {
        "grid_id": "HYD_0780",
        "rank": 221,
        "priority_score": 0.5185,
        "priority_level": "MEDIUM",
        "recommendation": "MONITOR_AND_REVIEW",
        "period": "2020_2026",
        "reasons": [
          "HIGH_SCENE_ANOMALY",
          "SPATIAL_ANOMALY",
          "VEG_BUILTUP_COHERENCE",
          "VEGETATION_LOSS",
          "STRONG_CHANGE_MAGNITUDE",
          "CYCLICAL_REVERSAL_DAMPENED"
        ],
        "overall_anomaly": 0.8017,
        "headline": "Coherent multi-spectral land-cover alteration"
      }
    },
    {
      "type": "Feature",
      "geometry": {
        "type": "Point",
        "coordinates": [
          78.526008,
          17.373593
        ]
      },
      "properties": {
        "grid_id": "HYD_1242",
        "rank": 222,
        "priority_score": 0.5182,
        "priority_level": "MEDIUM",
        "recommendation": "MONITOR_AND_REVIEW",
        "period": "2020_2026",
        "reasons": [
          "HIGH_SCENE_ANOMALY",
          "SPATIAL_ANOMALY",
          "VEG_BUILTUP_COHERENCE",
          "VEGETATION_LOSS",
          "STRONG_CHANGE_MAGNITUDE",
          "CYCLICAL_REVERSAL_DAMPENED"
        ],
        "overall_anomaly": 0.7569,
        "headline": "Coherent multi-spectral land-cover alteration"
      }
    },
    {
      "type": "Feature",
      "geometry": {
        "type": "Point",
        "coordinates": [
          78.539571,
          17.414406
        ]
      },
      "properties": {
        "grid_id": "HYD_0858",
        "rank": 223,
        "priority_score": 0.5181,
        "priority_level": "MEDIUM",
        "recommendation": "MONITOR_AND_REVIEW",
        "period": "2020_2026",
        "reasons": [
          "HIGH_SCENE_ANOMALY",
          "SPATIAL_ANOMALY",
          "VEG_BUILTUP_COHERENCE",
          "VEGETATION_LOSS",
          "BUILTUP_SENSITIVE_CHANGE",
          "CYCLICAL_REVERSAL_DAMPENED"
        ],
        "overall_anomaly": 0.7532,
        "headline": "Coherent multi-spectral land-cover alteration"
      }
    },
    {
      "type": "Feature",
      "geometry": {
        "type": "Point",
        "coordinates": [
          78.388814,
          17.430551
        ]
      },
      "properties": {
        "grid_id": "HYD_0654",
        "rank": 224,
        "priority_score": 0.5176,
        "priority_level": "MEDIUM",
        "recommendation": "MONITOR_AND_REVIEW",
        "period": "2020_2026",
        "reasons": [
          "HIGH_SCENE_ANOMALY",
          "SPATIAL_ANOMALY",
          "STRONG_CHANGE_MAGNITUDE",
          "CYCLICAL_REVERSAL_DAMPENED"
        ],
        "overall_anomaly": 0.866,
        "headline": "Pronounced localized spectral change anomaly"
      }
    },
    {
      "type": "Feature",
      "geometry": {
        "type": "Point",
        "coordinates": [
          78.530104,
          17.418805
        ]
      },
      "properties": {
        "grid_id": "HYD_0813",
        "rank": 225,
        "priority_score": 0.5175,
        "priority_level": "MEDIUM",
        "recommendation": "MONITOR_AND_REVIEW",
        "period": "2020_2026",
        "reasons": [
          "HIGH_SCENE_ANOMALY",
          "SPATIAL_ANOMALY",
          "VEG_BUILTUP_COHERENCE",
          "VEGETATION_LOSS",
          "BUILTUP_SENSITIVE_CHANGE",
          "CYCLICAL_REVERSAL_DAMPENED"
        ],
        "overall_anomaly": 0.7481,
        "headline": "Coherent multi-spectral land-cover alteration"
      }
    },
    {
      "type": "Feature",
      "geometry": {
        "type": "Point",
        "coordinates": [
          78.389647,
          17.371857
        ]
      },
      "properties": {
        "grid_id": "HYD_1213",
        "rank": 226,
        "priority_score": 0.5173,
        "priority_level": "MEDIUM",
        "recommendation": "MONITOR_AND_REVIEW",
        "period": "2020_2026",
        "reasons": [
          "HIGH_SCENE_ANOMALY",
          "SPATIAL_ANOMALY",
          "VEG_BUILTUP_COHERENCE",
          "VEGETATION_LOSS",
          "STRONG_CHANGE_MAGNITUDE",
          "CYCLICAL_REVERSAL_DAMPENED"
        ],
        "overall_anomaly": 0.8456,
        "headline": "Coherent multi-spectral land-cover alteration"
      }
    },
    {
      "type": "Feature",
      "geometry": {
        "type": "Point",
        "coordinates": [
          78.406988,
          17.475946
        ]
      },
      "properties": {
        "grid_id": "HYD_0228",
        "rank": 227,
        "priority_score": 0.5173,
        "priority_level": "MEDIUM",
        "recommendation": "MONITOR_AND_REVIEW",
        "period": "2020_2026",
        "reasons": [
          "HIGH_SCENE_ANOMALY",
          "VEG_BUILTUP_COHERENCE",
          "VEGETATION_LOSS",
          "BUILTUP_SENSITIVE_CHANGE",
          "STRONG_CHANGE_MAGNITUDE",
          "CYCLICAL_REVERSAL_DAMPENED"
        ],
        "overall_anomaly": 0.7649,
        "headline": "Coherent multi-spectral land-cover alteration"
      }
    },
    {
      "type": "Feature",
      "geometry": {
        "type": "Point",
        "coordinates": [
          78.445506,
          17.413223
        ]
      },
      "properties": {
        "grid_id": "HYD_0838",
        "rank": 228,
        "priority_score": 0.5168,
        "priority_level": "MEDIUM",
        "recommendation": "MONITOR_AND_REVIEW",
        "period": "2020_2026",
        "reasons": [
          "HIGH_SCENE_ANOMALY",
          "SPATIAL_ANOMALY",
          "VEGETATION_LOSS",
          "CYCLICAL_REVERSAL_DAMPENED"
        ],
        "overall_anomaly": 0.8204,
        "headline": "Pronounced localized spectral change anomaly"
      }
    },
    {
      "type": "Feature",
      "geometry": {
        "type": "Point",
        "coordinates": [
          78.511106,
          17.432117
        ]
      },
      "properties": {
        "grid_id": "HYD_0680",
        "rank": 229,
        "priority_score": 0.5164,
        "priority_level": "MEDIUM",
        "recommendation": "MONITOR_AND_REVIEW",
        "period": "2020_2026",
        "reasons": [
          "HIGH_SCENE_ANOMALY",
          "SPATIAL_ANOMALY",
          "VEG_BUILTUP_COHERENCE",
          "VEGETATION_LOSS",
          "STRONG_CHANGE_MAGNITUDE",
          "CYCLICAL_REVERSAL_DAMPENED"
        ],
        "overall_anomaly": 0.7716,
        "headline": "Coherent multi-spectral land-cover alteration"
      }
    },
    {
      "type": "Feature",
      "geometry": {
        "type": "Point",
        "coordinates": [
          78.544335,
          17.409949
        ]
      },
      "properties": {
        "grid_id": "HYD_0902",
        "rank": 230,
        "priority_score": 0.5164,
        "priority_level": "MEDIUM",
        "recommendation": "MONITOR_AND_REVIEW",
        "period": "2020_2026",
        "reasons": [
          "HIGH_SCENE_ANOMALY",
          "SPATIAL_ANOMALY",
          "VEG_BUILTUP_COHERENCE",
          "VEGETATION_LOSS",
          "BUILTUP_SENSITIVE_CHANGE",
          "CYCLICAL_REVERSAL_DAMPENED"
        ],
        "overall_anomaly": 0.7489,
        "headline": "Coherent multi-spectral land-cover alteration"
      }
    },
    {
      "type": "Feature",
      "geometry": {
        "type": "Point",
        "coordinates": [
          78.501021,
          17.481667
        ]
      },
      "properties": {
        "grid_id": "HYD_0205",
        "rank": 231,
        "priority_score": 0.5162,
        "priority_level": "MEDIUM",
        "recommendation": "MONITOR_AND_REVIEW",
        "period": "2020_2026",
        "reasons": [
          "HIGH_SCENE_ANOMALY",
          "SPATIAL_ANOMALY",
          "VEG_BUILTUP_COHERENCE",
          "VEGETATION_LOSS",
          "CYCLICAL_REVERSAL_DAMPENED"
        ],
        "overall_anomaly": 0.7724,
        "headline": "Coherent multi-spectral land-cover alteration"
      }
    },
    {
      "type": "Feature",
      "geometry": {
        "type": "Point",
        "coordinates": [
          78.49303,
          17.377698
        ]
      },
      "properties": {
        "grid_id": "HYD_1192",
        "rank": 232,
        "priority_score": 0.516,
        "priority_level": "MEDIUM",
        "recommendation": "MONITOR_AND_REVIEW",
        "period": "2020_2026",
        "reasons": [
          "HIGH_SCENE_ANOMALY",
          "SPATIAL_ANOMALY",
          "VEG_BUILTUP_COHERENCE",
          "VEGETATION_LOSS",
          "CYCLICAL_REVERSAL_DAMPENED"
        ],
        "overall_anomaly": 0.7916,
        "headline": "Coherent multi-spectral land-cover alteration"
      }
    },
    {
      "type": "Feature",
      "geometry": {
        "type": "Point",
        "coordinates": [
          78.524302,
          17.500023
        ]
      },
      "properties": {
        "grid_id": "HYD_0038",
        "rank": 233,
        "priority_score": 0.5157,
        "priority_level": "MEDIUM",
        "recommendation": "MONITOR_AND_REVIEW",
        "period": "2020_2026",
        "reasons": [
          "HIGH_SCENE_ANOMALY",
          "SPATIAL_ANOMALY",
          "VEG_BUILTUP_COHERENCE",
          "VEGETATION_LOSS",
          "CYCLICAL_REVERSAL_DAMPENED"
        ],
        "overall_anomaly": 0.7657,
        "headline": "Coherent multi-spectral land-cover alteration"
      }
    },
    {
      "type": "Feature",
      "geometry": {
        "type": "Point",
        "coordinates": [
          78.454035,
          17.476554
        ]
      },
      "properties": {
        "grid_id": "HYD_0238",
        "rank": 234,
        "priority_score": 0.5149,
        "priority_level": "MEDIUM",
        "recommendation": "MONITOR_AND_REVIEW",
        "period": "2020_2026",
        "reasons": [
          "HIGH_SCENE_ANOMALY",
          "SPATIAL_ANOMALY",
          "VEG_BUILTUP_COHERENCE",
          "VEGETATION_LOSS",
          "CYCLICAL_REVERSAL_DAMPENED"
        ],
        "overall_anomaly": 0.7444,
        "headline": "Coherent multi-spectral land-cover alteration"
      }
    },
    {
      "type": "Feature",
      "geometry": {
        "type": "Point",
        "coordinates": [
          78.529374,
          17.472989
        ]
      },
      "properties": {
        "grid_id": "HYD_0297",
        "rank": 235,
        "priority_score": 0.5121,
        "priority_level": "MEDIUM",
        "recommendation": "MONITOR_AND_REVIEW",
        "period": "2020_2026",
        "reasons": [
          "HIGH_SCENE_ANOMALY",
          "SPATIAL_ANOMALY",
          "VEG_BUILTUP_COHERENCE",
          "VEGETATION_LOSS",
          "CYCLICAL_REVERSAL_DAMPENED"
        ],
        "overall_anomaly": 0.7386,
        "headline": "Coherent multi-spectral land-cover alteration"
      }
    },
    {
      "type": "Feature",
      "geometry": {
        "type": "Point",
        "coordinates": [
          78.370711,
          17.38064
        ]
      },
      "properties": {
        "grid_id": "HYD_1123",
        "rank": 236,
        "priority_score": 0.5119,
        "priority_level": "MEDIUM",
        "recommendation": "MONITOR_AND_REVIEW",
        "period": "2020_2026",
        "reasons": [
          "HIGH_SCENE_ANOMALY",
          "SPATIAL_ANOMALY",
          "VEG_BUILTUP_COHERENCE",
          "VEGETATION_LOSS",
          "STRONG_CHANGE_MAGNITUDE",
          "CYCLICAL_REVERSAL_DAMPENED"
        ],
        "overall_anomaly": 0.7962,
        "headline": "Coherent multi-spectral land-cover alteration"
      }
    },
    {
      "type": "Feature",
      "geometry": {
        "type": "Point",
        "coordinates": [
          78.530589,
          17.382682
        ]
      },
      "properties": {
        "grid_id": "HYD_1157",
        "rank": 237,
        "priority_score": 0.5117,
        "priority_level": "MEDIUM",
        "recommendation": "MONITOR_AND_REVIEW",
        "period": "2020_2026",
        "reasons": [
          "HIGH_SCENE_ANOMALY",
          "SPATIAL_ANOMALY",
          "VEG_BUILTUP_COHERENCE",
          "STRONG_CHANGE_MAGNITUDE",
          "CYCLICAL_REVERSAL_DAMPENED"
        ],
        "overall_anomaly": 0.808,
        "headline": "Coherent multi-spectral land-cover alteration"
      }
    },
    {
      "type": "Feature",
      "geometry": {
        "type": "Point",
        "coordinates": [
          78.469519,
          17.377401
        ]
      },
      "properties": {
        "grid_id": "HYD_1187",
        "rank": 238,
        "priority_score": 0.5115,
        "priority_level": "MEDIUM",
        "recommendation": "MONITOR_AND_REVIEW",
        "period": "2020_2026",
        "reasons": [
          "HIGH_SCENE_ANOMALY",
          "SPATIAL_ANOMALY",
          "VEG_BUILTUP_COHERENCE",
          "VEGETATION_LOSS",
          "STRONG_CHANGE_MAGNITUDE",
          "CYCLICAL_REVERSAL_DAMPENED"
        ],
        "overall_anomaly": 0.7959,
        "headline": "Coherent multi-spectral land-cover alteration"
      }
    },
    {
      "type": "Feature",
      "geometry": {
        "type": "Point",
        "coordinates": [
          78.525704,
          17.39617
        ]
      },
      "properties": {
        "grid_id": "HYD_1027",
        "rank": 239,
        "priority_score": 0.5114,
        "priority_level": "MEDIUM",
        "recommendation": "MONITOR_AND_REVIEW",
        "period": "2020_2026",
        "reasons": [
          "HIGH_SCENE_ANOMALY",
          "SPATIAL_ANOMALY",
          "STRONG_CHANGE_MAGNITUDE",
          "CYCLICAL_REVERSAL_DAMPENED"
        ],
        "overall_anomaly": 0.8267,
        "headline": "Pronounced localized spectral change anomaly"
      }
    },
    {
      "type": "Feature",
      "geometry": {
        "type": "Point",
        "coordinates": [
          78.38018,
          17.376249
        ]
      },
      "properties": {
        "grid_id": "HYD_1168",
        "rank": 240,
        "priority_score": 0.5106,
        "priority_level": "MEDIUM",
        "recommendation": "MONITOR_AND_REVIEW",
        "period": "2020_2026",
        "reasons": [
          "HIGH_SCENE_ANOMALY",
          "SPATIAL_ANOMALY",
          "VEG_BUILTUP_COHERENCE",
          "VEGETATION_LOSS",
          "STRONG_CHANGE_MAGNITUDE",
          "CYCLICAL_REVERSAL_DAMPENED"
        ],
        "overall_anomaly": 0.8054,
        "headline": "Coherent multi-spectral land-cover alteration"
      }
    },
    {
      "type": "Feature",
      "geometry": {
        "type": "Point",
        "coordinates": [
          78.420911,
          17.489674
        ]
      },
      "properties": {
        "grid_id": "HYD_0102",
        "rank": 241,
        "priority_score": 0.5104,
        "priority_level": "MEDIUM",
        "recommendation": "MONITOR_AND_REVIEW",
        "period": "2020_2026",
        "reasons": [
          "HIGH_SCENE_ANOMALY",
          "SPATIAL_ANOMALY",
          "VEGETATION_LOSS",
          "STRONG_CHANGE_MAGNITUDE",
          "CYCLICAL_REVERSAL_DAMPENED"
        ],
        "overall_anomaly": 0.8154,
        "headline": "Pronounced localized spectral change anomaly"
      }
    },
    {
      "type": "Feature",
      "geometry": {
        "type": "Point",
        "coordinates": [
          78.534807,
          17.418863
        ]
      },
      "properties": {
        "grid_id": "HYD_0814",
        "rank": 242,
        "priority_score": 0.5102,
        "priority_level": "MEDIUM",
        "recommendation": "MONITOR_AND_REVIEW",
        "period": "2020_2026",
        "reasons": [
          "HIGH_SCENE_ANOMALY",
          "SPATIAL_ANOMALY",
          "VEG_BUILTUP_COHERENCE",
          "VEGETATION_LOSS",
          "BUILTUP_SENSITIVE_CHANGE",
          "CYCLICAL_REVERSAL_DAMPENED"
        ],
        "overall_anomaly": 0.7448,
        "headline": "Coherent multi-spectral land-cover alteration"
      }
    },
    {
      "type": "Feature",
      "geometry": {
        "type": "Point",
        "coordinates": [
          78.507443,
          17.355298
        ]
      },
      "properties": {
        "grid_id": "HYD_1410",
        "rank": 243,
        "priority_score": 0.5101,
        "priority_level": "MEDIUM",
        "recommendation": "MONITOR_AND_REVIEW",
        "period": "2020_2026",
        "reasons": [
          "HIGH_SCENE_ANOMALY",
          "SPATIAL_ANOMALY",
          "VEG_BUILTUP_COHERENCE",
          "VEGETATION_LOSS",
          "CYCLICAL_REVERSAL_DAMPENED"
        ],
        "overall_anomaly": 0.7619,
        "headline": "Coherent multi-spectral land-cover alteration"
      }
    },
    {
      "type": "Feature",
      "geometry": {
        "type": "Point",
        "coordinates": [
          78.483687,
          17.373064
        ]
      },
      "properties": {
        "grid_id": "HYD_1233",
        "rank": 244,
        "priority_score": 0.5097,
        "priority_level": "MEDIUM",
        "recommendation": "MONITOR_AND_REVIEW",
        "period": "2020_2026",
        "reasons": [
          "HIGH_SCENE_ANOMALY",
          "SPATIAL_ANOMALY",
          "VEG_BUILTUP_COHERENCE",
          "VEGETATION_LOSS",
          "CYCLICAL_REVERSAL_DAMPENED"
        ],
        "overall_anomaly": 0.7908,
        "headline": "Coherent multi-spectral land-cover alteration"
      }
    },
    {
      "type": "Feature",
      "geometry": {
        "type": "Point",
        "coordinates": [
          78.473787,
          17.409067
        ]
      },
      "properties": {
        "grid_id": "HYD_0887",
        "rank": 245,
        "priority_score": 0.5093,
        "priority_level": "MEDIUM",
        "recommendation": "MONITOR_AND_REVIEW",
        "period": "2020_2026",
        "reasons": [
          "HIGH_SCENE_ANOMALY",
          "SPATIAL_ANOMALY",
          "VEG_BUILTUP_COHERENCE",
          "VEGETATION_LOSS",
          "CYCLICAL_REVERSAL_DAMPENED"
        ],
        "overall_anomaly": 0.8253,
        "headline": "Coherent multi-spectral land-cover alteration"
      }
    },
    {
      "type": "Feature",
      "geometry": {
        "type": "Point",
        "coordinates": [
          78.530164,
          17.41429
        ]
      },
      "properties": {
        "grid_id": "HYD_0856",
        "rank": 246,
        "priority_score": 0.5093,
        "priority_level": "MEDIUM",
        "recommendation": "MONITOR_AND_REVIEW",
        "period": "2020_2026",
        "reasons": [
          "HIGH_SCENE_ANOMALY",
          "VEG_BUILTUP_COHERENCE",
          "VEGETATION_LOSS",
          "BUILTUP_SENSITIVE_CHANGE",
          "CYCLICAL_REVERSAL_DAMPENED"
        ],
        "overall_anomaly": 0.7237,
        "headline": "Coherent multi-spectral land-cover alteration"
      }
    },
    {
      "type": "Feature",
      "geometry": {
        "type": "Point",
        "coordinates": [
          78.519964,
          17.472872
        ]
      },
      "properties": {
        "grid_id": "HYD_0295",
        "rank": 247,
        "priority_score": 0.5088,
        "priority_level": "MEDIUM",
        "recommendation": "MONITOR_AND_REVIEW",
        "period": "2020_2026",
        "reasons": [
          "HIGH_SCENE_ANOMALY",
          "VEG_BUILTUP_COHERENCE",
          "VEGETATION_LOSS",
          "BUILTUP_SENSITIVE_CHANGE",
          "CYCLICAL_REVERSAL_DAMPENED"
        ],
        "overall_anomaly": 0.7186,
        "headline": "Coherent multi-spectral land-cover alteration"
      }
    },
    {
      "type": "Feature",
      "geometry": {
        "type": "Point",
        "coordinates": [
          78.510861,
          17.450178
        ]
      },
      "properties": {
        "grid_id": "HYD_0508",
        "rank": 248,
        "priority_score": 0.5087,
        "priority_level": "MEDIUM",
        "recommendation": "MONITOR_AND_REVIEW",
        "period": "2020_2026",
        "reasons": [
          "HIGH_SCENE_ANOMALY",
          "SPATIAL_ANOMALY",
          "VEG_BUILTUP_COHERENCE",
          "VEGETATION_LOSS",
          "CYCLICAL_REVERSAL_DAMPENED"
        ],
        "overall_anomaly": 0.7661,
        "headline": "Coherent multi-spectral land-cover alteration"
      }
    },
    {
      "type": "Feature",
      "geometry": {
        "type": "Point",
        "coordinates": [
          78.45924,
          17.440494
        ]
      },
      "properties": {
        "grid_id": "HYD_0583",
        "rank": 249,
        "priority_score": 0.5083,
        "priority_level": "MEDIUM",
        "recommendation": "MONITOR_AND_REVIEW",
        "period": "2020_2026",
        "reasons": [
          "HIGH_SCENE_ANOMALY",
          "SPATIAL_ANOMALY",
          "VEG_BUILTUP_COHERENCE",
          "VEGETATION_LOSS",
          "CYCLICAL_REVERSAL_DAMPENED"
        ],
        "overall_anomaly": 0.8072,
        "headline": "Coherent multi-spectral land-cover alteration"
      }
    },
    {
      "type": "Feature",
      "geometry": {
        "type": "Point",
        "coordinates": [
          78.520758,
          17.414173
        ]
      },
      "properties": {
        "grid_id": "HYD_0854",
        "rank": 250,
        "priority_score": 0.5079,
        "priority_level": "MEDIUM",
        "recommendation": "MONITOR_AND_REVIEW",
        "period": "2020_2026",
        "reasons": [
          "HIGH_SCENE_ANOMALY",
          "SPATIAL_ANOMALY",
          "VEG_BUILTUP_COHERENCE",
          "VEGETATION_LOSS",
          "CYCLICAL_REVERSAL_DAMPENED"
        ],
        "overall_anomaly": 0.7473,
        "headline": "Coherent multi-spectral land-cover alteration"
      }
    },
    {
      "type": "Feature",
      "geometry": {
        "type": "Point",
        "coordinates": [
          78.407116,
          17.466916
        ]
      },
      "properties": {
        "grid_id": "HYD_0314",
        "rank": 251,
        "priority_score": 0.5076,
        "priority_level": "MEDIUM",
        "recommendation": "MONITOR_AND_REVIEW",
        "period": "2020_2026",
        "reasons": [
          "HIGH_SCENE_ANOMALY",
          "SPATIAL_ANOMALY",
          "CYCLICAL_REVERSAL_DAMPENED"
        ],
        "overall_anomaly": 0.814,
        "headline": "Pronounced localized spectral change anomaly"
      }
    },
    {
      "type": "Feature",
      "geometry": {
        "type": "Point",
        "coordinates": [
          78.406668,
          17.49852
        ]
      },
      "properties": {
        "grid_id": "HYD_0013",
        "rank": 252,
        "priority_score": 0.5075,
        "priority_level": "MEDIUM",
        "recommendation": "MONITOR_AND_REVIEW",
        "period": "2020_2026",
        "reasons": [
          "HIGH_SCENE_ANOMALY",
          "SPATIAL_ANOMALY",
          "VEG_BUILTUP_COHERENCE",
          "VEGETATION_LOSS",
          "CYCLICAL_REVERSAL_DAMPENED"
        ],
        "overall_anomaly": 0.7653,
        "headline": "Coherent multi-spectral land-cover alteration"
      }
    },
    {
      "type": "Feature",
      "geometry": {
        "type": "Point",
        "coordinates": [
          78.505911,
          17.46818
        ]
      },
      "properties": {
        "grid_id": "HYD_0335",
        "rank": 253,
        "priority_score": 0.5074,
        "priority_level": "MEDIUM",
        "recommendation": "MONITOR_AND_REVIEW",
        "period": "2020_2026",
        "reasons": [
          "SPATIAL_ANOMALY",
          "VEG_BUILTUP_COHERENCE",
          "VEGETATION_LOSS",
          "BUILTUP_SENSITIVE_CHANGE",
          "CYCLICAL_REVERSAL_DAMPENED"
        ],
        "overall_anomaly": 0.6999,
        "headline": "Moderate land-cover change requiring monitoring"
      }
    },
    {
      "type": "Feature",
      "geometry": {
        "type": "Point",
        "coordinates": [
          78.351123,
          17.434568
        ]
      },
      "properties": {
        "grid_id": "HYD_0603",
        "rank": 254,
        "priority_score": 0.5073,
        "priority_level": "MEDIUM",
        "recommendation": "MONITOR_AND_REVIEW",
        "period": "2020_2026",
        "reasons": [
          "HIGH_SCENE_ANOMALY",
          "SPATIAL_ANOMALY",
          "CYCLICAL_REVERSAL_DAMPENED"
        ],
        "overall_anomaly": 0.8323,
        "headline": "Pronounced localized spectral change anomaly"
      }
    },
    {
      "type": "Feature",
      "geometry": {
        "type": "Point",
        "coordinates": [
          78.404007,
          17.353981
        ]
      },
      "properties": {
        "grid_id": "HYD_1388",
        "rank": 255,
        "priority_score": 0.5071,
        "priority_level": "MEDIUM",
        "recommendation": "MONITOR_AND_REVIEW",
        "period": "2020_2026",
        "reasons": [
          "HIGH_SCENE_ANOMALY",
          "SPATIAL_ANOMALY",
          "VEG_BUILTUP_COHERENCE",
          "VEGETATION_LOSS",
          "STRONG_CHANGE_MAGNITUDE",
          "CYCLICAL_REVERSAL_DAMPENED"
        ],
        "overall_anomaly": 0.8128,
        "headline": "Coherent multi-spectral land-cover alteration"
      }
    },
    {
      "type": "Feature",
      "geometry": {
        "type": "Point",
        "coordinates": [
          78.399179,
          17.36295
        ]
      },
      "properties": {
        "grid_id": "HYD_1301",
        "rank": 256,
        "priority_score": 0.5065,
        "priority_level": "MEDIUM",
        "recommendation": "MONITOR_AND_REVIEW",
        "period": "2020_2026",
        "reasons": [
          "HIGH_SCENE_ANOMALY",
          "SPATIAL_ANOMALY",
          "CYCLICAL_REVERSAL_DAMPENED"
        ],
        "overall_anomaly": 0.8211,
        "headline": "Pronounced localized spectral change anomaly"
      }
    },
    {
      "type": "Feature",
      "geometry": {
        "type": "Point",
        "coordinates": [
          78.444562,
          17.480948
        ]
      },
      "properties": {
        "grid_id": "HYD_0193",
        "rank": 257,
        "priority_score": 0.506,
        "priority_level": "MEDIUM",
        "recommendation": "MONITOR_AND_REVIEW",
        "period": "2020_2026",
        "reasons": [
          "HIGH_SCENE_ANOMALY",
          "SPATIAL_ANOMALY",
          "VEGETATION_LOSS",
          "STRONG_CHANGE_MAGNITUDE",
          "CYCLICAL_REVERSAL_DAMPENED"
        ],
        "overall_anomaly": 0.8029,
        "headline": "Pronounced localized spectral change anomaly"
      }
    },
    {
      "type": "Feature",
      "geometry": {
        "type": "Point",
        "coordinates": [
          78.411373,
          17.498582
        ]
      },
      "properties": {
        "grid_id": "HYD_0014",
        "rank": 258,
        "priority_score": 0.5054,
        "priority_level": "MEDIUM",
        "recommendation": "MONITOR_AND_REVIEW",
        "period": "2020_2026",
        "reasons": [
          "HIGH_SCENE_ANOMALY",
          "SPATIAL_ANOMALY",
          "VEG_BUILTUP_COHERENCE",
          "VEGETATION_LOSS",
          "CYCLICAL_REVERSAL_DAMPENED"
        ],
        "overall_anomaly": 0.7822,
        "headline": "Coherent multi-spectral land-cover alteration"
      }
    },
    {
      "type": "Feature",
      "geometry": {
        "type": "Point",
        "coordinates": [
          78.54367,
          17.459618
        ]
      },
      "properties": {
        "grid_id": "HYD_0429",
        "rank": 259,
        "priority_score": 0.5052,
        "priority_level": "MEDIUM",
        "recommendation": "MONITOR_AND_REVIEW",
        "period": "2020_2026",
        "reasons": [
          "HIGH_SCENE_ANOMALY",
          "SPATIAL_ANOMALY",
          "BUILTUP_SENSITIVE_CHANGE",
          "STRONG_CHANGE_MAGNITUDE",
          "CYCLICAL_REVERSAL_DAMPENED"
        ],
        "overall_anomaly": 0.827,
        "headline": "Pronounced localized spectral change anomaly"
      }
    },
    {
      "type": "Feature",
      "geometry": {
        "type": "Point",
        "coordinates": [
          78.5108,
          17.454693
        ]
      },
      "properties": {
        "grid_id": "HYD_0465",
        "rank": 260,
        "priority_score": 0.5052,
        "priority_level": "MEDIUM",
        "recommendation": "MONITOR_AND_REVIEW",
        "period": "2020_2026",
        "reasons": [
          "HIGH_SCENE_ANOMALY",
          "SPATIAL_ANOMALY",
          "VEG_BUILTUP_COHERENCE",
          "VEGETATION_LOSS",
          "CYCLICAL_REVERSAL_DAMPENED"
        ],
        "overall_anomaly": 0.7391,
        "headline": "Coherent multi-spectral land-cover alteration"
      }
    },
    {
      "type": "Feature",
      "geometry": {
        "type": "Point",
        "coordinates": [
          78.369288,
          17.479966
        ]
      },
      "properties": {
        "grid_id": "HYD_0177",
        "rank": 261,
        "priority_score": 0.5048,
        "priority_level": "MEDIUM",
        "recommendation": "MONITOR_AND_REVIEW",
        "period": "2020_2026",
        "reasons": [
          "HIGH_SCENE_ANOMALY",
          "SPATIAL_ANOMALY",
          "VEG_BUILTUP_COHERENCE",
          "VEGETATION_LOSS",
          "CYCLICAL_REVERSAL_DAMPENED"
        ],
        "overall_anomaly": 0.7802,
        "headline": "Coherent multi-spectral land-cover alteration"
      }
    },
    {
      "type": "Feature",
      "geometry": {
        "type": "Point",
        "coordinates": [
          78.399363,
          17.349857
        ]
      },
      "properties": {
        "grid_id": "HYD_1430",
        "rank": 262,
        "priority_score": 0.5046,
        "priority_level": "MEDIUM",
        "recommendation": "MONITOR_AND_REVIEW",
        "period": "2020_2026",
        "reasons": [
          "HIGH_SCENE_ANOMALY",
          "SPATIAL_ANOMALY",
          "VEG_BUILTUP_COHERENCE",
          "VEGETATION_LOSS",
          "STRONG_CHANGE_MAGNITUDE",
          "CYCLICAL_REVERSAL_DAMPENED"
        ],
        "overall_anomaly": 0.7676,
        "headline": "Coherent multi-spectral land-cover alteration"
      }
    },
    {
      "type": "Feature",
      "geometry": {
        "type": "Point",
        "coordinates": [
          78.473103,
          17.458734
        ]
      },
      "properties": {
        "grid_id": "HYD_0414",
        "rank": 263,
        "priority_score": 0.5044,
        "priority_level": "MEDIUM",
        "recommendation": "MONITOR_AND_REVIEW",
        "period": "2020_2026",
        "reasons": [
          "HIGH_SCENE_ANOMALY",
          "SPATIAL_ANOMALY",
          "VEG_BUILTUP_COHERENCE",
          "VEGETATION_LOSS",
          "CYCLICAL_REVERSAL_DAMPENED"
        ],
        "overall_anomaly": 0.7016,
        "headline": "Coherent multi-spectral land-cover alteration"
      }
    },
    {
      "type": "Feature",
      "geometry": {
        "type": "Point",
        "coordinates": [
          78.50219,
          17.395877
        ]
      },
      "properties": {
        "grid_id": "HYD_1022",
        "rank": 264,
        "priority_score": 0.5042,
        "priority_level": "MEDIUM",
        "recommendation": "MONITOR_AND_REVIEW",
        "period": "2020_2026",
        "reasons": [
          "HIGH_SCENE_ANOMALY",
          "SPATIAL_ANOMALY",
          "VEGETATION_LOSS",
          "CYCLICAL_REVERSAL_DAMPENED"
        ],
        "overall_anomaly": 0.8125,
        "headline": "Pronounced localized spectral change anomaly"
      }
    },
    {
      "type": "Feature",
      "geometry": {
        "type": "Point",
        "coordinates": [
          78.384368,
          17.41243
        ]
      },
      "properties": {
        "grid_id": "HYD_0825",
        "rank": 265,
        "priority_score": 0.5039,
        "priority_level": "MEDIUM",
        "recommendation": "MONITOR_AND_REVIEW",
        "period": "2020_2026",
        "reasons": [
          "HIGH_SCENE_ANOMALY",
          "SPATIAL_ANOMALY",
          "VEGETATION_LOSS",
          "CYCLICAL_REVERSAL_DAMPENED"
        ],
        "overall_anomaly": 0.8139,
        "headline": "Pronounced localized spectral change anomaly"
      }
    },
    {
      "type": "Feature",
      "geometry": {
        "type": "Point",
        "coordinates": [
          78.369417,
          17.470936
        ]
      },
      "properties": {
        "grid_id": "HYD_0263",
        "rank": 266,
        "priority_score": 0.5035,
        "priority_level": "MEDIUM",
        "recommendation": "MONITOR_AND_REVIEW",
        "period": "2020_2026",
        "reasons": [
          "HIGH_SCENE_ANOMALY",
          "SPATIAL_ANOMALY",
          "VEG_BUILTUP_COHERENCE",
          "VEGETATION_LOSS",
          "STRONG_CHANGE_MAGNITUDE",
          "CYCLICAL_REVERSAL_DAMPENED"
        ],
        "overall_anomaly": 0.8037,
        "headline": "Coherent multi-spectral land-cover alteration"
      }
    },
    {
      "type": "Feature",
      "geometry": {
        "type": "Point",
        "coordinates": [
          78.534625,
          17.43241
        ]
      },
      "properties": {
        "grid_id": "HYD_0685",
        "rank": 267,
        "priority_score": 0.5032,
        "priority_level": "MEDIUM",
        "recommendation": "MONITOR_AND_REVIEW",
        "period": "2020_2026",
        "reasons": [
          "HIGH_SCENE_ANOMALY",
          "SPATIAL_ANOMALY",
          "VEG_BUILTUP_COHERENCE",
          "VEGETATION_LOSS",
          "CYCLICAL_REVERSAL_DAMPENED"
        ],
        "overall_anomaly": 0.7554,
        "headline": "Coherent multi-spectral land-cover alteration"
      }
    },
    {
      "type": "Feature",
      "geometry": {
        "type": "Point",
        "coordinates": [
          78.54041,
          17.351642
        ]
      },
      "properties": {
        "grid_id": "HYD_1460",
        "rank": 268,
        "priority_score": 0.5029,
        "priority_level": "MEDIUM",
        "recommendation": "MONITOR_AND_REVIEW",
        "period": "2020_2026",
        "reasons": [
          "HIGH_SCENE_ANOMALY",
          "SPATIAL_ANOMALY",
          "VEGETATION_LOSS",
          "STRONG_CHANGE_MAGNITUDE"
        ],
        "overall_anomaly": 0.8089,
        "headline": "Pronounced localized spectral change anomaly"
      }
    },
    {
      "type": "Feature",
      "geometry": {
        "type": "Point",
        "coordinates": [
          78.380051,
          17.385279
        ]
      },
      "properties": {
        "grid_id": "HYD_1082",
        "rank": 269,
        "priority_score": 0.5025,
        "priority_level": "MEDIUM",
        "recommendation": "MONITOR_AND_REVIEW",
        "period": "2020_2026",
        "reasons": [
          "HIGH_SCENE_ANOMALY",
          "SPATIAL_ANOMALY",
          "VEG_BUILTUP_COHERENCE",
          "VEGETATION_LOSS",
          "STRONG_CHANGE_MAGNITUDE",
          "CYCLICAL_REVERSAL_DAMPENED"
        ],
        "overall_anomaly": 0.8046,
        "headline": "Coherent multi-spectral land-cover alteration"
      }
    },
    {
      "type": "Feature",
      "geometry": {
        "type": "Point",
        "coordinates": [
          78.361754,
          17.349364
        ]
      },
      "properties": {
        "grid_id": "HYD_1422",
        "rank": 270,
        "priority_score": 0.5022,
        "priority_level": "MEDIUM",
        "recommendation": "MONITOR_AND_REVIEW",
        "period": "2020_2026",
        "reasons": [
          "HIGH_SCENE_ANOMALY",
          "SPATIAL_ANOMALY",
          "CYCLICAL_REVERSAL_DAMPENED"
        ],
        "overall_anomaly": 0.8004,
        "headline": "Pronounced localized spectral change anomaly"
      }
    },
    {
      "type": "Feature",
      "geometry": {
        "type": "Point",
        "coordinates": [
          78.394349,
          17.371919
        ]
      },
      "properties": {
        "grid_id": "HYD_1214",
        "rank": 271,
        "priority_score": 0.5014,
        "priority_level": "MEDIUM",
        "recommendation": "MONITOR_AND_REVIEW",
        "period": "2020_2026",
        "reasons": [
          "HIGH_SCENE_ANOMALY",
          "SPATIAL_ANOMALY",
          "VEG_BUILTUP_COHERENCE",
          "VEGETATION_LOSS",
          "CYCLICAL_REVERSAL_DAMPENED"
        ],
        "overall_anomaly": 0.8066,
        "headline": "Coherent multi-spectral land-cover alteration"
      }
    },
    {
      "type": "Feature",
      "geometry": {
        "type": "Point",
        "coordinates": [
          78.351774,
          17.389421
        ]
      },
      "properties": {
        "grid_id": "HYD_1033",
        "rank": 272,
        "priority_score": 0.501,
        "priority_level": "MEDIUM",
        "recommendation": "MONITOR_AND_REVIEW",
        "period": "2020_2026",
        "reasons": [
          "HIGH_SCENE_ANOMALY",
          "SPATIAL_ANOMALY",
          "VEGETATION_LOSS",
          "CYCLICAL_REVERSAL_DAMPENED"
        ],
        "overall_anomaly": 0.8362,
        "headline": "Pronounced localized spectral change anomaly"
      }
    },
    {
      "type": "Feature",
      "geometry": {
        "type": "Point",
        "coordinates": [
          78.394605,
          17.353859
        ]
      },
      "properties": {
        "grid_id": "HYD_1386",
        "rank": 273,
        "priority_score": 0.5009,
        "priority_level": "MEDIUM",
        "recommendation": "MONITOR_AND_REVIEW",
        "period": "2020_2026",
        "reasons": [
          "HIGH_SCENE_ANOMALY",
          "SPATIAL_ANOMALY",
          "VEGETATION_LOSS",
          "CYCLICAL_REVERSAL_DAMPENED"
        ],
        "overall_anomaly": 0.8473,
        "headline": "Pronounced localized spectral change anomaly"
      }
    },
    {
      "type": "Feature",
      "geometry": {
        "type": "Point",
        "coordinates": [
          78.525218,
          17.432293
        ]
      },
      "properties": {
        "grid_id": "HYD_0683",
        "rank": 274,
        "priority_score": 0.5007,
        "priority_level": "MEDIUM",
        "recommendation": "MONITOR_AND_REVIEW",
        "period": "2020_2026",
        "reasons": [
          "HIGH_SCENE_ANOMALY",
          "SPATIAL_ANOMALY",
          "VEG_BUILTUP_COHERENCE",
          "VEGETATION_LOSS",
          "CYCLICAL_REVERSAL_DAMPENED"
        ],
        "overall_anomaly": 0.7532,
        "headline": "Coherent multi-spectral land-cover alteration"
      }
    },
    {
      "type": "Feature",
      "geometry": {
        "type": "Point",
        "coordinates": [
          78.516542,
          17.377992
        ]
      },
      "properties": {
        "grid_id": "HYD_1197",
        "rank": 275,
        "priority_score": 0.5006,
        "priority_level": "MEDIUM",
        "recommendation": "MONITOR_AND_REVIEW",
        "period": "2020_2026",
        "reasons": [
          "HIGH_SCENE_ANOMALY",
          "SPATIAL_ANOMALY",
          "VEG_BUILTUP_COHERENCE",
          "VEGETATION_LOSS",
          "STRONG_CHANGE_MAGNITUDE",
          "CYCLICAL_REVERSAL_DAMPENED"
        ],
        "overall_anomaly": 0.7746,
        "headline": "Coherent multi-spectral land-cover alteration"
      }
    },
    {
      "type": "Feature",
      "geometry": {
        "type": "Point",
        "coordinates": [
          78.548388,
          17.45516
        ]
      },
      "properties": {
        "grid_id": "HYD_0473",
        "rank": 276,
        "priority_score": 0.5006,
        "priority_level": "MEDIUM",
        "recommendation": "MONITOR_AND_REVIEW",
        "period": "2020_2026",
        "reasons": [
          "HIGH_SCENE_ANOMALY",
          "SPATIAL_ANOMALY",
          "VEG_BUILTUP_COHERENCE",
          "VEGETATION_LOSS",
          "CYCLICAL_REVERSAL_DAMPENED"
        ],
        "overall_anomaly": 0.7299,
        "headline": "Coherent multi-spectral land-cover alteration"
      }
    },
    {
      "type": "Feature",
      "geometry": {
        "type": "Point",
        "coordinates": [
          78.356281,
          17.403028
        ]
      },
      "properties": {
        "grid_id": "HYD_0905",
        "rank": 277,
        "priority_score": 0.4997,
        "priority_level": "MEDIUM",
        "recommendation": "MONITOR_AND_REVIEW",
        "period": "2020_2026",
        "reasons": [
          "HIGH_SCENE_ANOMALY",
          "SPATIAL_ANOMALY",
          "CYCLICAL_REVERSAL_DAMPENED"
        ],
        "overall_anomaly": 0.8296,
        "headline": "Pronounced localized spectral change anomaly"
      }
    },
    {
      "type": "Feature",
      "geometry": {
        "type": "Point",
        "coordinates": [
          78.519841,
          17.481903
        ]
      },
      "properties": {
        "grid_id": "HYD_0209",
        "rank": 278,
        "priority_score": 0.4997,
        "priority_level": "MEDIUM",
        "recommendation": "MONITOR_AND_REVIEW",
        "period": "2020_2026",
        "reasons": [
          "HIGH_SCENE_ANOMALY",
          "SPATIAL_ANOMALY",
          "VEG_BUILTUP_COHERENCE",
          "VEGETATION_LOSS",
          "BUILTUP_SENSITIVE_CHANGE",
          "CYCLICAL_REVERSAL_DAMPENED"
        ],
        "overall_anomaly": 0.7628,
        "headline": "Coherent multi-spectral land-cover alteration"
      }
    },
    {
      "type": "Feature",
      "geometry": {
        "type": "Point",
        "coordinates": [
          78.384239,
          17.421459
        ]
      },
      "properties": {
        "grid_id": "HYD_0739",
        "rank": 279,
        "priority_score": 0.4986,
        "priority_level": "MEDIUM",
        "recommendation": "MONITOR_AND_REVIEW",
        "period": "2020_2026",
        "reasons": [
          "HIGH_SCENE_ANOMALY",
          "SPATIAL_ANOMALY",
          "VEGETATION_LOSS",
          "STRONG_CHANGE_MAGNITUDE",
          "CYCLICAL_REVERSAL_DAMPENED"
        ],
        "overall_anomaly": 0.808,
        "headline": "Pronounced localized spectral change anomaly"
      }
    },
    {
      "type": "Feature",
      "geometry": {
        "type": "Point",
        "coordinates": [
          78.394285,
          17.376434
        ]
      },
      "properties": {
        "grid_id": "HYD_1171",
        "rank": 280,
        "priority_score": 0.4976,
        "priority_level": "MEDIUM",
        "recommendation": "MONITOR_AND_REVIEW",
        "period": "2020_2026",
        "reasons": [
          "HIGH_SCENE_ANOMALY",
          "SPATIAL_ANOMALY",
          "VEGETATION_LOSS",
          "CYCLICAL_REVERSAL_DAMPENED"
        ],
        "overall_anomaly": 0.8009,
        "headline": "Pronounced localized spectral change anomaly"
      }
    },
    {
      "type": "Feature",
      "geometry": {
        "type": "Point",
        "coordinates": [
          78.421102,
          17.476129
        ]
      },
      "properties": {
        "grid_id": "HYD_0231",
        "rank": 281,
        "priority_score": 0.4975,
        "priority_level": "MEDIUM",
        "recommendation": "MONITOR_AND_REVIEW",
        "period": "2020_2026",
        "reasons": [
          "HIGH_SCENE_ANOMALY",
          "SPATIAL_ANOMALY",
          "VEG_BUILTUP_COHERENCE",
          "VEGETATION_LOSS",
          "CYCLICAL_REVERSAL_DAMPENED"
        ],
        "overall_anomaly": 0.8044,
        "headline": "Coherent multi-spectral land-cover alteration"
      }
    },
    {
      "type": "Feature",
      "geometry": {
        "type": "Point",
        "coordinates": [
          78.371098,
          17.353551
        ]
      },
      "properties": {
        "grid_id": "HYD_1381",
        "rank": 282,
        "priority_score": 0.4974,
        "priority_level": "MEDIUM",
        "recommendation": "MONITOR_AND_REVIEW",
        "period": "2020_2026",
        "reasons": [
          "HIGH_SCENE_ANOMALY",
          "SPATIAL_ANOMALY",
          "VEGETATION_LOSS",
          "STRONG_CHANGE_MAGNITUDE",
          "CYCLICAL_REVERSAL_DAMPENED"
        ],
        "overall_anomaly": 0.8266,
        "headline": "Pronounced localized spectral change anomaly"
      }
    },
    {
      "type": "Feature",
      "geometry": {
        "type": "Point",
        "coordinates": [
          78.365427,
          17.421211
        ]
      },
      "properties": {
        "grid_id": "HYD_0735",
        "rank": 283,
        "priority_score": 0.4973,
        "priority_level": "MEDIUM",
        "recommendation": "MONITOR_AND_REVIEW",
        "period": "2020_2026",
        "reasons": [
          "HIGH_SCENE_ANOMALY",
          "SPATIAL_ANOMALY",
          "VEGETATION_LOSS",
          "STRONG_CHANGE_MAGNITUDE",
          "CYCLICAL_REVERSAL_DAMPENED"
        ],
        "overall_anomaly": 0.8296,
        "headline": "Pronounced localized spectral change anomaly"
      }
    },
    {
      "type": "Feature",
      "geometry": {
        "type": "Point",
        "coordinates": [
          78.378955,
          17.462031
        ]
      },
      "properties": {
        "grid_id": "HYD_0351",
        "rank": 284,
        "priority_score": 0.4972,
        "priority_level": "MEDIUM",
        "recommendation": "MONITOR_AND_REVIEW",
        "period": "2020_2026",
        "reasons": [
          "HIGH_SCENE_ANOMALY",
          "SPATIAL_ANOMALY",
          "CYCLICAL_REVERSAL_DAMPENED"
        ],
        "overall_anomaly": 0.8265,
        "headline": "Pronounced localized spectral change anomaly"
      }
    },
    {
      "type": "Feature",
      "geometry": {
        "type": "Point",
        "coordinates": [
          78.365945,
          17.385093
        ]
      },
      "properties": {
        "grid_id": "HYD_1079",
        "rank": 285,
        "priority_score": 0.4972,
        "priority_level": "MEDIUM",
        "recommendation": "MONITOR_AND_REVIEW",
        "period": "2020_2026",
        "reasons": [
          "HIGH_SCENE_ANOMALY",
          "SPATIAL_ANOMALY",
          "VEGETATION_LOSS",
          "STRONG_CHANGE_MAGNITUDE"
        ],
        "overall_anomaly": 0.7973,
        "headline": "Pronounced localized spectral change anomaly"
      }
    },
    {
      "type": "Feature",
      "geometry": {
        "type": "Point",
        "coordinates": [
          78.525157,
          17.436808
        ]
      },
      "properties": {
        "grid_id": "HYD_0640",
        "rank": 286,
        "priority_score": 0.497,
        "priority_level": "MEDIUM",
        "recommendation": "MONITOR_AND_REVIEW",
        "period": "2020_2026",
        "reasons": [
          "HIGH_SCENE_ANOMALY",
          "SPATIAL_ANOMALY",
          "VEG_BUILTUP_COHERENCE",
          "VEGETATION_LOSS",
          "CYCLICAL_REVERSAL_DAMPENED"
        ],
        "overall_anomaly": 0.784,
        "headline": "Coherent multi-spectral land-cover alteration"
      }
    },
    {
      "type": "Feature",
      "geometry": {
        "type": "Point",
        "coordinates": [
          78.393453,
          17.435127
        ]
      },
      "properties": {
        "grid_id": "HYD_0612",
        "rank": 287,
        "priority_score": 0.4969,
        "priority_level": "MEDIUM",
        "recommendation": "MONITOR_AND_REVIEW",
        "period": "2020_2026",
        "reasons": [
          "HIGH_SCENE_ANOMALY",
          "SPATIAL_ANOMALY",
          "STRONG_CHANGE_MAGNITUDE",
          "CYCLICAL_REVERSAL_DAMPENED"
        ],
        "overall_anomaly": 0.8306,
        "headline": "Pronounced localized spectral change anomaly"
      }
    },
    {
      "type": "Feature",
      "geometry": {
        "type": "Point",
        "coordinates": [
          78.487402,
          17.445367
        ]
      },
      "properties": {
        "grid_id": "HYD_0546",
        "rank": 288,
        "priority_score": 0.4968,
        "priority_level": "MEDIUM",
        "recommendation": "MONITOR_AND_REVIEW",
        "period": "2020_2026",
        "reasons": [
          "HIGH_SCENE_ANOMALY",
          "SPATIAL_ANOMALY",
          "VEG_BUILTUP_COHERENCE",
          "VEGETATION_LOSS",
          "CYCLICAL_REVERSAL_DAMPENED"
        ],
        "overall_anomaly": 0.7668,
        "headline": "Coherent multi-spectral land-cover alteration"
      }
    },
    {
      "type": "Feature",
      "geometry": {
        "type": "Point",
        "coordinates": [
          78.361372,
          17.376001
        ]
      },
      "properties": {
        "grid_id": "HYD_1164",
        "rank": 289,
        "priority_score": 0.4966,
        "priority_level": "MEDIUM",
        "recommendation": "MONITOR_AND_REVIEW",
        "period": "2020_2026",
        "reasons": [
          "HIGH_SCENE_ANOMALY",
          "SPATIAL_ANOMALY",
          "VEGETATION_LOSS",
          "STRONG_CHANGE_MAGNITUDE",
          "CYCLICAL_REVERSAL_DAMPENED"
        ],
        "overall_anomaly": 0.8279,
        "headline": "Pronounced localized spectral change anomaly"
      }
    },
    {
      "type": "Feature",
      "geometry": {
        "type": "Point",
        "coordinates": [
          78.544275,
          17.414464
        ]
      },
      "properties": {
        "grid_id": "HYD_0859",
        "rank": 290,
        "priority_score": 0.4965,
        "priority_level": "MEDIUM",
        "recommendation": "MONITOR_AND_REVIEW",
        "period": "2020_2026",
        "reasons": [
          "HIGH_SCENE_ANOMALY",
          "SPATIAL_ANOMALY",
          "VEG_BUILTUP_COHERENCE",
          "VEGETATION_LOSS",
          "CYCLICAL_REVERSAL_DAMPENED"
        ],
        "overall_anomaly": 0.7285,
        "headline": "Coherent multi-spectral land-cover alteration"
      }
    },
    {
      "type": "Feature",
      "geometry": {
        "type": "Point",
        "coordinates": [
          78.463444,
          17.476675
        ]
      },
      "properties": {
        "grid_id": "HYD_0240",
        "rank": 291,
        "priority_score": 0.4965,
        "priority_level": "MEDIUM",
        "recommendation": "MONITOR_AND_REVIEW",
        "period": "2020_2026",
        "reasons": [
          "VEG_BUILTUP_COHERENCE",
          "VEGETATION_LOSS",
          "BUILTUP_SENSITIVE_CHANGE",
          "CYCLICAL_REVERSAL_DAMPENED"
        ],
        "overall_anomaly": 0.6774,
        "headline": "Moderate land-cover change requiring monitoring"
      }
    },
    {
      "type": "Feature",
      "geometry": {
        "type": "Point",
        "coordinates": [
          78.394093,
          17.389978
        ]
      },
      "properties": {
        "grid_id": "HYD_1042",
        "rank": 292,
        "priority_score": 0.4963,
        "priority_level": "MEDIUM",
        "recommendation": "MONITOR_AND_REVIEW",
        "period": "2020_2026",
        "reasons": [
          "HIGH_SCENE_ANOMALY",
          "SPATIAL_ANOMALY",
          "VEG_BUILTUP_COHERENCE",
          "VEGETATION_LOSS"
        ],
        "overall_anomaly": 0.7518,
        "headline": "Coherent multi-spectral land-cover alteration"
      }
    },
    {
      "type": "Feature",
      "geometry": {
        "type": "Point",
        "coordinates": [
          78.360139,
          17.461782
        ]
      },
      "properties": {
        "grid_id": "HYD_0347",
        "rank": 293,
        "priority_score": 0.4959,
        "priority_level": "MEDIUM",
        "recommendation": "MONITOR_AND_REVIEW",
        "period": "2020_2026",
        "reasons": [
          "HIGH_SCENE_ANOMALY",
          "SPATIAL_ANOMALY",
          "VEGETATION_LOSS",
          "STRONG_CHANGE_MAGNITUDE",
          "CYCLICAL_REVERSAL_DAMPENED"
        ],
        "overall_anomaly": 0.833,
        "headline": "Pronounced localized spectral change anomaly"
      }
    },
    {
      "type": "Feature",
      "geometry": {
        "type": "Point",
        "coordinates": [
          78.453972,
          17.481069
        ]
      },
      "properties": {
        "grid_id": "HYD_0195",
        "rank": 294,
        "priority_score": 0.4959,
        "priority_level": "MEDIUM",
        "recommendation": "MONITOR_AND_REVIEW",
        "period": "2020_2026",
        "reasons": [
          "SPATIAL_ANOMALY",
          "VEG_BUILTUP_COHERENCE",
          "VEGETATION_LOSS",
          "BUILTUP_SENSITIVE_CHANGE",
          "CYCLICAL_REVERSAL_DAMPENED"
        ],
        "overall_anomaly": 0.6942,
        "headline": "Moderate land-cover change requiring monitoring"
      }
    },
    {
      "type": "Feature",
      "geometry": {
        "type": "Point",
        "coordinates": [
          78.375671,
          17.362643
        ]
      },
      "properties": {
        "grid_id": "HYD_1296",
        "rank": 295,
        "priority_score": 0.4954,
        "priority_level": "MEDIUM",
        "recommendation": "MONITOR_AND_REVIEW",
        "period": "2020_2026",
        "reasons": [
          "HIGH_SCENE_ANOMALY",
          "SPATIAL_ANOMALY",
          "STRONG_CHANGE_MAGNITUDE",
          "CYCLICAL_REVERSAL_DAMPENED"
        ],
        "overall_anomaly": 0.8236,
        "headline": "Pronounced localized spectral change anomaly"
      }
    },
    {
      "type": "Feature",
      "geometry": {
        "type": "Point",
        "coordinates": [
          78.359618,
          17.4979
        ]
      },
      "properties": {
        "grid_id": "HYD_0003",
        "rank": 296,
        "priority_score": 0.4954,
        "priority_level": "MEDIUM",
        "recommendation": "MONITOR_AND_REVIEW",
        "period": "2020_2026",
        "reasons": [
          "HIGH_SCENE_ANOMALY",
          "SPATIAL_ANOMALY",
          "VEG_BUILTUP_COHERENCE",
          "VEGETATION_LOSS",
          "CYCLICAL_REVERSAL_DAMPENED"
        ],
        "overall_anomaly": 0.7763,
        "headline": "Coherent multi-spectral land-cover alteration"
      }
    },
    {
      "type": "Feature",
      "geometry": {
        "type": "Point",
        "coordinates": [
          78.519903,
          17.477387
        ]
      },
      "properties": {
        "grid_id": "HYD_0252",
        "rank": 297,
        "priority_score": 0.4954,
        "priority_level": "MEDIUM",
        "recommendation": "MONITOR_AND_REVIEW",
        "period": "2020_2026",
        "reasons": [
          "HIGH_SCENE_ANOMALY",
          "SPATIAL_ANOMALY",
          "VEG_BUILTUP_COHERENCE",
          "VEGETATION_LOSS",
          "BUILTUP_SENSITIVE_CHANGE",
          "CYCLICAL_REVERSAL_DAMPENED"
        ],
        "overall_anomaly": 0.7242,
        "headline": "Coherent multi-spectral land-cover alteration"
      }
    },
    {
      "type": "Feature",
      "geometry": {
        "type": "Point",
        "coordinates": [
          78.505972,
          17.463665
        ]
      },
      "properties": {
        "grid_id": "HYD_0378",
        "rank": 298,
        "priority_score": 0.4944,
        "priority_level": "MEDIUM",
        "recommendation": "MONITOR_AND_REVIEW",
        "period": "2020_2026",
        "reasons": [
          "HIGH_SCENE_ANOMALY",
          "SPATIAL_ANOMALY",
          "VEG_BUILTUP_COHERENCE",
          "VEGETATION_LOSS",
          "CYCLICAL_REVERSAL_DAMPENED"
        ],
        "overall_anomaly": 0.7226,
        "headline": "Coherent multi-spectral land-cover alteration"
      }
    },
    {
      "type": "Feature",
      "geometry": {
        "type": "Point",
        "coordinates": [
          78.393068,
          17.462216
        ]
      },
      "properties": {
        "grid_id": "HYD_0354",
        "rank": 299,
        "priority_score": 0.4936,
        "priority_level": "MEDIUM",
        "recommendation": "MONITOR_AND_REVIEW",
        "period": "2020_2026",
        "reasons": [
          "HIGH_SCENE_ANOMALY",
          "SPATIAL_ANOMALY",
          "CYCLICAL_REVERSAL_DAMPENED"
        ],
        "overall_anomaly": 0.8323,
        "headline": "Pronounced localized spectral change anomaly"
      }
    },
    {
      "type": "Feature",
      "geometry": {
        "type": "Point",
        "coordinates": [
          78.38526,
          17.349673
        ]
      },
      "properties": {
        "grid_id": "HYD_1427",
        "rank": 300,
        "priority_score": 0.4936,
        "priority_level": "MEDIUM",
        "recommendation": "MONITOR_AND_REVIEW",
        "period": "2020_2026",
        "reasons": [
          "HIGH_SCENE_ANOMALY",
          "SPATIAL_ANOMALY",
          "STRONG_CHANGE_MAGNITUDE",
          "CYCLICAL_REVERSAL_DAMPENED"
        ],
        "overall_anomaly": 0.8063,
        "headline": "Pronounced localized spectral change anomaly"
      }
    },
    {
      "type": "Feature",
      "geometry": {
        "type": "Point",
        "coordinates": [
          78.455662,
          17.359162
        ]
      },
      "properties": {
        "grid_id": "HYD_1356",
        "rank": 301,
        "priority_score": 0.4936,
        "priority_level": "MEDIUM",
        "recommendation": "MONITOR_AND_REVIEW",
        "period": "2020_2026",
        "reasons": [
          "HIGH_SCENE_ANOMALY",
          "SPATIAL_ANOMALY",
          "VEGETATION_LOSS",
          "CYCLICAL_REVERSAL_DAMPENED"
        ],
        "overall_anomaly": 0.7777,
        "headline": "Pronounced localized spectral change anomaly"
      }
    },
    {
      "type": "Feature",
      "geometry": {
        "type": "Point",
        "coordinates": [
          78.351579,
          17.402965
        ]
      },
      "properties": {
        "grid_id": "HYD_0904",
        "rank": 302,
        "priority_score": 0.4934,
        "priority_level": "MEDIUM",
        "recommendation": "MONITOR_AND_REVIEW",
        "period": "2020_2026",
        "reasons": [
          "HIGH_SCENE_ANOMALY",
          "SPATIAL_ANOMALY",
          "VEGETATION_LOSS",
          "STRONG_CHANGE_MAGNITUDE",
          "CYCLICAL_REVERSAL_DAMPENED"
        ],
        "overall_anomaly": 0.8011,
        "headline": "Pronounced localized spectral change anomaly"
      }
    },
    {
      "type": "Feature",
      "geometry": {
        "type": "Point",
        "coordinates": [
          78.464319,
          17.413463
        ]
      },
      "properties": {
        "grid_id": "HYD_0842",
        "rank": 303,
        "priority_score": 0.4932,
        "priority_level": "MEDIUM",
        "recommendation": "MONITOR_AND_REVIEW",
        "period": "2020_2026",
        "reasons": [
          "HIGH_SCENE_ANOMALY",
          "SPATIAL_ANOMALY",
          "VEG_BUILTUP_COHERENCE",
          "VEGETATION_LOSS",
          "CYCLICAL_REVERSAL_DAMPENED"
        ],
        "overall_anomaly": 0.7598,
        "headline": "Coherent multi-spectral land-cover alteration"
      }
    },
    {
      "type": "Feature",
      "geometry": {
        "type": "Point",
        "coordinates": [
          78.360204,
          17.457267
        ]
      },
      "properties": {
        "grid_id": "HYD_0390",
        "rank": 304,
        "priority_score": 0.4931,
        "priority_level": "MEDIUM",
        "recommendation": "MONITOR_AND_REVIEW",
        "period": "2020_2026",
        "reasons": [
          "HIGH_SCENE_ANOMALY",
          "SPATIAL_ANOMALY",
          "VEGETATION_LOSS",
          "STRONG_CHANGE_MAGNITUDE",
          "CYCLICAL_REVERSAL_DAMPENED"
        ],
        "overall_anomaly": 0.8334,
        "headline": "Pronounced localized spectral change anomaly"
      }
    },
    {
      "type": "Feature",
      "geometry": {
        "type": "Point",
        "coordinates": [
          78.529435,
          17.468474
        ]
      },
      "properties": {
        "grid_id": "HYD_0340",
        "rank": 305,
        "priority_score": 0.4931,
        "priority_level": "MEDIUM",
        "recommendation": "MONITOR_AND_REVIEW",
        "period": "2020_2026",
        "reasons": [
          "HIGH_SCENE_ANOMALY",
          "VEG_BUILTUP_COHERENCE",
          "VEGETATION_LOSS",
          "CYCLICAL_REVERSAL_DAMPENED"
        ],
        "overall_anomaly": 0.721,
        "headline": "Coherent multi-spectral land-cover alteration"
      }
    },
    {
      "type": "Feature",
      "geometry": {
        "type": "Point",
        "coordinates": [
          78.375027,
          17.407791
        ]
      },
      "properties": {
        "grid_id": "HYD_0866",
        "rank": 306,
        "priority_score": 0.4929,
        "priority_level": "MEDIUM",
        "recommendation": "MONITOR_AND_REVIEW",
        "period": "2020_2026",
        "reasons": [
          "HIGH_SCENE_ANOMALY",
          "SPATIAL_ANOMALY",
          "CYCLICAL_REVERSAL_DAMPENED"
        ],
        "overall_anomaly": 0.8086,
        "headline": "Pronounced localized spectral change anomaly"
      }
    },
    {
      "type": "Feature",
      "geometry": {
        "type": "Point",
        "coordinates": [
          78.371034,
          17.358066
        ]
      },
      "properties": {
        "grid_id": "HYD_1338",
        "rank": 307,
        "priority_score": 0.4917,
        "priority_level": "MEDIUM",
        "recommendation": "MONITOR_AND_REVIEW",
        "period": "2020_2026",
        "reasons": [
          "HIGH_SCENE_ANOMALY",
          "SPATIAL_ANOMALY",
          "VEGETATION_LOSS",
          "STRONG_CHANGE_MAGNITUDE",
          "CYCLICAL_REVERSAL_DAMPENED"
        ],
        "overall_anomaly": 0.8289,
        "headline": "Pronounced localized spectral change anomaly"
      }
    },
    {
      "type": "Feature",
      "geometry": {
        "type": "Point",
        "coordinates": [
          78.516176,
          17.405084
        ]
      },
      "properties": {
        "grid_id": "HYD_0939",
        "rank": 308,
        "priority_score": 0.4917,
        "priority_level": "MEDIUM",
        "recommendation": "MONITOR_AND_REVIEW",
        "period": "2020_2026",
        "reasons": [
          "HIGH_SCENE_ANOMALY",
          "SPATIAL_ANOMALY",
          "VEG_BUILTUP_COHERENCE",
          "VEGETATION_LOSS",
          "CYCLICAL_REVERSAL_DAMPENED"
        ],
        "overall_anomaly": 0.7575,
        "headline": "Coherent multi-spectral land-cover alteration"
      }
    },
    {
      "type": "Feature",
      "geometry": {
        "type": "Point",
        "coordinates": [
          78.385138,
          17.358251
        ]
      },
      "properties": {
        "grid_id": "HYD_1341",
        "rank": 309,
        "priority_score": 0.4908,
        "priority_level": "MEDIUM",
        "recommendation": "MONITOR_AND_REVIEW",
        "period": "2020_2026",
        "reasons": [
          "HIGH_SCENE_ANOMALY",
          "SPATIAL_ANOMALY",
          "VEGETATION_LOSS",
          "CYCLICAL_REVERSAL_DAMPENED"
        ],
        "overall_anomaly": 0.8154,
        "headline": "Pronounced localized spectral change anomaly"
      }
    },
    {
      "type": "Feature",
      "geometry": {
        "type": "Point",
        "coordinates": [
          78.477869,
          17.454279
        ]
      },
      "properties": {
        "grid_id": "HYD_0458",
        "rank": 310,
        "priority_score": 0.4907,
        "priority_level": "MEDIUM",
        "recommendation": "MONITOR_AND_REVIEW",
        "period": "2020_2026",
        "reasons": [
          "HIGH_SCENE_ANOMALY",
          "VEG_BUILTUP_COHERENCE",
          "VEGETATION_LOSS",
          "BUILTUP_SENSITIVE_CHANGE",
          "CYCLICAL_REVERSAL_DAMPENED"
        ],
        "overall_anomaly": 0.7266,
        "headline": "Coherent multi-spectral land-cover alteration"
      }
    },
    {
      "type": "Feature",
      "geometry": {
        "type": "Point",
        "coordinates": [
          78.543185,
          17.495741
        ]
      },
      "properties": {
        "grid_id": "HYD_0085",
        "rank": 311,
        "priority_score": 0.4903,
        "priority_level": "MEDIUM",
        "recommendation": "MONITOR_AND_REVIEW",
        "period": "2020_2026",
        "reasons": [
          "HIGH_SCENE_ANOMALY",
          "SPATIAL_ANOMALY",
          "VEGETATION_LOSS",
          "CYCLICAL_REVERSAL_DAMPENED"
        ],
        "overall_anomaly": 0.7827,
        "headline": "Pronounced localized spectral change anomaly"
      }
    },
    {
      "type": "Feature",
      "geometry": {
        "type": "Point",
        "coordinates": [
          78.38353,
          17.471123
        ]
      },
      "properties": {
        "grid_id": "HYD_0266",
        "rank": 312,
        "priority_score": 0.4898,
        "priority_level": "MEDIUM",
        "recommendation": "MONITOR_AND_REVIEW",
        "period": "2020_2026",
        "reasons": [
          "HIGH_SCENE_ANOMALY",
          "SPATIAL_ANOMALY",
          "VEG_BUILTUP_COHERENCE",
          "VEGETATION_LOSS",
          "CYCLICAL_REVERSAL_DAMPENED"
        ],
        "overall_anomaly": 0.7765,
        "headline": "Coherent multi-spectral land-cover alteration"
      }
    },
    {
      "type": "Feature",
      "geometry": {
        "type": "Point",
        "coordinates": [
          78.501206,
          17.468121
        ]
      },
      "properties": {
        "grid_id": "HYD_0334",
        "rank": 313,
        "priority_score": 0.4897,
        "priority_level": "MEDIUM",
        "recommendation": "MONITOR_AND_REVIEW",
        "period": "2020_2026",
        "reasons": [
          "HIGH_SCENE_ANOMALY",
          "VEG_BUILTUP_COHERENCE",
          "VEGETATION_LOSS",
          "BUILTUP_SENSITIVE_CHANGE",
          "CYCLICAL_REVERSAL_DAMPENED"
        ],
        "overall_anomaly": 0.7057,
        "headline": "Coherent multi-spectral land-cover alteration"
      }
    },
    {
      "type": "Feature",
      "geometry": {
        "type": "Point",
        "coordinates": [
          78.529313,
          17.477505
        ]
      },
      "properties": {
        "grid_id": "HYD_0254",
        "rank": 314,
        "priority_score": 0.4896,
        "priority_level": "MEDIUM",
        "recommendation": "MONITOR_AND_REVIEW",
        "period": "2020_2026",
        "reasons": [
          "HIGH_SCENE_ANOMALY",
          "SPATIAL_ANOMALY",
          "CYCLICAL_REVERSAL_DAMPENED"
        ],
        "overall_anomaly": 0.7671,
        "headline": "Pronounced localized spectral change anomaly"
      }
    },
    {
      "type": "Feature",
      "geometry": {
        "type": "Point",
        "coordinates": [
          78.351383,
          17.41651
        ]
      },
      "properties": {
        "grid_id": "HYD_0775",
        "rank": 315,
        "priority_score": 0.4892,
        "priority_level": "MEDIUM",
        "recommendation": "MONITOR_AND_REVIEW",
        "period": "2020_2026",
        "reasons": [
          "HIGH_SCENE_ANOMALY",
          "SPATIAL_ANOMALY",
          "STRONG_CHANGE_MAGNITUDE",
          "CYCLICAL_REVERSAL_DAMPENED"
        ],
        "overall_anomaly": 0.834,
        "headline": "Pronounced localized spectral change anomaly"
      }
    },
    {
      "type": "Feature",
      "geometry": {
        "type": "Point",
        "coordinates": [
          78.365686,
          17.403152
        ]
      },
      "properties": {
        "grid_id": "HYD_0907",
        "rank": 316,
        "priority_score": 0.4889,
        "priority_level": "MEDIUM",
        "recommendation": "MONITOR_AND_REVIEW",
        "period": "2020_2026",
        "reasons": [
          "HIGH_SCENE_ANOMALY",
          "SPATIAL_ANOMALY",
          "VEGETATION_LOSS",
          "CYCLICAL_REVERSAL_DAMPENED"
        ],
        "overall_anomaly": 0.8045,
        "headline": "Pronounced localized spectral change anomaly"
      }
    },
    {
      "type": "Feature",
      "geometry": {
        "type": "Point",
        "coordinates": [
          78.526305,
          17.351468
        ]
      },
      "properties": {
        "grid_id": "HYD_1457",
        "rank": 317,
        "priority_score": 0.4887,
        "priority_level": "MEDIUM",
        "recommendation": "MONITOR_AND_REVIEW",
        "period": "2020_2026",
        "reasons": [
          "HIGH_SCENE_ANOMALY",
          "SPATIAL_ANOMALY",
          "CYCLICAL_REVERSAL_DAMPENED"
        ],
        "overall_anomaly": 0.7687,
        "headline": "Pronounced localized spectral change anomaly"
      }
    },
    {
      "type": "Feature",
      "geometry": {
        "type": "Point",
        "coordinates": [
          78.370453,
          17.3987
        ]
      },
      "properties": {
        "grid_id": "HYD_0951",
        "rank": 318,
        "priority_score": 0.4883,
        "priority_level": "MEDIUM",
        "recommendation": "MONITOR_AND_REVIEW",
        "period": "2020_2026",
        "reasons": [
          "HIGH_SCENE_ANOMALY",
          "SPATIAL_ANOMALY",
          "VEGETATION_LOSS",
          "STRONG_CHANGE_MAGNITUDE",
          "CYCLICAL_REVERSAL_DAMPENED"
        ],
        "overall_anomaly": 0.8181,
        "headline": "Pronounced localized spectral change anomaly"
      }
    },
    {
      "type": "Feature",
      "geometry": {
        "type": "Point",
        "coordinates": [
          78.388878,
          17.426036
        ]
      },
      "properties": {
        "grid_id": "HYD_0697",
        "rank": 319,
        "priority_score": 0.4883,
        "priority_level": "MEDIUM",
        "recommendation": "MONITOR_AND_REVIEW",
        "period": "2020_2026",
        "reasons": [
          "HIGH_SCENE_ANOMALY",
          "SPATIAL_ANOMALY",
          "VEG_BUILTUP_COHERENCE",
          "VEGETATION_LOSS",
          "CYCLICAL_REVERSAL_DAMPENED"
        ],
        "overall_anomaly": 0.7814,
        "headline": "Coherent multi-spectral land-cover alteration"
      }
    },
    {
      "type": "Feature",
      "geometry": {
        "type": "Point",
        "coordinates": [
          78.549413,
          17.378398
        ]
      },
      "properties": {
        "grid_id": "HYD_1204",
        "rank": 320,
        "priority_score": 0.4881,
        "priority_level": "MEDIUM",
        "recommendation": "MONITOR_AND_REVIEW",
        "period": "2020_2026",
        "reasons": [
          "HIGH_SCENE_ANOMALY",
          "SPATIAL_ANOMALY",
          "VEG_BUILTUP_COHERENCE",
          "VEGETATION_LOSS",
          "CYCLICAL_REVERSAL_DAMPENED"
        ],
        "overall_anomaly": 0.7648,
        "headline": "Coherent multi-spectral land-cover alteration"
      }
    },
    {
      "type": "Feature",
      "geometry": {
        "type": "Point",
        "coordinates": [
          78.464941,
          17.368311
        ]
      },
      "properties": {
        "grid_id": "HYD_1272",
        "rank": 321,
        "priority_score": 0.488,
        "priority_level": "MEDIUM",
        "recommendation": "MONITOR_AND_REVIEW",
        "period": "2020_2026",
        "reasons": [
          "HIGH_SCENE_ANOMALY",
          "SPATIAL_ANOMALY",
          "VEG_BUILTUP_COHERENCE",
          "VEGETATION_LOSS",
          "CYCLICAL_REVERSAL_DAMPENED"
        ],
        "overall_anomaly": 0.7847,
        "headline": "Coherent multi-spectral land-cover alteration"
      }
    },
    {
      "type": "Feature",
      "geometry": {
        "type": "Point",
        "coordinates": [
          78.435279,
          17.471797
        ]
      },
      "properties": {
        "grid_id": "HYD_0277",
        "rank": 322,
        "priority_score": 0.4876,
        "priority_level": "MEDIUM",
        "recommendation": "MONITOR_AND_REVIEW",
        "period": "2020_2026",
        "reasons": [
          "HIGH_SCENE_ANOMALY",
          "SPATIAL_ANOMALY",
          "VEG_BUILTUP_COHERENCE",
          "VEGETATION_LOSS",
          "CYCLICAL_REVERSAL_DAMPENED"
        ],
        "overall_anomaly": 0.775,
        "headline": "Coherent multi-spectral land-cover alteration"
      }
    },
    {
      "type": "Feature",
      "geometry": {
        "type": "Point",
        "coordinates": [
          78.425997,
          17.462646
        ]
      },
      "properties": {
        "grid_id": "HYD_0361",
        "rank": 323,
        "priority_score": 0.4876,
        "priority_level": "MEDIUM",
        "recommendation": "MONITOR_AND_REVIEW",
        "period": "2020_2026",
        "reasons": [
          "HIGH_SCENE_ANOMALY",
          "SPATIAL_ANOMALY",
          "VEG_BUILTUP_COHERENCE",
          "VEGETATION_LOSS",
          "CYCLICAL_REVERSAL_DAMPENED"
        ],
        "overall_anomaly": 0.7675,
        "headline": "Coherent multi-spectral land-cover alteration"
      }
    },
    {
      "type": "Feature",
      "geometry": {
        "type": "Point",
        "coordinates": [
          78.469643,
          17.368371
        ]
      },
      "properties": {
        "grid_id": "HYD_1273",
        "rank": 324,
        "priority_score": 0.4875,
        "priority_level": "MEDIUM",
        "recommendation": "MONITOR_AND_REVIEW",
        "period": "2020_2026",
        "reasons": [
          "HIGH_SCENE_ANOMALY",
          "SPATIAL_ANOMALY",
          "VEGETATION_LOSS",
          "CYCLICAL_REVERSAL_DAMPENED"
        ],
        "overall_anomaly": 0.8296,
        "headline": "Pronounced localized spectral change anomaly"
      }
    },
    {
      "type": "Feature",
      "geometry": {
        "type": "Point",
        "coordinates": [
          78.472666,
          17.49034
        ]
      },
      "properties": {
        "grid_id": "HYD_0113",
        "rank": 325,
        "priority_score": 0.4873,
        "priority_level": "MEDIUM",
        "recommendation": "MONITOR_AND_REVIEW",
        "period": "2020_2026",
        "reasons": [
          "HIGH_SCENE_ANOMALY",
          "SPATIAL_ANOMALY",
          "VEGETATION_LOSS",
          "CYCLICAL_REVERSAL_DAMPENED"
        ],
        "overall_anomaly": 0.8115,
        "headline": "Pronounced localized spectral change anomaly"
      }
    },
    {
      "type": "Feature",
      "geometry": {
        "type": "Point",
        "coordinates": [
          78.43992,
          17.476373
        ]
      },
      "properties": {
        "grid_id": "HYD_0235",
        "rank": 326,
        "priority_score": 0.4872,
        "priority_level": "MEDIUM",
        "recommendation": "MONITOR_AND_REVIEW",
        "period": "2020_2026",
        "reasons": [
          "HIGH_SCENE_ANOMALY",
          "SPATIAL_ANOMALY",
          "VEGETATION_LOSS",
          "STRONG_CHANGE_MAGNITUDE",
          "CYCLICAL_REVERSAL_DAMPENED"
        ],
        "overall_anomaly": 0.8057,
        "headline": "Pronounced localized spectral change anomaly"
      }
    },
    {
      "type": "Feature",
      "geometry": {
        "type": "Point",
        "coordinates": [
          78.469457,
          17.381917
        ]
      },
      "properties": {
        "grid_id": "HYD_1144",
        "rank": 327,
        "priority_score": 0.4872,
        "priority_level": "MEDIUM",
        "recommendation": "MONITOR_AND_REVIEW",
        "period": "2020_2026",
        "reasons": [
          "HIGH_SCENE_ANOMALY",
          "SPATIAL_ANOMALY",
          "VEG_BUILTUP_COHERENCE",
          "VEGETATION_LOSS",
          "STRONG_CHANGE_MAGNITUDE",
          "CYCLICAL_REVERSAL_DAMPENED"
        ],
        "overall_anomaly": 0.7775,
        "headline": "Coherent multi-spectral land-cover alteration"
      }
    },
    {
      "type": "Feature",
      "geometry": {
        "type": "Point",
        "coordinates": [
          78.502067,
          17.404908
        ]
      },
      "properties": {
        "grid_id": "HYD_0936",
        "rank": 328,
        "priority_score": 0.4865,
        "priority_level": "MEDIUM",
        "recommendation": "MONITOR_AND_REVIEW",
        "period": "2020_2026",
        "reasons": [
          "HIGH_SCENE_ANOMALY",
          "SPATIAL_ANOMALY",
          "VEG_BUILTUP_COHERENCE",
          "VEGETATION_LOSS",
          "STRONG_CHANGE_MAGNITUDE",
          "CYCLICAL_REVERSAL_DAMPENED"
        ],
        "overall_anomaly": 0.7819,
        "headline": "Coherent multi-spectral land-cover alteration"
      }
    },
    {
      "type": "Feature",
      "geometry": {
        "type": "Point",
        "coordinates": [
          78.350535,
          17.475201
        ]
      },
      "properties": {
        "grid_id": "HYD_0216",
        "rank": 329,
        "priority_score": 0.4863,
        "priority_level": "MEDIUM",
        "recommendation": "MONITOR_AND_REVIEW",
        "period": "2020_2026",
        "reasons": [
          "HIGH_SCENE_ANOMALY",
          "SPATIAL_ANOMALY",
          "STRONG_CHANGE_MAGNITUDE",
          "CYCLICAL_REVERSAL_DAMPENED"
        ],
        "overall_anomaly": 0.8011,
        "headline": "Pronounced localized spectral change anomaly"
      }
    },
    {
      "type": "Feature",
      "geometry": {
        "type": "Point",
        "coordinates": [
          78.534078,
          17.473048
        ]
      },
      "properties": {
        "grid_id": "HYD_0298",
        "rank": 330,
        "priority_score": 0.4859,
        "priority_level": "MEDIUM",
        "recommendation": "MONITOR_AND_REVIEW",
        "period": "2020_2026",
        "reasons": [
          "HIGH_SCENE_ANOMALY",
          "SPATIAL_ANOMALY",
          "VEG_BUILTUP_COHERENCE",
          "CYCLICAL_REVERSAL_DAMPENED"
        ],
        "overall_anomaly": 0.73,
        "headline": "Coherent multi-spectral land-cover alteration"
      }
    },
    {
      "type": "Feature",
      "geometry": {
        "type": "Point",
        "coordinates": [
          78.520575,
          17.427719
        ]
      },
      "properties": {
        "grid_id": "HYD_0725",
        "rank": 331,
        "priority_score": 0.4856,
        "priority_level": "MEDIUM",
        "recommendation": "MONITOR_AND_REVIEW",
        "period": "2020_2026",
        "reasons": [
          "HIGH_SCENE_ANOMALY",
          "SPATIAL_ANOMALY",
          "VEG_BUILTUP_COHERENCE",
          "VEGETATION_LOSS",
          "CYCLICAL_REVERSAL_DAMPENED"
        ],
        "overall_anomaly": 0.7387,
        "headline": "Coherent multi-spectral land-cover alteration"
      }
    },
    {
      "type": "Feature",
      "geometry": {
        "type": "Point",
        "coordinates": [
          78.472854,
          17.476795
        ]
      },
      "properties": {
        "grid_id": "HYD_0242",
        "rank": 332,
        "priority_score": 0.4852,
        "priority_level": "MEDIUM",
        "recommendation": "MONITOR_AND_REVIEW",
        "period": "2020_2026",
        "reasons": [
          "HIGH_SCENE_ANOMALY",
          "SPATIAL_ANOMALY",
          "VEG_BUILTUP_COHERENCE",
          "VEGETATION_LOSS",
          "CYCLICAL_REVERSAL_DAMPENED"
        ],
        "overall_anomaly": 0.732,
        "headline": "Coherent multi-spectral land-cover alteration"
      }
    },
    {
      "type": "Feature",
      "geometry": {
        "type": "Point",
        "coordinates": [
          78.384881,
          17.376311
        ]
      },
      "properties": {
        "grid_id": "HYD_1169",
        "rank": 333,
        "priority_score": 0.4848,
        "priority_level": "MEDIUM",
        "recommendation": "MONITOR_AND_REVIEW",
        "period": "2020_2026",
        "reasons": [
          "HIGH_SCENE_ANOMALY",
          "STRONG_CHANGE_MAGNITUDE",
          "CYCLICAL_REVERSAL_DAMPENED"
        ],
        "overall_anomaly": 0.786,
        "headline": "Pronounced scene-level change anomaly"
      }
    },
    {
      "type": "Feature",
      "geometry": {
        "type": "Point",
        "coordinates": [
          78.40388,
          17.363011
        ]
      },
      "properties": {
        "grid_id": "HYD_1302",
        "rank": 334,
        "priority_score": 0.4847,
        "priority_level": "MEDIUM",
        "recommendation": "MONITOR_AND_REVIEW",
        "period": "2020_2026",
        "reasons": [
          "HIGH_SCENE_ANOMALY",
          "SPATIAL_ANOMALY",
          "CYCLICAL_REVERSAL_DAMPENED"
        ],
        "overall_anomaly": 0.7874,
        "headline": "Pronounced localized spectral change anomaly"
      }
    },
    {
      "type": "Feature",
      "geometry": {
        "type": "Point",
        "coordinates": [
          78.408766,
          17.349979
        ]
      },
      "properties": {
        "grid_id": "HYD_1432",
        "rank": 335,
        "priority_score": 0.4843,
        "priority_level": "MEDIUM",
        "recommendation": "MONITOR_AND_REVIEW",
        "period": "2020_2026",
        "reasons": [
          "HIGH_SCENE_ANOMALY",
          "SPATIAL_ANOMALY",
          "VEGETATION_LOSS",
          "STRONG_CHANGE_MAGNITUDE",
          "CYCLICAL_REVERSAL_DAMPENED"
        ],
        "overall_anomaly": 0.7971,
        "headline": "Pronounced localized spectral change anomaly"
      }
    },
    {
      "type": "Feature",
      "geometry": {
        "type": "Point",
        "coordinates": [
          78.403817,
          17.367526
        ]
      },
      "properties": {
        "grid_id": "HYD_1259",
        "rank": 336,
        "priority_score": 0.4838,
        "priority_level": "MEDIUM",
        "recommendation": "MONITOR_AND_REVIEW",
        "period": "2020_2026",
        "reasons": [
          "HIGH_SCENE_ANOMALY",
          "SPATIAL_ANOMALY",
          "CYCLICAL_REVERSAL_DAMPENED"
        ],
        "overall_anomaly": 0.8088,
        "headline": "Pronounced localized spectral change anomaly"
      }
    },
    {
      "type": "Feature",
      "geometry": {
        "type": "Point",
        "coordinates": [
          78.52913,
          17.491051
        ]
      },
      "properties": {
        "grid_id": "HYD_0125",
        "rank": 337,
        "priority_score": 0.483,
        "priority_level": "MEDIUM",
        "recommendation": "MONITOR_AND_REVIEW",
        "period": "2020_2026",
        "reasons": [
          "HIGH_SCENE_ANOMALY",
          "SPATIAL_ANOMALY",
          "VEG_BUILTUP_COHERENCE",
          "VEGETATION_LOSS",
          "CYCLICAL_REVERSAL_DAMPENED"
        ],
        "overall_anomaly": 0.7778,
        "headline": "Coherent multi-spectral land-cover alteration"
      }
    },
    {
      "type": "Feature",
      "geometry": {
        "type": "Point",
        "coordinates": [
          78.404065,
          17.349918
        ]
      },
      "properties": {
        "grid_id": "HYD_1431",
        "rank": 338,
        "priority_score": 0.4829,
        "priority_level": "MEDIUM",
        "recommendation": "MONITOR_AND_REVIEW",
        "period": "2020_2026",
        "reasons": [
          "HIGH_SCENE_ANOMALY",
          "VEGETATION_LOSS",
          "STRONG_CHANGE_MAGNITUDE",
          "CYCLICAL_REVERSAL_DAMPENED"
        ],
        "overall_anomaly": 0.8146,
        "headline": "Pronounced scene-level change anomaly"
      }
    },
    {
      "type": "Feature",
      "geometry": {
        "type": "Point",
        "coordinates": [
          78.399242,
          17.358435
        ]
      },
      "properties": {
        "grid_id": "HYD_1344",
        "rank": 339,
        "priority_score": 0.4828,
        "priority_level": "MEDIUM",
        "recommendation": "MONITOR_AND_REVIEW",
        "period": "2020_2026",
        "reasons": [
          "HIGH_SCENE_ANOMALY",
          "SPATIAL_ANOMALY",
          "VEGETATION_LOSS",
          "CYCLICAL_REVERSAL_DAMPENED"
        ],
        "overall_anomaly": 0.7644,
        "headline": "Pronounced localized spectral change anomaly"
      }
    },
    {
      "type": "Feature",
      "geometry": {
        "type": "Point",
        "coordinates": [
          78.505726,
          17.481726
        ]
      },
      "properties": {
        "grid_id": "HYD_0206",
        "rank": 340,
        "priority_score": 0.4826,
        "priority_level": "MEDIUM",
        "recommendation": "MONITOR_AND_REVIEW",
        "period": "2020_2026",
        "reasons": [
          "VEG_BUILTUP_COHERENCE",
          "VEGETATION_LOSS",
          "BUILTUP_SENSITIVE_CHANGE",
          "CYCLICAL_REVERSAL_DAMPENED"
        ],
        "overall_anomaly": 0.679,
        "headline": "Moderate land-cover change requiring monitoring"
      }
    },
    {
      "type": "Feature",
      "geometry": {
        "type": "Point",
        "coordinates": [
          78.38501,
          17.367281
        ]
      },
      "properties": {
        "grid_id": "HYD_1255",
        "rank": 341,
        "priority_score": 0.4824,
        "priority_level": "MEDIUM",
        "recommendation": "MONITOR_AND_REVIEW",
        "period": "2020_2026",
        "reasons": [
          "HIGH_SCENE_ANOMALY",
          "SPATIAL_ANOMALY",
          "VEGETATION_LOSS",
          "CYCLICAL_REVERSAL_DAMPENED"
        ],
        "overall_anomaly": 0.7903,
        "headline": "Pronounced localized spectral change anomaly"
      }
    },
    {
      "type": "Feature",
      "geometry": {
        "type": "Point",
        "coordinates": [
          78.547783,
          17.500314
        ]
      },
      "properties": {
        "grid_id": "HYD_0043",
        "rank": 342,
        "priority_score": 0.4822,
        "priority_level": "MEDIUM",
        "recommendation": "MONITOR_AND_REVIEW",
        "period": "2020_2026",
        "reasons": [
          "HIGH_SCENE_ANOMALY",
          "SPATIAL_ANOMALY",
          "VEGETATION_LOSS",
          "CYCLICAL_REVERSAL_DAMPENED"
        ],
        "overall_anomaly": 0.7775,
        "headline": "Pronounced localized spectral change anomaly"
      }
    },
    {
      "type": "Feature",
      "geometry": {
        "type": "Point",
        "coordinates": [
          78.488266,
          17.382154
        ]
      },
      "properties": {
        "grid_id": "HYD_1148",
        "rank": 343,
        "priority_score": 0.4822,
        "priority_level": "MEDIUM",
        "recommendation": "MONITOR_AND_REVIEW",
        "period": "2020_2026",
        "reasons": [
          "HIGH_SCENE_ANOMALY",
          "SPATIAL_ANOMALY",
          "VEG_BUILTUP_COHERENCE",
          "VEGETATION_LOSS",
          "STRONG_CHANGE_MAGNITUDE",
          "CYCLICAL_REVERSAL_DAMPENED"
        ],
        "overall_anomaly": 0.7658,
        "headline": "Coherent multi-spectral land-cover alteration"
      }
    },
    {
      "type": "Feature",
      "geometry": {
        "type": "Point",
        "coordinates": [
          78.520819,
          17.409658
        ]
      },
      "properties": {
        "grid_id": "HYD_0897",
        "rank": 344,
        "priority_score": 0.482,
        "priority_level": "MEDIUM",
        "recommendation": "MONITOR_AND_REVIEW",
        "period": "2020_2026",
        "reasons": [
          "HIGH_SCENE_ANOMALY",
          "SPATIAL_ANOMALY",
          "VEG_BUILTUP_COHERENCE",
          "VEGETATION_LOSS",
          "CYCLICAL_REVERSAL_DAMPENED"
        ],
        "overall_anomaly": 0.7473,
        "headline": "Coherent multi-spectral land-cover alteration"
      }
    },
    {
      "type": "Feature",
      "geometry": {
        "type": "Point",
        "coordinates": [
          78.371156,
          17.349488
        ]
      },
      "properties": {
        "grid_id": "HYD_1424",
        "rank": 345,
        "priority_score": 0.4817,
        "priority_level": "MEDIUM",
        "recommendation": "MONITOR_AND_REVIEW",
        "period": "2020_2026",
        "reasons": [
          "HIGH_SCENE_ANOMALY",
          "SPATIAL_ANOMALY",
          "STRONG_CHANGE_MAGNITUDE",
          "CYCLICAL_REVERSAL_DAMPENED"
        ],
        "overall_anomaly": 0.8003,
        "headline": "Pronounced localized spectral change anomaly"
      }
    },
    {
      "type": "Feature",
      "geometry": {
        "type": "Point",
        "coordinates": [
          78.375349,
          17.385217
        ]
      },
      "properties": {
        "grid_id": "HYD_1081",
        "rank": 346,
        "priority_score": 0.4813,
        "priority_level": "MEDIUM",
        "recommendation": "MONITOR_AND_REVIEW",
        "period": "2020_2026",
        "reasons": [
          "HIGH_SCENE_ANOMALY",
          "VEG_BUILTUP_COHERENCE",
          "VEGETATION_LOSS",
          "BUILTUP_SENSITIVE_CHANGE",
          "STRONG_CHANGE_MAGNITUDE",
          "CYCLICAL_REVERSAL_DAMPENED"
        ],
        "overall_anomaly": 0.7793,
        "headline": "Coherent multi-spectral land-cover alteration"
      }
    },
    {
      "type": "Feature",
      "geometry": {
        "type": "Point",
        "coordinates": [
          78.384946,
          17.371796
        ]
      },
      "properties": {
        "grid_id": "HYD_1212",
        "rank": 347,
        "priority_score": 0.4812,
        "priority_level": "MEDIUM",
        "recommendation": "MONITOR_AND_REVIEW",
        "period": "2020_2026",
        "reasons": [
          "HIGH_SCENE_ANOMALY",
          "STRONG_CHANGE_MAGNITUDE",
          "CYCLICAL_REVERSAL_DAMPENED"
        ],
        "overall_anomaly": 0.7866,
        "headline": "Pronounced scene-level change anomaly"
      }
    },
    {
      "type": "Feature",
      "geometry": {
        "type": "Point",
        "coordinates": [
          78.487773,
          17.418276
        ]
      },
      "properties": {
        "grid_id": "HYD_0804",
        "rank": 348,
        "priority_score": 0.4809,
        "priority_level": "MEDIUM",
        "recommendation": "MONITOR_AND_REVIEW",
        "period": "2020_2026",
        "reasons": [
          "HIGH_SCENE_ANOMALY",
          "SPATIAL_ANOMALY",
          "VEG_BUILTUP_COHERENCE",
          "VEGETATION_LOSS",
          "STRONG_CHANGE_MAGNITUDE",
          "CYCLICAL_REVERSAL_DAMPENED"
        ],
        "overall_anomaly": 0.7508,
        "headline": "Coherent multi-spectral land-cover alteration"
      }
    },
    {
      "type": "Feature",
      "geometry": {
        "type": "Point",
        "coordinates": [
          78.38411,
          17.430489
        ]
      },
      "properties": {
        "grid_id": "HYD_0653",
        "rank": 349,
        "priority_score": 0.4806,
        "priority_level": "MEDIUM",
        "recommendation": "MONITOR_AND_REVIEW",
        "period": "2020_2026",
        "reasons": [
          "HIGH_SCENE_ANOMALY",
          "SPATIAL_ANOMALY",
          "CYCLICAL_REVERSAL_DAMPENED"
        ],
        "overall_anomaly": 0.8323,
        "headline": "Pronounced localized spectral change anomaly"
      }
    },
    {
      "type": "Feature",
      "geometry": {
        "type": "Point",
        "coordinates": [
          78.488451,
          17.368608
        ]
      },
      "properties": {
        "grid_id": "HYD_1277",
        "rank": 350,
        "priority_score": 0.4806,
        "priority_level": "MEDIUM",
        "recommendation": "MONITOR_AND_REVIEW",
        "period": "2020_2026",
        "reasons": [
          "HIGH_SCENE_ANOMALY",
          "SPATIAL_ANOMALY",
          "VEG_BUILTUP_COHERENCE",
          "VEGETATION_LOSS"
        ],
        "overall_anomaly": 0.7696,
        "headline": "Coherent multi-spectral land-cover alteration"
      }
    },
    {
      "type": "Feature",
      "geometry": {
        "type": "Point",
        "coordinates": [
          78.496687,
          17.454516
        ]
      },
      "properties": {
        "grid_id": "HYD_0462",
        "rank": 351,
        "priority_score": 0.4805,
        "priority_level": "MEDIUM",
        "recommendation": "MONITOR_AND_REVIEW",
        "period": "2020_2026",
        "reasons": [
          "HIGH_SCENE_ANOMALY",
          "SPATIAL_ANOMALY",
          "VEG_BUILTUP_COHERENCE",
          "VEGETATION_LOSS",
          "CYCLICAL_REVERSAL_DAMPENED"
        ],
        "overall_anomaly": 0.7374,
        "headline": "Coherent multi-spectral land-cover alteration"
      }
    },
    {
      "type": "Feature",
      "geometry": {
        "type": "Point",
        "coordinates": [
          78.502619,
          17.36427
        ]
      },
      "properties": {
        "grid_id": "HYD_1323",
        "rank": 352,
        "priority_score": 0.48,
        "priority_level": "MEDIUM",
        "recommendation": "MONITOR_AND_REVIEW",
        "period": "2020_2026",
        "reasons": [
          "HIGH_SCENE_ANOMALY",
          "SPATIAL_ANOMALY",
          "VEGETATION_LOSS",
          "CYCLICAL_REVERSAL_DAMPENED"
        ],
        "overall_anomaly": 0.7822,
        "headline": "Pronounced localized spectral change anomaly"
      }
    },
    {
      "type": "Feature",
      "geometry": {
        "type": "Point",
        "coordinates": [
          78.407436,
          17.444341
        ]
      },
      "properties": {
        "grid_id": "HYD_0529",
        "rank": 353,
        "priority_score": 0.4798,
        "priority_level": "MEDIUM",
        "recommendation": "MONITOR_AND_REVIEW",
        "period": "2020_2026",
        "reasons": [
          "HIGH_SCENE_ANOMALY",
          "SPATIAL_ANOMALY",
          "CYCLICAL_REVERSAL_DAMPENED"
        ],
        "overall_anomaly": 0.816,
        "headline": "Pronounced localized spectral change anomaly"
      }
    },
    {
      "type": "Feature",
      "geometry": {
        "type": "Point",
        "coordinates": [
          78.360659,
          17.425664
        ]
      },
      "properties": {
        "grid_id": "HYD_0691",
        "rank": 354,
        "priority_score": 0.4798,
        "priority_level": "MEDIUM",
        "recommendation": "MONITOR_AND_REVIEW",
        "period": "2020_2026",
        "reasons": [
          "HIGH_SCENE_ANOMALY",
          "SPATIAL_ANOMALY",
          "STRONG_CHANGE_MAGNITUDE",
          "CYCLICAL_REVERSAL_DAMPENED"
        ],
        "overall_anomaly": 0.8053,
        "headline": "Pronounced localized spectral change anomaly"
      }
    },
    {
      "type": "Feature",
      "geometry": {
        "type": "Point",
        "coordinates": [
          78.393003,
          17.466731
        ]
      },
      "properties": {
        "grid_id": "HYD_0311",
        "rank": 355,
        "priority_score": 0.4798,
        "priority_level": "MEDIUM",
        "recommendation": "MONITOR_AND_REVIEW",
        "period": "2020_2026",
        "reasons": [
          "HIGH_SCENE_ANOMALY",
          "SPATIAL_ANOMALY",
          "VEGETATION_LOSS",
          "CYCLICAL_REVERSAL_DAMPENED"
        ],
        "overall_anomaly": 0.7975,
        "headline": "Pronounced localized spectral change anomaly"
      }
    },
    {
      "type": "Feature",
      "geometry": {
        "type": "Point",
        "coordinates": [
          78.525765,
          17.391655
        ]
      },
      "properties": {
        "grid_id": "HYD_1070",
        "rank": 356,
        "priority_score": 0.4796,
        "priority_level": "MEDIUM",
        "recommendation": "MONITOR_AND_REVIEW",
        "period": "2020_2026",
        "reasons": [
          "HIGH_SCENE_ANOMALY",
          "SPATIAL_ANOMALY",
          "VEG_BUILTUP_COHERENCE",
          "VEGETATION_LOSS",
          "CYCLICAL_REVERSAL_DAMPENED"
        ],
        "overall_anomaly": 0.7142,
        "headline": "Coherent multi-spectral land-cover alteration"
      }
    },
    {
      "type": "Feature",
      "geometry": {
        "type": "Point",
        "coordinates": [
          78.454474,
          17.444949
        ]
      },
      "properties": {
        "grid_id": "HYD_0539",
        "rank": 357,
        "priority_score": 0.4794,
        "priority_level": "MEDIUM",
        "recommendation": "MONITOR_AND_REVIEW",
        "period": "2020_2026",
        "reasons": [
          "HIGH_SCENE_ANOMALY",
          "SPATIAL_ANOMALY",
          "VEG_BUILTUP_COHERENCE",
          "VEGETATION_LOSS",
          "CYCLICAL_REVERSAL_DAMPENED"
        ],
        "overall_anomaly": 0.7563,
        "headline": "Coherent multi-spectral land-cover alteration"
      }
    },
    {
      "type": "Feature",
      "geometry": {
        "type": "Point",
        "coordinates": [
          78.510554,
          17.472754
        ]
      },
      "properties": {
        "grid_id": "HYD_0293",
        "rank": 358,
        "priority_score": 0.4792,
        "priority_level": "MEDIUM",
        "recommendation": "MONITOR_AND_REVIEW",
        "period": "2020_2026",
        "reasons": [
          "HIGH_SCENE_ANOMALY",
          "SPATIAL_ANOMALY",
          "VEG_BUILTUP_COHERENCE",
          "VEGETATION_LOSS",
          "CYCLICAL_REVERSAL_DAMPENED"
        ],
        "overall_anomaly": 0.7183,
        "headline": "Coherent multi-spectral land-cover alteration"
      }
    },
    {
      "type": "Feature",
      "geometry": {
        "type": "Point",
        "coordinates": [
          78.510308,
          17.490816
        ]
      },
      "properties": {
        "grid_id": "HYD_0121",
        "rank": 359,
        "priority_score": 0.4791,
        "priority_level": "MEDIUM",
        "recommendation": "MONITOR_AND_REVIEW",
        "period": "2020_2026",
        "reasons": [
          "HIGH_SCENE_ANOMALY",
          "SPATIAL_ANOMALY",
          "VEG_BUILTUP_COHERENCE",
          "VEGETATION_LOSS",
          "CYCLICAL_REVERSAL_DAMPENED"
        ],
        "overall_anomaly": 0.7252,
        "headline": "Coherent multi-spectral land-cover alteration"
      }
    },
    {
      "type": "Feature",
      "geometry": {
        "type": "Point",
        "coordinates": [
          78.49761,
          17.386787
        ]
      },
      "properties": {
        "grid_id": "HYD_1107",
        "rank": 360,
        "priority_score": 0.4786,
        "priority_level": "MEDIUM",
        "recommendation": "MONITOR_AND_REVIEW",
        "period": "2020_2026",
        "reasons": [
          "HIGH_SCENE_ANOMALY",
          "SPATIAL_ANOMALY",
          "VEG_BUILTUP_COHERENCE",
          "VEGETATION_LOSS",
          "CYCLICAL_REVERSAL_DAMPENED"
        ],
        "overall_anomaly": 0.7377,
        "headline": "Coherent multi-spectral land-cover alteration"
      }
    },
    {
      "type": "Feature",
      "geometry": {
        "type": "Point",
        "coordinates": [
          78.515381,
          17.463783
        ]
      },
      "properties": {
        "grid_id": "HYD_0380",
        "rank": 361,
        "priority_score": 0.4786,
        "priority_level": "MEDIUM",
        "recommendation": "MONITOR_AND_REVIEW",
        "period": "2020_2026",
        "reasons": [
          "HIGH_SCENE_ANOMALY",
          "SPATIAL_ANOMALY",
          "VEG_BUILTUP_COHERENCE",
          "VEGETATION_LOSS",
          "CYCLICAL_REVERSAL_DAMPENED"
        ],
        "overall_anomaly": 0.7287,
        "headline": "Coherent multi-spectral land-cover alteration"
      }
    },
    {
      "type": "Feature",
      "geometry": {
        "type": "Point",
        "coordinates": [
          78.422624,
          17.36777
        ]
      },
      "properties": {
        "grid_id": "HYD_1263",
        "rank": 362,
        "priority_score": 0.4782,
        "priority_level": "MEDIUM",
        "recommendation": "MONITOR_AND_REVIEW",
        "period": "2020_2026",
        "reasons": [
          "HIGH_SCENE_ANOMALY",
          "SPATIAL_ANOMALY",
          "CYCLICAL_REVERSAL_DAMPENED"
        ],
        "overall_anomaly": 0.7768,
        "headline": "Pronounced localized spectral change anomaly"
      }
    },
    {
      "type": "Feature",
      "geometry": {
        "type": "Point",
        "coordinates": [
          78.369547,
          17.461907
        ]
      },
      "properties": {
        "grid_id": "HYD_0349",
        "rank": 363,
        "priority_score": 0.4781,
        "priority_level": "MEDIUM",
        "recommendation": "MONITOR_AND_REVIEW",
        "period": "2020_2026",
        "reasons": [
          "HIGH_SCENE_ANOMALY",
          "SPATIAL_ANOMALY",
          "CYCLICAL_REVERSAL_DAMPENED"
        ],
        "overall_anomaly": 0.8177,
        "headline": "Pronounced localized spectral change anomaly"
      }
    },
    {
      "type": "Feature",
      "geometry": {
        "type": "Point",
        "coordinates": [
          78.364908,
          17.45733
        ]
      },
      "properties": {
        "grid_id": "HYD_0391",
        "rank": 364,
        "priority_score": 0.4777,
        "priority_level": "MEDIUM",
        "recommendation": "MONITOR_AND_REVIEW",
        "period": "2020_2026",
        "reasons": [
          "HIGH_SCENE_ANOMALY",
          "SPATIAL_ANOMALY",
          "CYCLICAL_REVERSAL_DAMPENED"
        ],
        "overall_anomaly": 0.8127,
        "headline": "Pronounced localized spectral change anomaly"
      }
    },
    {
      "type": "Feature",
      "geometry": {
        "type": "Point",
        "coordinates": [
          78.356086,
          17.416572
        ]
      },
      "properties": {
        "grid_id": "HYD_0776",
        "rank": 365,
        "priority_score": 0.4775,
        "priority_level": "MEDIUM",
        "recommendation": "MONITOR_AND_REVIEW",
        "period": "2020_2026",
        "reasons": [
          "HIGH_SCENE_ANOMALY",
          "SPATIAL_ANOMALY",
          "CYCLICAL_REVERSAL_DAMPENED"
        ],
        "overall_anomaly": 0.7906,
        "headline": "Pronounced localized spectral change anomaly"
      }
    },
    {
      "type": "Feature",
      "geometry": {
        "type": "Point",
        "coordinates": [
          78.41322,
          17.367648
        ]
      },
      "properties": {
        "grid_id": "HYD_1261",
        "rank": 366,
        "priority_score": 0.4775,
        "priority_level": "MEDIUM",
        "recommendation": "MONITOR_AND_REVIEW",
        "period": "2020_2026",
        "reasons": [
          "HIGH_SCENE_ANOMALY",
          "SPATIAL_ANOMALY",
          "VEGETATION_LOSS",
          "CYCLICAL_REVERSAL_DAMPENED"
        ],
        "overall_anomaly": 0.7866,
        "headline": "Pronounced localized spectral change anomaly"
      }
    },
    {
      "type": "Feature",
      "geometry": {
        "type": "Point",
        "coordinates": [
          78.515688,
          17.441206
        ]
      },
      "properties": {
        "grid_id": "HYD_0595",
        "rank": 367,
        "priority_score": 0.4774,
        "priority_level": "MEDIUM",
        "recommendation": "MONITOR_AND_REVIEW",
        "period": "2020_2026",
        "reasons": [
          "HIGH_SCENE_ANOMALY",
          "SPATIAL_ANOMALY",
          "VEG_BUILTUP_COHERENCE",
          "VEGETATION_LOSS",
          "CYCLICAL_REVERSAL_DAMPENED"
        ],
        "overall_anomaly": 0.7073,
        "headline": "Coherent multi-spectral land-cover alteration"
      }
    },
    {
      "type": "Feature",
      "geometry": {
        "type": "Point",
        "coordinates": [
          78.425743,
          17.480705
        ]
      },
      "properties": {
        "grid_id": "HYD_0189",
        "rank": 368,
        "priority_score": 0.4773,
        "priority_level": "MEDIUM",
        "recommendation": "MONITOR_AND_REVIEW",
        "period": "2020_2026",
        "reasons": [
          "HIGH_SCENE_ANOMALY",
          "SPATIAL_ANOMALY",
          "VEG_BUILTUP_COHERENCE",
          "VEGETATION_LOSS",
          "CYCLICAL_REVERSAL_DAMPENED"
        ],
        "overall_anomaly": 0.7684,
        "headline": "Coherent multi-spectral land-cover alteration"
      }
    },
    {
      "type": "Feature",
      "geometry": {
        "type": "Point",
        "coordinates": [
          78.548449,
          17.450645
        ]
      },
      "properties": {
        "grid_id": "HYD_0516",
        "rank": 369,
        "priority_score": 0.4773,
        "priority_level": "MEDIUM",
        "recommendation": "MONITOR_AND_REVIEW",
        "period": "2020_2026",
        "reasons": [
          "HIGH_SCENE_ANOMALY",
          "SPATIAL_ANOMALY",
          "VEG_BUILTUP_COHERENCE",
          "VEGETATION_LOSS",
          "CYCLICAL_REVERSAL_DAMPENED"
        ],
        "overall_anomaly": 0.7314,
        "headline": "Coherent multi-spectral land-cover alteration"
      }
    },
    {
      "type": "Feature",
      "geometry": {
        "type": "Point",
        "coordinates": [
          78.430575,
          17.471736
        ]
      },
      "properties": {
        "grid_id": "HYD_0276",
        "rank": 370,
        "priority_score": 0.4771,
        "priority_level": "MEDIUM",
        "recommendation": "MONITOR_AND_REVIEW",
        "period": "2020_2026",
        "reasons": [
          "HIGH_SCENE_ANOMALY",
          "SPATIAL_ANOMALY",
          "VEG_BUILTUP_COHERENCE",
          "VEGETATION_LOSS",
          "CYCLICAL_REVERSAL_DAMPENED"
        ],
        "overall_anomaly": 0.7348,
        "headline": "Coherent multi-spectral land-cover alteration"
      }
    },
    {
      "type": "Feature",
      "geometry": {
        "type": "Point",
        "coordinates": [
          78.374704,
          17.430365
        ]
      },
      "properties": {
        "grid_id": "HYD_0651",
        "rank": 371,
        "priority_score": 0.4768,
        "priority_level": "MEDIUM",
        "recommendation": "MONITOR_AND_REVIEW",
        "period": "2020_2026",
        "reasons": [
          "HIGH_SCENE_ANOMALY",
          "SPATIAL_ANOMALY",
          "CYCLICAL_REVERSAL_DAMPENED"
        ],
        "overall_anomaly": 0.7956,
        "headline": "Pronounced localized spectral change anomaly"
      }
    },
    {
      "type": "Feature",
      "geometry": {
        "type": "Point",
        "coordinates": [
          78.430765,
          17.458191
        ]
      },
      "properties": {
        "grid_id": "HYD_0405",
        "rank": 372,
        "priority_score": 0.476,
        "priority_level": "MEDIUM",
        "recommendation": "MONITOR_AND_REVIEW",
        "period": "2020_2026",
        "reasons": [
          "HIGH_SCENE_ANOMALY",
          "SPATIAL_ANOMALY",
          "CYCLICAL_REVERSAL_DAMPENED"
        ],
        "overall_anomaly": 0.8144,
        "headline": "Pronounced localized spectral change anomaly"
      }
    },
    {
      "type": "Feature",
      "geometry": {
        "type": "Point",
        "coordinates": [
          78.439604,
          17.498948
        ]
      },
      "properties": {
        "grid_id": "HYD_0020",
        "rank": 373,
        "priority_score": 0.4757,
        "priority_level": "MEDIUM",
        "recommendation": "MONITOR_AND_REVIEW",
        "period": "2020_2026",
        "reasons": [
          "HIGH_SCENE_ANOMALY",
          "SPATIAL_ANOMALY",
          "VEG_BUILTUP_COHERENCE",
          "VEGETATION_LOSS",
          "CYCLICAL_REVERSAL_DAMPENED"
        ],
        "overall_anomaly": 0.7175,
        "headline": "Coherent multi-spectral land-cover alteration"
      }
    },
    {
      "type": "Feature",
      "geometry": {
        "type": "Point",
        "coordinates": [
          78.374122,
          17.470998
        ]
      },
      "properties": {
        "grid_id": "HYD_0264",
        "rank": 374,
        "priority_score": 0.4754,
        "priority_level": "MEDIUM",
        "recommendation": "MONITOR_AND_REVIEW",
        "period": "2020_2026",
        "reasons": [
          "HIGH_SCENE_ANOMALY",
          "SPATIAL_ANOMALY",
          "VEGETATION_LOSS",
          "CYCLICAL_REVERSAL_DAMPENED"
        ],
        "overall_anomaly": 0.7846,
        "headline": "Pronounced localized spectral change anomaly"
      }
    },
    {
      "type": "Feature",
      "geometry": {
        "type": "Point",
        "coordinates": [
          78.482574,
          17.454338
        ]
      },
      "properties": {
        "grid_id": "HYD_0459",
        "rank": 375,
        "priority_score": 0.4754,
        "priority_level": "MEDIUM",
        "recommendation": "MONITOR_AND_REVIEW",
        "period": "2020_2026",
        "reasons": [
          "HIGH_SCENE_ANOMALY",
          "SPATIAL_ANOMALY",
          "VEG_BUILTUP_COHERENCE",
          "VEGETATION_LOSS",
          "CYCLICAL_REVERSAL_DAMPENED"
        ],
        "overall_anomaly": 0.7384,
        "headline": "Coherent multi-spectral land-cover alteration"
      }
    },
    {
      "type": "Feature",
      "geometry": {
        "type": "Point",
        "coordinates": [
          78.534928,
          17.409833
        ]
      },
      "properties": {
        "grid_id": "HYD_0900",
        "rank": 376,
        "priority_score": 0.4754,
        "priority_level": "MEDIUM",
        "recommendation": "MONITOR_AND_REVIEW",
        "period": "2020_2026",
        "reasons": [
          "HIGH_SCENE_ANOMALY",
          "SPATIAL_ANOMALY",
          "VEG_BUILTUP_COHERENCE",
          "VEGETATION_LOSS",
          "BUILTUP_SENSITIVE_CHANGE",
          "CYCLICAL_REVERSAL_DAMPENED"
        ],
        "overall_anomaly": 0.709,
        "headline": "Coherent multi-spectral land-cover alteration"
      }
    },
    {
      "type": "Feature",
      "geometry": {
        "type": "Point",
        "coordinates": [
          78.487896,
          17.409245
        ]
      },
      "properties": {
        "grid_id": "HYD_0890",
        "rank": 377,
        "priority_score": 0.4748,
        "priority_level": "MEDIUM",
        "recommendation": "MONITOR_AND_REVIEW",
        "period": "2020_2026",
        "reasons": [
          "HIGH_SCENE_ANOMALY",
          "SPATIAL_ANOMALY",
          "VEG_BUILTUP_COHERENCE",
          "VEGETATION_LOSS",
          "CYCLICAL_REVERSAL_DAMPENED"
        ],
        "overall_anomaly": 0.7817,
        "headline": "Coherent multi-spectral land-cover alteration"
      }
    },
    {
      "type": "Feature",
      "geometry": {
        "type": "Point",
        "coordinates": [
          78.421547,
          17.444525
        ]
      },
      "properties": {
        "grid_id": "HYD_0532",
        "rank": 378,
        "priority_score": 0.4748,
        "priority_level": "MEDIUM",
        "recommendation": "MONITOR_AND_REVIEW",
        "period": "2020_2026",
        "reasons": [
          "HIGH_SCENE_ANOMALY",
          "SPATIAL_ANOMALY",
          "STRONG_CHANGE_MAGNITUDE",
          "CYCLICAL_REVERSAL_DAMPENED"
        ],
        "overall_anomaly": 0.7598,
        "headline": "Pronounced localized spectral change anomaly"
      }
    },
    {
      "type": "Feature",
      "geometry": {
        "type": "Point",
        "coordinates": [
          78.393645,
          17.421583
        ]
      },
      "properties": {
        "grid_id": "HYD_0741",
        "rank": 379,
        "priority_score": 0.4747,
        "priority_level": "MEDIUM",
        "recommendation": "MONITOR_AND_REVIEW",
        "period": "2020_2026",
        "reasons": [
          "HIGH_SCENE_ANOMALY",
          "SPATIAL_ANOMALY",
          "VEGETATION_LOSS",
          "CYCLICAL_REVERSAL_DAMPENED"
        ],
        "overall_anomaly": 0.7974,
        "headline": "Pronounced localized spectral change anomaly"
      }
    },
    {
      "type": "Feature",
      "geometry": {
        "type": "Point",
        "coordinates": [
          78.491425,
          17.495094
        ]
      },
      "properties": {
        "grid_id": "HYD_0074",
        "rank": 380,
        "priority_score": 0.4745,
        "priority_level": "MEDIUM",
        "recommendation": "MONITOR_AND_REVIEW",
        "period": "2020_2026",
        "reasons": [
          "SPATIAL_ANOMALY",
          "VEG_BUILTUP_COHERENCE",
          "VEGETATION_LOSS",
          "CYCLICAL_REVERSAL_DAMPENED"
        ],
        "overall_anomaly": 0.6925,
        "headline": "Moderate land-cover change requiring monitoring"
      }
    },
    {
      "type": "Feature",
      "geometry": {
        "type": "Point",
        "coordinates": [
          78.356735,
          17.371424
        ]
      },
      "properties": {
        "grid_id": "HYD_1206",
        "rank": 381,
        "priority_score": 0.4743,
        "priority_level": "MEDIUM",
        "recommendation": "MONITOR_AND_REVIEW",
        "period": "2020_2026",
        "reasons": [
          "HIGH_SCENE_ANOMALY",
          "VEGETATION_LOSS",
          "STRONG_CHANGE_MAGNITUDE",
          "CYCLICAL_REVERSAL_DAMPENED"
        ],
        "overall_anomaly": 0.7812,
        "headline": "Pronounced scene-level change anomaly"
      }
    },
    {
      "type": "Feature",
      "geometry": {
        "type": "Point",
        "coordinates": [
          78.37451,
          17.44391
        ]
      },
      "properties": {
        "grid_id": "HYD_0522",
        "rank": 382,
        "priority_score": 0.4742,
        "priority_level": "MEDIUM",
        "recommendation": "MONITOR_AND_REVIEW",
        "period": "2020_2026",
        "reasons": [
          "HIGH_SCENE_ANOMALY",
          "SPATIAL_ANOMALY",
          "CYCLICAL_REVERSAL_DAMPENED"
        ],
        "overall_anomaly": 0.7676,
        "headline": "Pronounced localized spectral change anomaly"
      }
    },
    {
      "type": "Feature",
      "geometry": {
        "type": "Point",
        "coordinates": [
          78.41182,
          17.466977
        ]
      },
      "properties": {
        "grid_id": "HYD_0315",
        "rank": 383,
        "priority_score": 0.474,
        "priority_level": "MEDIUM",
        "recommendation": "MONITOR_AND_REVIEW",
        "period": "2020_2026",
        "reasons": [
          "HIGH_SCENE_ANOMALY",
          "SPATIAL_ANOMALY",
          "STRONG_CHANGE_MAGNITUDE",
          "CYCLICAL_REVERSAL_DAMPENED"
        ],
        "overall_anomaly": 0.779,
        "headline": "Pronounced localized spectral change anomaly"
      }
    },
    {
      "type": "Feature",
      "geometry": {
        "type": "Point",
        "coordinates": [
          78.544456,
          17.400918
        ]
      },
      "properties": {
        "grid_id": "HYD_0988",
        "rank": 384,
        "priority_score": 0.4732,
        "priority_level": "MEDIUM",
        "recommendation": "MONITOR_AND_REVIEW",
        "period": "2020_2026",
        "reasons": [
          "HIGH_SCENE_ANOMALY",
          "SPATIAL_ANOMALY",
          "VEGETATION_LOSS",
          "CYCLICAL_REVERSAL_DAMPENED"
        ],
        "overall_anomaly": 0.755,
        "headline": "Pronounced localized spectral change anomaly"
      }
    },
    {
      "type": "Feature",
      "geometry": {
        "type": "Point",
        "coordinates": [
          78.413347,
          17.358618
        ]
      },
      "properties": {
        "grid_id": "HYD_1347",
        "rank": 385,
        "priority_score": 0.473,
        "priority_level": "MEDIUM",
        "recommendation": "MONITOR_AND_REVIEW",
        "period": "2020_2026",
        "reasons": [
          "HIGH_SCENE_ANOMALY",
          "SPATIAL_ANOMALY",
          "STRONG_CHANGE_MAGNITUDE",
          "CYCLICAL_REVERSAL_DAMPENED"
        ],
        "overall_anomaly": 0.7698,
        "headline": "Pronounced localized spectral change anomaly"
      }
    },
    {
      "type": "Feature",
      "geometry": {
        "type": "Point",
        "coordinates": [
          78.416397,
          17.476068
        ]
      },
      "properties": {
        "grid_id": "HYD_0230",
        "rank": 386,
        "priority_score": 0.4729,
        "priority_level": "MEDIUM",
        "recommendation": "MONITOR_AND_REVIEW",
        "period": "2020_2026",
        "reasons": [
          "HIGH_SCENE_ANOMALY",
          "SPATIAL_ANOMALY",
          "VEGETATION_LOSS",
          "STRONG_CHANGE_MAGNITUDE",
          "CYCLICAL_REVERSAL_DAMPENED"
        ],
        "overall_anomaly": 0.7793,
        "headline": "Pronounced localized spectral change anomaly"
      }
    },
    {
      "type": "Feature",
      "geometry": {
        "type": "Point",
        "coordinates": [
          78.36588,
          17.389608
        ]
      },
      "properties": {
        "grid_id": "HYD_1036",
        "rank": 387,
        "priority_score": 0.4726,
        "priority_level": "MEDIUM",
        "recommendation": "MONITOR_AND_REVIEW",
        "period": "2020_2026",
        "reasons": [
          "HIGH_SCENE_ANOMALY",
          "SPATIAL_ANOMALY",
          "CYCLICAL_REVERSAL_DAMPENED"
        ],
        "overall_anomaly": 0.7966,
        "headline": "Pronounced localized spectral change anomaly"
      }
    },
    {
      "type": "Feature",
      "geometry": {
        "type": "Point",
        "coordinates": [
          78.487649,
          17.427306
        ]
      },
      "properties": {
        "grid_id": "HYD_0718",
        "rank": 388,
        "priority_score": 0.4725,
        "priority_level": "MEDIUM",
        "recommendation": "MONITOR_AND_REVIEW",
        "period": "2020_2026",
        "reasons": [
          "SPATIAL_ANOMALY",
          "VEGETATION_LOSS",
          "CYCLICAL_REVERSAL_DAMPENED"
        ],
        "overall_anomaly": 0.6996,
        "headline": "Moderate land-cover change requiring monitoring"
      }
    },
    {
      "type": "Feature",
      "geometry": {
        "type": "Point",
        "coordinates": [
          78.39281,
          17.480276
        ]
      },
      "properties": {
        "grid_id": "HYD_0182",
        "rank": 389,
        "priority_score": 0.4723,
        "priority_level": "MEDIUM",
        "recommendation": "MONITOR_AND_REVIEW",
        "period": "2020_2026",
        "reasons": [
          "HIGH_SCENE_ANOMALY",
          "SPATIAL_ANOMALY",
          "VEGETATION_LOSS",
          "CYCLICAL_REVERSAL_DAMPENED"
        ],
        "overall_anomaly": 0.7282,
        "headline": "Pronounced localized spectral change anomaly"
      }
    },
    {
      "type": "Feature",
      "geometry": {
        "type": "Point",
        "coordinates": [
          78.384046,
          17.435004
        ]
      },
      "properties": {
        "grid_id": "HYD_0610",
        "rank": 390,
        "priority_score": 0.4722,
        "priority_level": "MEDIUM",
        "recommendation": "MONITOR_AND_REVIEW",
        "period": "2020_2026",
        "reasons": [
          "HIGH_SCENE_ANOMALY",
          "SPATIAL_ANOMALY",
          "CYCLICAL_REVERSAL_DAMPENED"
        ],
        "overall_anomaly": 0.7964,
        "headline": "Pronounced localized spectral change anomaly"
      }
    },
    {
      "type": "Feature",
      "geometry": {
        "type": "Point",
        "coordinates": [
          78.533835,
          17.491109
        ]
      },
      "properties": {
        "grid_id": "HYD_0126",
        "rank": 391,
        "priority_score": 0.4722,
        "priority_level": "MEDIUM",
        "recommendation": "MONITOR_AND_REVIEW",
        "period": "2020_2026",
        "reasons": [
          "HIGH_SCENE_ANOMALY",
          "SPATIAL_ANOMALY",
          "VEG_BUILTUP_COHERENCE",
          "VEGETATION_LOSS",
          "CYCLICAL_REVERSAL_DAMPENED"
        ],
        "overall_anomaly": 0.727,
        "headline": "Coherent multi-spectral land-cover alteration"
      }
    },
    {
      "type": "Feature",
      "geometry": {
        "type": "Point",
        "coordinates": [
          78.380115,
          17.380764
        ]
      },
      "properties": {
        "grid_id": "HYD_1125",
        "rank": 392,
        "priority_score": 0.472,
        "priority_level": "MEDIUM",
        "recommendation": "MONITOR_AND_REVIEW",
        "period": "2020_2026",
        "reasons": [
          "HIGH_SCENE_ANOMALY",
          "SPATIAL_ANOMALY",
          "CYCLICAL_REVERSAL_DAMPENED"
        ],
        "overall_anomaly": 0.7829,
        "headline": "Pronounced localized spectral change anomaly"
      }
    },
    {
      "type": "Feature",
      "geometry": {
        "type": "Point",
        "coordinates": [
          78.505665,
          17.486241
        ]
      },
      "properties": {
        "grid_id": "HYD_0163",
        "rank": 393,
        "priority_score": 0.472,
        "priority_level": "MEDIUM",
        "recommendation": "MONITOR_AND_REVIEW",
        "period": "2020_2026",
        "reasons": [
          "HIGH_SCENE_ANOMALY",
          "SPATIAL_ANOMALY",
          "VEG_BUILTUP_COHERENCE",
          "VEGETATION_LOSS",
          "CYCLICAL_REVERSAL_DAMPENED"
        ],
        "overall_anomaly": 0.7046,
        "headline": "Coherent multi-spectral land-cover alteration"
      }
    },
    {
      "type": "Feature",
      "geometry": {
        "type": "Point",
        "coordinates": [
          78.501268,
          17.463606
        ]
      },
      "properties": {
        "grid_id": "HYD_0377",
        "rank": 394,
        "priority_score": 0.4718,
        "priority_level": "MEDIUM",
        "recommendation": "MONITOR_AND_REVIEW",
        "period": "2020_2026",
        "reasons": [
          "SPATIAL_ANOMALY",
          "VEG_BUILTUP_COHERENCE",
          "VEGETATION_LOSS",
          "BUILTUP_SENSITIVE_CHANGE",
          "CYCLICAL_REVERSAL_DAMPENED"
        ],
        "overall_anomaly": 0.6915,
        "headline": "Moderate land-cover change requiring monitoring"
      }
    },
    {
      "type": "Feature",
      "geometry": {
        "type": "Point",
        "coordinates": [
          78.402988,
          17.42622
        ]
      },
      "properties": {
        "grid_id": "HYD_0700",
        "rank": 395,
        "priority_score": 0.4715,
        "priority_level": "MEDIUM",
        "recommendation": "MONITOR_AND_REVIEW",
        "period": "2020_2026",
        "reasons": [
          "HIGH_SCENE_ANOMALY",
          "SPATIAL_ANOMALY",
          "CYCLICAL_REVERSAL_DAMPENED"
        ],
        "overall_anomaly": 0.7505,
        "headline": "Pronounced localized spectral change anomaly"
      }
    },
    {
      "type": "Feature",
      "geometry": {
        "type": "Point",
        "coordinates": [
          78.445443,
          17.417738
        ]
      },
      "properties": {
        "grid_id": "HYD_0795",
        "rank": 396,
        "priority_score": 0.4714,
        "priority_level": "MEDIUM",
        "recommendation": "MONITOR_AND_REVIEW",
        "period": "2020_2026",
        "reasons": [
          "HIGH_SCENE_ANOMALY",
          "SPATIAL_ANOMALY",
          "VEGETATION_LOSS",
          "CYCLICAL_REVERSAL_DAMPENED"
        ],
        "overall_anomaly": 0.7756,
        "headline": "Pronounced localized spectral change anomaly"
      }
    },
    {
      "type": "Feature",
      "geometry": {
        "type": "Point",
        "coordinates": [
          78.521548,
          17.355473
        ]
      },
      "properties": {
        "grid_id": "HYD_1413",
        "rank": 397,
        "priority_score": 0.4712,
        "priority_level": "MEDIUM",
        "recommendation": "MONITOR_AND_REVIEW",
        "period": "2020_2026",
        "reasons": [
          "HIGH_SCENE_ANOMALY",
          "SPATIAL_ANOMALY",
          "VEG_BUILTUP_COHERENCE",
          "VEGETATION_LOSS",
          "CYCLICAL_REVERSAL_DAMPENED"
        ],
        "overall_anomaly": 0.7705,
        "headline": "Coherent multi-spectral land-cover alteration"
      }
    },
    {
      "type": "Feature",
      "geometry": {
        "type": "Point",
        "coordinates": [
          78.483564,
          17.382095
        ]
      },
      "properties": {
        "grid_id": "HYD_1147",
        "rank": 398,
        "priority_score": 0.4707,
        "priority_level": "MEDIUM",
        "recommendation": "MONITOR_AND_REVIEW",
        "period": "2020_2026",
        "reasons": [
          "HIGH_SCENE_ANOMALY",
          "SPATIAL_ANOMALY",
          "VEG_BUILTUP_COHERENCE",
          "VEGETATION_LOSS",
          "CYCLICAL_REVERSAL_DAMPENED"
        ],
        "overall_anomaly": 0.7757,
        "headline": "Coherent multi-spectral land-cover alteration"
      }
    },
    {
      "type": "Feature",
      "geometry": {
        "type": "Point",
        "coordinates": [
          78.392617,
          17.49382
        ]
      },
      "properties": {
        "grid_id": "HYD_0053",
        "rank": 399,
        "priority_score": 0.4704,
        "priority_level": "MEDIUM",
        "recommendation": "MONITOR_AND_REVIEW",
        "period": "2020_2026",
        "reasons": [
          "HIGH_SCENE_ANOMALY",
          "SPATIAL_ANOMALY",
          "VEGETATION_LOSS",
          "CYCLICAL_REVERSAL_DAMPENED"
        ],
        "overall_anomaly": 0.7342,
        "headline": "Pronounced localized spectral change anomaly"
      }
    },
    {
      "type": "Feature",
      "geometry": {
        "type": "Point",
        "coordinates": [
          78.393581,
          17.426097
        ]
      },
      "properties": {
        "grid_id": "HYD_0698",
        "rank": 400,
        "priority_score": 0.4703,
        "priority_level": "MEDIUM",
        "recommendation": "MONITOR_AND_REVIEW",
        "period": "2020_2026",
        "reasons": [
          "HIGH_SCENE_ANOMALY",
          "SPATIAL_ANOMALY",
          "CYCLICAL_REVERSAL_DAMPENED"
        ],
        "overall_anomaly": 0.7885,
        "headline": "Pronounced localized spectral change anomaly"
      }
    },
    {
      "type": "Feature",
      "geometry": {
        "type": "Point",
        "coordinates": [
          78.511596,
          17.395995
        ]
      },
      "properties": {
        "grid_id": "HYD_1024",
        "rank": 401,
        "priority_score": 0.4702,
        "priority_level": "MEDIUM",
        "recommendation": "MONITOR_AND_REVIEW",
        "period": "2020_2026",
        "reasons": [
          "HIGH_SCENE_ANOMALY",
          "SPATIAL_ANOMALY",
          "VEGETATION_LOSS",
          "CYCLICAL_REVERSAL_DAMPENED"
        ],
        "overall_anomaly": 0.7802,
        "headline": "Pronounced localized spectral change anomaly"
      }
    },
    {
      "type": "Feature",
      "geometry": {
        "type": "Point",
        "coordinates": [
          78.394477,
          17.362889
        ]
      },
      "properties": {
        "grid_id": "HYD_1300",
        "rank": 402,
        "priority_score": 0.4702,
        "priority_level": "MEDIUM",
        "recommendation": "MONITOR_AND_REVIEW",
        "period": "2020_2026",
        "reasons": [
          "HIGH_SCENE_ANOMALY",
          "SPATIAL_ANOMALY",
          "VEG_BUILTUP_COHERENCE",
          "VEGETATION_LOSS",
          "CYCLICAL_REVERSAL_DAMPENED"
        ],
        "overall_anomaly": 0.7416,
        "headline": "Coherent multi-spectral land-cover alteration"
      }
    },
    {
      "type": "Feature",
      "geometry": {
        "type": "Point",
        "coordinates": [
          78.473601,
          17.422613
        ]
      },
      "properties": {
        "grid_id": "HYD_0758",
        "rank": 403,
        "priority_score": 0.4701,
        "priority_level": "MEDIUM",
        "recommendation": "MONITOR_AND_REVIEW",
        "period": "2020_2026",
        "reasons": [
          "HIGH_SCENE_ANOMALY",
          "SPATIAL_ANOMALY",
          "VEG_BUILTUP_COHERENCE",
          "VEGETATION_LOSS",
          "BUILTUP_SENSITIVE_CHANGE",
          "CYCLICAL_REVERSAL_DAMPENED"
        ],
        "overall_anomaly": 0.7204,
        "headline": "Coherent multi-spectral land-cover alteration"
      }
    },
    {
      "type": "Feature",
      "geometry": {
        "type": "Point",
        "coordinates": [
          78.393837,
          17.408038
        ]
      },
      "properties": {
        "grid_id": "HYD_0870",
        "rank": 404,
        "priority_score": 0.4697,
        "priority_level": "MEDIUM",
        "recommendation": "MONITOR_AND_REVIEW",
        "period": "2020_2026",
        "reasons": [
          "HIGH_SCENE_ANOMALY",
          "SPATIAL_ANOMALY",
          "VEGETATION_LOSS",
          "CYCLICAL_REVERSAL_DAMPENED"
        ],
        "overall_anomaly": 0.7899,
        "headline": "Pronounced localized spectral change anomaly"
      }
    },
    {
      "type": "Feature",
      "geometry": {
        "type": "Point",
        "coordinates": [
          78.379858,
          17.398823
        ]
      },
      "properties": {
        "grid_id": "HYD_0953",
        "rank": 405,
        "priority_score": 0.4697,
        "priority_level": "MEDIUM",
        "recommendation": "MONITOR_AND_REVIEW",
        "period": "2020_2026",
        "reasons": [
          "HIGH_SCENE_ANOMALY",
          "SPATIAL_ANOMALY",
          "VEGETATION_LOSS",
          "CYCLICAL_REVERSAL_DAMPENED"
        ],
        "overall_anomaly": 0.778,
        "headline": "Pronounced localized spectral change anomaly"
      }
    },
    {
      "type": "Feature",
      "geometry": {
        "type": "Point",
        "coordinates": [
          78.440614,
          17.426707
        ]
      },
      "properties": {
        "grid_id": "HYD_0708",
        "rank": 406,
        "priority_score": 0.4694,
        "priority_level": "MEDIUM",
        "recommendation": "MONITOR_AND_REVIEW",
        "period": "2020_2026",
        "reasons": [
          "HIGH_SCENE_ANOMALY",
          "SPATIAL_ANOMALY",
          "VEGETATION_LOSS",
          "CYCLICAL_REVERSAL_DAMPENED"
        ],
        "overall_anomaly": 0.7441,
        "headline": "Pronounced localized spectral change anomaly"
      }
    },
    {
      "type": "Feature",
      "geometry": {
        "type": "Point",
        "coordinates": [
          78.37013,
          17.421274
        ]
      },
      "properties": {
        "grid_id": "HYD_0736",
        "rank": 407,
        "priority_score": 0.4693,
        "priority_level": "MEDIUM",
        "recommendation": "MONITOR_AND_REVIEW",
        "period": "2020_2026",
        "reasons": [
          "HIGH_SCENE_ANOMALY",
          "SPATIAL_ANOMALY",
          "VEGETATION_LOSS",
          "STRONG_CHANGE_MAGNITUDE",
          "CYCLICAL_REVERSAL_DAMPENED"
        ],
        "overall_anomaly": 0.7898,
        "headline": "Pronounced localized spectral change anomaly"
      }
    },
    {
      "type": "Feature",
      "geometry": {
        "type": "Point",
        "coordinates": [
          78.418112,
          17.354164
        ]
      },
      "properties": {
        "grid_id": "HYD_1391",
        "rank": 408,
        "priority_score": 0.4692,
        "priority_level": "MEDIUM",
        "recommendation": "MONITOR_AND_REVIEW",
        "period": "2020_2026",
        "reasons": [
          "HIGH_SCENE_ANOMALY",
          "SPATIAL_ANOMALY",
          "VEGETATION_LOSS",
          "CYCLICAL_REVERSAL_DAMPENED"
        ],
        "overall_anomaly": 0.7519,
        "headline": "Pronounced localized spectral change anomaly"
      }
    },
    {
      "type": "Feature",
      "geometry": {
        "type": "Point",
        "coordinates": [
          78.483131,
          17.413701
        ]
      },
      "properties": {
        "grid_id": "HYD_0846",
        "rank": 409,
        "priority_score": 0.4691,
        "priority_level": "MEDIUM",
        "recommendation": "MONITOR_AND_REVIEW",
        "period": "2020_2026",
        "reasons": [
          "HIGH_SCENE_ANOMALY",
          "SPATIAL_ANOMALY",
          "VEG_BUILTUP_COHERENCE",
          "CYCLICAL_REVERSAL_DAMPENED"
        ],
        "overall_anomaly": 0.7279,
        "headline": "Coherent multi-spectral land-cover alteration"
      }
    },
    {
      "type": "Feature",
      "geometry": {
        "type": "Point",
        "coordinates": [
          78.496378,
          17.477092
        ]
      },
      "properties": {
        "grid_id": "HYD_0247",
        "rank": 410,
        "priority_score": 0.4687,
        "priority_level": "MEDIUM",
        "recommendation": "MONITOR_AND_REVIEW",
        "period": "2020_2026",
        "reasons": [
          "HIGH_SCENE_ANOMALY",
          "SPATIAL_ANOMALY",
          "VEGETATION_LOSS",
          "STRONG_CHANGE_MAGNITUDE",
          "CYCLICAL_REVERSAL_DAMPENED"
        ],
        "overall_anomaly": 0.7844,
        "headline": "Pronounced localized spectral change anomaly"
      }
    },
    {
      "type": "Feature",
      "geometry": {
        "type": "Point",
        "coordinates": [
          78.379472,
          17.425912
        ]
      },
      "properties": {
        "grid_id": "HYD_0695",
        "rank": 411,
        "priority_score": 0.4685,
        "priority_level": "MEDIUM",
        "recommendation": "MONITOR_AND_REVIEW",
        "period": "2020_2026",
        "reasons": [
          "HIGH_SCENE_ANOMALY",
          "SPATIAL_ANOMALY",
          "CYCLICAL_REVERSAL_DAMPENED"
        ],
        "overall_anomaly": 0.7799,
        "headline": "Pronounced localized spectral change anomaly"
      }
    },
    {
      "type": "Feature",
      "geometry": {
        "type": "Point",
        "coordinates": [
          78.375857,
          17.34955
        ]
      },
      "properties": {
        "grid_id": "HYD_1425",
        "rank": 412,
        "priority_score": 0.4684,
        "priority_level": "MEDIUM",
        "recommendation": "MONITOR_AND_REVIEW",
        "period": "2020_2026",
        "reasons": [
          "HIGH_SCENE_ANOMALY",
          "SPATIAL_ANOMALY",
          "CYCLICAL_REVERSAL_DAMPENED"
        ],
        "overall_anomaly": 0.7722,
        "headline": "Pronounced localized spectral change anomaly"
      }
    },
    {
      "type": "Feature",
      "geometry": {
        "type": "Point",
        "coordinates": [
          78.525461,
          17.414231
        ]
      },
      "properties": {
        "grid_id": "HYD_0855",
        "rank": 413,
        "priority_score": 0.4683,
        "priority_level": "MEDIUM",
        "recommendation": "MONITOR_AND_REVIEW",
        "period": "2020_2026",
        "reasons": [
          "HIGH_SCENE_ANOMALY",
          "VEG_BUILTUP_COHERENCE",
          "VEGETATION_LOSS",
          "BUILTUP_SENSITIVE_CHANGE",
          "CYCLICAL_REVERSAL_DAMPENED"
        ],
        "overall_anomaly": 0.7002,
        "headline": "Coherent multi-spectral land-cover alteration"
      }
    },
    {
      "type": "Feature",
      "geometry": {
        "type": "Point",
        "coordinates": [
          78.534868,
          17.414348
        ]
      },
      "properties": {
        "grid_id": "HYD_0857",
        "rank": 414,
        "priority_score": 0.4681,
        "priority_level": "MEDIUM",
        "recommendation": "MONITOR_AND_REVIEW",
        "period": "2020_2026",
        "reasons": [
          "SPATIAL_ANOMALY",
          "VEG_BUILTUP_COHERENCE",
          "VEGETATION_LOSS",
          "BUILTUP_SENSITIVE_CHANGE",
          "CYCLICAL_REVERSAL_DAMPENED"
        ],
        "overall_anomaly": 0.6962,
        "headline": "Moderate land-cover change requiring monitoring"
      }
    },
    {
      "type": "Feature",
      "geometry": {
        "type": "Point",
        "coordinates": [
          78.374316,
          17.457454
        ]
      },
      "properties": {
        "grid_id": "HYD_0393",
        "rank": 415,
        "priority_score": 0.4679,
        "priority_level": "MEDIUM",
        "recommendation": "MONITOR_AND_REVIEW",
        "period": "2020_2026",
        "reasons": [
          "HIGH_SCENE_ANOMALY",
          "SPATIAL_ANOMALY",
          "CYCLICAL_REVERSAL_DAMPENED"
        ],
        "overall_anomaly": 0.7768,
        "headline": "Pronounced localized spectral change anomaly"
      }
    },
    {
      "type": "Feature",
      "geometry": {
        "type": "Point",
        "coordinates": [
          78.369482,
          17.466421
        ]
      },
      "properties": {
        "grid_id": "HYD_0306",
        "rank": 416,
        "priority_score": 0.4667,
        "priority_level": "MEDIUM",
        "recommendation": "MONITOR_AND_REVIEW",
        "period": "2020_2026",
        "reasons": [
          "HIGH_SCENE_ANOMALY",
          "SPATIAL_ANOMALY",
          "CYCLICAL_REVERSAL_DAMPENED"
        ],
        "overall_anomaly": 0.7848,
        "headline": "Pronounced localized spectral change anomaly"
      }
    },
    {
      "type": "Feature",
      "geometry": {
        "type": "Point",
        "coordinates": [
          78.397708,
          17.466793
        ]
      },
      "properties": {
        "grid_id": "HYD_0312",
        "rank": 417,
        "priority_score": 0.4667,
        "priority_level": "MEDIUM",
        "recommendation": "MONITOR_AND_REVIEW",
        "period": "2020_2026",
        "reasons": [
          "HIGH_SCENE_ANOMALY",
          "SPATIAL_ANOMALY",
          "VEG_BUILTUP_COHERENCE",
          "VEGETATION_LOSS",
          "CYCLICAL_REVERSAL_DAMPENED"
        ],
        "overall_anomaly": 0.753,
        "headline": "Coherent multi-spectral land-cover alteration"
      }
    },
    {
      "type": "Feature",
      "geometry": {
        "type": "Point",
        "coordinates": [
          78.515443,
          17.459267
        ]
      },
      "properties": {
        "grid_id": "HYD_0423",
        "rank": 418,
        "priority_score": 0.4667,
        "priority_level": "MEDIUM",
        "recommendation": "MONITOR_AND_REVIEW",
        "period": "2020_2026",
        "reasons": [
          "HIGH_SCENE_ANOMALY",
          "SPATIAL_ANOMALY",
          "VEG_BUILTUP_COHERENCE",
          "VEGETATION_LOSS",
          "CYCLICAL_REVERSAL_DAMPENED"
        ],
        "overall_anomaly": 0.7393,
        "headline": "Coherent multi-spectral land-cover alteration"
      }
    },
    {
      "type": "Feature",
      "geometry": {
        "type": "Point",
        "coordinates": [
          78.48734,
          17.449882
        ]
      },
      "properties": {
        "grid_id": "HYD_0503",
        "rank": 419,
        "priority_score": 0.4666,
        "priority_level": "MEDIUM",
        "recommendation": "MONITOR_AND_REVIEW",
        "period": "2020_2026",
        "reasons": [
          "HIGH_SCENE_ANOMALY",
          "SPATIAL_ANOMALY",
          "VEG_BUILTUP_COHERENCE",
          "VEGETATION_LOSS",
          "CYCLICAL_REVERSAL_DAMPENED"
        ],
        "overall_anomaly": 0.7274,
        "headline": "Coherent multi-spectral land-cover alteration"
      }
    },
    {
      "type": "Feature",
      "geometry": {
        "type": "Point",
        "coordinates": [
          78.496316,
          17.481608
        ]
      },
      "properties": {
        "grid_id": "HYD_0204",
        "rank": 420,
        "priority_score": 0.4657,
        "priority_level": "MEDIUM",
        "recommendation": "MONITOR_AND_REVIEW",
        "period": "2020_2026",
        "reasons": [
          "HIGH_SCENE_ANOMALY",
          "SPATIAL_ANOMALY",
          "VEG_BUILTUP_COHERENCE",
          "VEGETATION_LOSS",
          "CYCLICAL_REVERSAL_DAMPENED"
        ],
        "overall_anomaly": 0.7617,
        "headline": "Coherent multi-spectral land-cover alteration"
      }
    },
    {
      "type": "Feature",
      "geometry": {
        "type": "Point",
        "coordinates": [
          78.459803,
          17.399858
        ]
      },
      "properties": {
        "grid_id": "HYD_0970",
        "rank": 421,
        "priority_score": 0.4655,
        "priority_level": "MEDIUM",
        "recommendation": "MONITOR_AND_REVIEW",
        "period": "2020_2026",
        "reasons": [
          "HIGH_SCENE_ANOMALY",
          "SPATIAL_ANOMALY",
          "VEGETATION_LOSS",
          "CYCLICAL_REVERSAL_DAMPENED"
        ],
        "overall_anomaly": 0.7665,
        "headline": "Pronounced localized spectral change anomaly"
      }
    },
    {
      "type": "Feature",
      "geometry": {
        "type": "Point",
        "coordinates": [
          78.521062,
          17.391596
        ]
      },
      "properties": {
        "grid_id": "HYD_1069",
        "rank": 422,
        "priority_score": 0.4655,
        "priority_level": "MEDIUM",
        "recommendation": "MONITOR_AND_REVIEW",
        "period": "2020_2026",
        "reasons": [
          "HIGH_SCENE_ANOMALY",
          "SPATIAL_ANOMALY",
          "VEG_BUILTUP_COHERENCE",
          "VEGETATION_LOSS",
          "CYCLICAL_REVERSAL_DAMPENED"
        ],
        "overall_anomaly": 0.7298,
        "headline": "Coherent multi-spectral land-cover alteration"
      }
    },
    {
      "type": "Feature",
      "geometry": {
        "type": "Point",
        "coordinates": [
          78.477807,
          17.458794
        ]
      },
      "properties": {
        "grid_id": "HYD_0415",
        "rank": 423,
        "priority_score": 0.4654,
        "priority_level": "MEDIUM",
        "recommendation": "MONITOR_AND_REVIEW",
        "period": "2020_2026",
        "reasons": [
          "HIGH_SCENE_ANOMALY",
          "SPATIAL_ANOMALY",
          "VEG_BUILTUP_COHERENCE",
          "VEGETATION_LOSS"
        ],
        "overall_anomaly": 0.7135,
        "headline": "Coherent multi-spectral land-cover alteration"
      }
    },
    {
      "type": "Feature",
      "geometry": {
        "type": "Point",
        "coordinates": [
          78.351514,
          17.40748
        ]
      },
      "properties": {
        "grid_id": "HYD_0861",
        "rank": 424,
        "priority_score": 0.4653,
        "priority_level": "MEDIUM",
        "recommendation": "MONITOR_AND_REVIEW",
        "period": "2020_2026",
        "reasons": [
          "HIGH_SCENE_ANOMALY",
          "SPATIAL_ANOMALY",
          "VEGETATION_LOSS",
          "STRONG_CHANGE_MAGNITUDE",
          "CYCLICAL_REVERSAL_DAMPENED"
        ],
        "overall_anomaly": 0.7738,
        "headline": "Pronounced localized spectral change anomaly"
      }
    },
    {
      "type": "Feature",
      "geometry": {
        "type": "Point",
        "coordinates": [
          78.370001,
          17.430303
        ]
      },
      "properties": {
        "grid_id": "HYD_0650",
        "rank": 425,
        "priority_score": 0.4652,
        "priority_level": "MEDIUM",
        "recommendation": "MONITOR_AND_REVIEW",
        "period": "2020_2026",
        "reasons": [
          "HIGH_SCENE_ANOMALY",
          "SPATIAL_ANOMALY",
          "CYCLICAL_REVERSAL_DAMPENED"
        ],
        "overall_anomaly": 0.7903,
        "headline": "Pronounced localized spectral change anomaly"
      }
    },
    {
      "type": "Feature",
      "geometry": {
        "type": "Point",
        "coordinates": [
          78.53505,
          17.400802
        ]
      },
      "properties": {
        "grid_id": "HYD_0986",
        "rank": 426,
        "priority_score": 0.4651,
        "priority_level": "MEDIUM",
        "recommendation": "MONITOR_AND_REVIEW",
        "period": "2020_2026",
        "reasons": [
          "HIGH_SCENE_ANOMALY",
          "SPATIAL_ANOMALY",
          "VEG_BUILTUP_COHERENCE",
          "VEGETATION_LOSS",
          "CYCLICAL_REVERSAL_DAMPENED"
        ],
        "overall_anomaly": 0.7158,
        "headline": "Coherent multi-spectral land-cover alteration"
      }
    },
    {
      "type": "Feature",
      "geometry": {
        "type": "Point",
        "coordinates": [
          78.525522,
          17.409716
        ]
      },
      "properties": {
        "grid_id": "HYD_0898",
        "rank": 427,
        "priority_score": 0.465,
        "priority_level": "MEDIUM",
        "recommendation": "MONITOR_AND_REVIEW",
        "period": "2020_2026",
        "reasons": [
          "VEG_BUILTUP_COHERENCE",
          "VEGETATION_LOSS",
          "CYCLICAL_REVERSAL_DAMPENED"
        ],
        "overall_anomaly": 0.6958,
        "headline": "Moderate land-cover change requiring monitoring"
      }
    },
    {
      "type": "Feature",
      "geometry": {
        "type": "Point",
        "coordinates": [
          78.407946,
          17.408222
        ]
      },
      "properties": {
        "grid_id": "HYD_0873",
        "rank": 428,
        "priority_score": 0.4642,
        "priority_level": "MEDIUM",
        "recommendation": "MONITOR_AND_REVIEW",
        "period": "2020_2026",
        "reasons": [
          "HIGH_SCENE_ANOMALY",
          "SPATIAL_ANOMALY",
          "CYCLICAL_REVERSAL_DAMPENED"
        ],
        "overall_anomaly": 0.7663,
        "headline": "Pronounced localized spectral change anomaly"
      }
    },
    {
      "type": "Feature",
      "geometry": {
        "type": "Point",
        "coordinates": [
          78.379278,
          17.439457
        ]
      },
      "properties": {
        "grid_id": "HYD_0566",
        "rank": 429,
        "priority_score": 0.4639,
        "priority_level": "MEDIUM",
        "recommendation": "MONITOR_AND_REVIEW",
        "period": "2020_2026",
        "reasons": [
          "HIGH_SCENE_ANOMALY",
          "SPATIAL_ANOMALY",
          "CYCLICAL_REVERSAL_DAMPENED"
        ],
        "overall_anomaly": 0.7948,
        "headline": "Pronounced localized spectral change anomaly"
      }
    },
    {
      "type": "Feature",
      "geometry": {
        "type": "Point",
        "coordinates": [
          78.426124,
          17.453616
        ]
      },
      "properties": {
        "grid_id": "HYD_0447",
        "rank": 430,
        "priority_score": 0.4638,
        "priority_level": "MEDIUM",
        "recommendation": "MONITOR_AND_REVIEW",
        "period": "2020_2026",
        "reasons": [
          "HIGH_SCENE_ANOMALY",
          "SPATIAL_ANOMALY",
          "VEGETATION_LOSS",
          "CYCLICAL_REVERSAL_DAMPENED"
        ],
        "overall_anomaly": 0.7601,
        "headline": "Pronounced localized spectral change anomaly"
      }
    },
    {
      "type": "Feature",
      "geometry": {
        "type": "Point",
        "coordinates": [
          78.510615,
          17.468239
        ]
      },
      "properties": {
        "grid_id": "HYD_0336",
        "rank": 431,
        "priority_score": 0.4637,
        "priority_level": "MEDIUM",
        "recommendation": "MONITOR_AND_REVIEW",
        "period": "2020_2026",
        "reasons": [
          "SPATIAL_ANOMALY",
          "VEG_BUILTUP_COHERENCE",
          "VEGETATION_LOSS",
          "CYCLICAL_REVERSAL_DAMPENED"
        ],
        "overall_anomaly": 0.6915,
        "headline": "Moderate land-cover change requiring monitoring"
      }
    },
    {
      "type": "Feature",
      "geometry": {
        "type": "Point",
        "coordinates": [
          78.520086,
          17.463842
        ]
      },
      "properties": {
        "grid_id": "HYD_0381",
        "rank": 432,
        "priority_score": 0.4632,
        "priority_level": "MEDIUM",
        "recommendation": "MONITOR_AND_REVIEW",
        "period": "2020_2026",
        "reasons": [
          "SPATIAL_ANOMALY",
          "VEG_BUILTUP_COHERENCE",
          "VEGETATION_LOSS",
          "CYCLICAL_REVERSAL_DAMPENED"
        ],
        "overall_anomaly": 0.6875,
        "headline": "Moderate land-cover change requiring monitoring"
      }
    },
    {
      "type": "Feature",
      "geometry": {
        "type": "Point",
        "coordinates": [
          78.42275,
          17.35874
        ]
      },
      "properties": {
        "grid_id": "HYD_1349",
        "rank": 433,
        "priority_score": 0.4631,
        "priority_level": "MEDIUM",
        "recommendation": "MONITOR_AND_REVIEW",
        "period": "2020_2026",
        "reasons": [
          "HIGH_SCENE_ANOMALY",
          "SPATIAL_ANOMALY",
          "CYCLICAL_REVERSAL_DAMPENED"
        ],
        "overall_anomaly": 0.7662,
        "headline": "Pronounced localized spectral change anomaly"
      }
    },
    {
      "type": "Feature",
      "geometry": {
        "type": "Point",
        "coordinates": [
          78.435026,
          17.489857
        ]
      },
      "properties": {
        "grid_id": "HYD_0105",
        "rank": 434,
        "priority_score": 0.463,
        "priority_level": "MEDIUM",
        "recommendation": "MONITOR_AND_REVIEW",
        "period": "2020_2026",
        "reasons": [
          "HIGH_SCENE_ANOMALY",
          "SPATIAL_ANOMALY"
        ],
        "overall_anomaly": 0.7367,
        "headline": "Pronounced localized spectral change anomaly"
      }
    },
    {
      "type": "Feature",
      "geometry": {
        "type": "Point",
        "coordinates": [
          78.520697,
          17.418688
        ]
      },
      "properties": {
        "grid_id": "HYD_0811",
        "rank": 435,
        "priority_score": 0.463,
        "priority_level": "MEDIUM",
        "recommendation": "MONITOR_AND_REVIEW",
        "period": "2020_2026",
        "reasons": [
          "HIGH_SCENE_ANOMALY",
          "SPATIAL_ANOMALY",
          "VEG_BUILTUP_COHERENCE",
          "VEGETATION_LOSS",
          "CYCLICAL_REVERSAL_DAMPENED"
        ],
        "overall_anomaly": 0.7102,
        "headline": "Coherent multi-spectral land-cover alteration"
      }
    },
    {
      "type": "Feature",
      "geometry": {
        "type": "Point",
        "coordinates": [
          78.472916,
          17.472279
        ]
      },
      "properties": {
        "grid_id": "HYD_0285",
        "rank": 436,
        "priority_score": 0.4623,
        "priority_level": "MEDIUM",
        "recommendation": "MONITOR_AND_REVIEW",
        "period": "2020_2026",
        "reasons": [
          "HIGH_SCENE_ANOMALY",
          "SPATIAL_ANOMALY",
          "VEG_BUILTUP_COHERENCE",
          "VEGETATION_LOSS",
          "CYCLICAL_REVERSAL_DAMPENED"
        ],
        "overall_anomaly": 0.7271,
        "headline": "Coherent multi-spectral land-cover alteration"
      }
    },
    {
      "type": "Feature",
      "geometry": {
        "type": "Point",
        "coordinates": [
          78.407627,
          17.430797
        ]
      },
      "properties": {
        "grid_id": "HYD_0658",
        "rank": 437,
        "priority_score": 0.4622,
        "priority_level": "MEDIUM",
        "recommendation": "MONITOR_AND_REVIEW",
        "period": "2020_2026",
        "reasons": [
          "HIGH_SCENE_ANOMALY",
          "SPATIAL_ANOMALY",
          "VEGETATION_LOSS",
          "CYCLICAL_REVERSAL_DAMPENED"
        ],
        "overall_anomaly": 0.7576,
        "headline": "Pronounced localized spectral change anomaly"
      }
    },
    {
      "type": "Feature",
      "geometry": {
        "type": "Point",
        "coordinates": [
          78.487958,
          17.40473
        ]
      },
      "properties": {
        "grid_id": "HYD_0933",
        "rank": 438,
        "priority_score": 0.4618,
        "priority_level": "MEDIUM",
        "recommendation": "MONITOR_AND_REVIEW",
        "period": "2020_2026",
        "reasons": [
          "HIGH_SCENE_ANOMALY",
          "SPATIAL_ANOMALY",
          "VEG_BUILTUP_COHERENCE",
          "VEGETATION_LOSS",
          "CYCLICAL_REVERSAL_DAMPENED"
        ],
        "overall_anomaly": 0.7507,
        "headline": "Coherent multi-spectral land-cover alteration"
      }
    },
    {
      "type": "Feature",
      "geometry": {
        "type": "Point",
        "coordinates": [
          78.507498,
          17.351234
        ]
      },
      "properties": {
        "grid_id": "HYD_1453",
        "rank": 439,
        "priority_score": 0.4617,
        "priority_level": "MEDIUM",
        "recommendation": "MONITOR_AND_REVIEW",
        "period": "2020_2026",
        "reasons": [
          "HIGH_SCENE_ANOMALY",
          "SPATIAL_ANOMALY",
          "VEGETATION_LOSS",
          "CYCLICAL_REVERSAL_DAMPENED"
        ],
        "overall_anomaly": 0.7596,
        "headline": "Pronounced localized spectral change anomaly"
      }
    },
    {
      "type": "Feature",
      "geometry": {
        "type": "Point",
        "coordinates": [
          78.515259,
          17.472813
        ]
      },
      "properties": {
        "grid_id": "HYD_0294",
        "rank": 440,
        "priority_score": 0.4611,
        "priority_level": "MEDIUM",
        "recommendation": "MONITOR_AND_REVIEW",
        "period": "2020_2026",
        "reasons": [
          "VEG_BUILTUP_COHERENCE",
          "VEGETATION_LOSS",
          "CYCLICAL_REVERSAL_DAMPENED"
        ],
        "overall_anomaly": 0.687,
        "headline": "Moderate land-cover change requiring monitoring"
      }
    },
    {
      "type": "Feature",
      "geometry": {
        "type": "Point",
        "coordinates": [
          78.413467,
          17.35004
        ]
      },
      "properties": {
        "grid_id": "HYD_1433",
        "rank": 441,
        "priority_score": 0.461,
        "priority_level": "MEDIUM",
        "recommendation": "MONITOR_AND_REVIEW",
        "period": "2020_2026",
        "reasons": [
          "HIGH_SCENE_ANOMALY",
          "SPATIAL_ANOMALY",
          "VEGETATION_LOSS",
          "CYCLICAL_REVERSAL_DAMPENED"
        ],
        "overall_anomaly": 0.7676,
        "headline": "Pronounced localized spectral change anomaly"
      }
    },
    {
      "type": "Feature",
      "geometry": {
        "type": "Point",
        "coordinates": [
          78.548025,
          17.482253
        ]
      },
      "properties": {
        "grid_id": "HYD_0215",
        "rank": 442,
        "priority_score": 0.4607,
        "priority_level": "MEDIUM",
        "recommendation": "MONITOR_AND_REVIEW",
        "period": "2020_2026",
        "reasons": [
          "HIGH_SCENE_ANOMALY",
          "SPATIAL_ANOMALY",
          "VEG_BUILTUP_COHERENCE",
          "VEGETATION_LOSS"
        ],
        "overall_anomaly": 0.7475,
        "headline": "Coherent multi-spectral land-cover alteration"
      }
    },
    {
      "type": "Feature",
      "geometry": {
        "type": "Point",
        "coordinates": [
          78.359813,
          17.484356
        ]
      },
      "properties": {
        "grid_id": "HYD_0132",
        "rank": 443,
        "priority_score": 0.4605,
        "priority_level": "MEDIUM",
        "recommendation": "MONITOR_AND_REVIEW",
        "period": "2020_2026",
        "reasons": [
          "HIGH_SCENE_ANOMALY",
          "SPATIAL_ANOMALY",
          "CYCLICAL_REVERSAL_DAMPENED"
        ],
        "overall_anomaly": 0.7651,
        "headline": "Pronounced localized spectral change anomaly"
      }
    },
    {
      "type": "Feature",
      "geometry": {
        "type": "Point",
        "coordinates": [
          78.351318,
          17.421024
        ]
      },
      "properties": {
        "grid_id": "HYD_0732",
        "rank": 444,
        "priority_score": 0.4604,
        "priority_level": "MEDIUM",
        "recommendation": "MONITOR_AND_REVIEW",
        "period": "2020_2026",
        "reasons": [
          "HIGH_SCENE_ANOMALY",
          "SPATIAL_ANOMALY",
          "CYCLICAL_REVERSAL_DAMPENED"
        ],
        "overall_anomaly": 0.7766,
        "headline": "Pronounced localized spectral change anomaly"
      }
    },
    {
      "type": "Feature",
      "geometry": {
        "type": "Point",
        "coordinates": [
          78.380501,
          17.353675
        ]
      },
      "properties": {
        "grid_id": "HYD_1383",
        "rank": 445,
        "priority_score": 0.4601,
        "priority_level": "MEDIUM",
        "recommendation": "MONITOR_AND_REVIEW",
        "period": "2020_2026",
        "reasons": [
          "HIGH_SCENE_ANOMALY",
          "SPATIAL_ANOMALY",
          "VEGETATION_LOSS"
        ],
        "overall_anomaly": 0.7342,
        "headline": "Pronounced localized spectral change anomaly"
      }
    },
    {
      "type": "Feature",
      "geometry": {
        "type": "Point",
        "coordinates": [
          78.369871,
          17.439333
        ]
      },
      "properties": {
        "grid_id": "HYD_0564",
        "rank": 446,
        "priority_score": 0.4598,
        "priority_level": "MEDIUM",
        "recommendation": "MONITOR_AND_REVIEW",
        "period": "2020_2026",
        "reasons": [
          "HIGH_SCENE_ANOMALY",
          "SPATIAL_ANOMALY",
          "CYCLICAL_REVERSAL_DAMPENED"
        ],
        "overall_anomaly": 0.7793,
        "headline": "Pronounced localized spectral change anomaly"
      }
    },
    {
      "type": "Feature",
      "geometry": {
        "type": "Point",
        "coordinates": [
          78.540175,
          17.369252
        ]
      },
      "properties": {
        "grid_id": "HYD_1288",
        "rank": 447,
        "priority_score": 0.4596,
        "priority_level": "MEDIUM",
        "recommendation": "MONITOR_AND_REVIEW",
        "period": "2020_2026",
        "reasons": [
          "HIGH_SCENE_ANOMALY",
          "SPATIAL_ANOMALY",
          "CYCLICAL_REVERSAL_DAMPENED"
        ],
        "overall_anomaly": 0.7526,
        "headline": "Pronounced localized spectral change anomaly"
      }
    },
    {
      "type": "Feature",
      "geometry": {
        "type": "Point",
        "coordinates": [
          78.45578,
          17.350583
        ]
      },
      "properties": {
        "grid_id": "HYD_1442",
        "rank": 448,
        "priority_score": 0.4589,
        "priority_level": "MEDIUM",
        "recommendation": "MONITOR_AND_REVIEW",
        "period": "2020_2026",
        "reasons": [
          "HIGH_SCENE_ANOMALY",
          "SPATIAL_ANOMALY"
        ],
        "overall_anomaly": 0.7587,
        "headline": "Pronounced localized spectral change anomaly"
      }
    },
    {
      "type": "Feature",
      "geometry": {
        "type": "Point",
        "coordinates": [
          78.524608,
          17.477446
        ]
      },
      "properties": {
        "grid_id": "HYD_0253",
        "rank": 449,
        "priority_score": 0.4589,
        "priority_level": "MEDIUM",
        "recommendation": "MONITOR_AND_REVIEW",
        "period": "2020_2026",
        "reasons": [
          "HIGH_SCENE_ANOMALY",
          "SPATIAL_ANOMALY",
          "VEG_BUILTUP_COHERENCE",
          "VEGETATION_LOSS",
          "CYCLICAL_REVERSAL_DAMPENED"
        ],
        "overall_anomaly": 0.7096,
        "headline": "Coherent multi-spectral land-cover alteration"
      }
    },
    {
      "type": "Feature",
      "geometry": {
        "type": "Point",
        "coordinates": [
          78.468648,
          17.440614
        ]
      },
      "properties": {
        "grid_id": "HYD_0585",
        "rank": 450,
        "priority_score": 0.4587,
        "priority_level": "MEDIUM",
        "recommendation": "MONITOR_AND_REVIEW",
        "period": "2020_2026",
        "reasons": [
          "HIGH_SCENE_ANOMALY",
          "SPATIAL_ANOMALY",
          "CYCLICAL_REVERSAL_DAMPENED"
        ],
        "overall_anomaly": 0.7644,
        "headline": "Pronounced localized spectral change anomaly"
      }
    },
    {
      "type": "Feature",
      "geometry": {
        "type": "Point",
        "coordinates": [
          78.389961,
          17.349734
        ]
      },
      "properties": {
        "grid_id": "HYD_1428",
        "rank": 451,
        "priority_score": 0.4586,
        "priority_level": "MEDIUM",
        "recommendation": "MONITOR_AND_REVIEW",
        "period": "2020_2026",
        "reasons": [
          "HIGH_SCENE_ANOMALY",
          "SPATIAL_ANOMALY",
          "CYCLICAL_REVERSAL_DAMPENED"
        ],
        "overall_anomaly": 0.7785,
        "headline": "Pronounced localized spectral change anomaly"
      }
    },
    {
      "type": "Feature",
      "geometry": {
        "type": "Point",
        "coordinates": [
          78.374186,
          17.466484
        ]
      },
      "properties": {
        "grid_id": "HYD_0307",
        "rank": 452,
        "priority_score": 0.4585,
        "priority_level": "MEDIUM",
        "recommendation": "MONITOR_AND_REVIEW",
        "period": "2020_2026",
        "reasons": [
          "HIGH_SCENE_ANOMALY",
          "SPATIAL_ANOMALY",
          "CYCLICAL_REVERSAL_DAMPENED"
        ],
        "overall_anomaly": 0.7754,
        "headline": "Pronounced localized spectral change anomaly"
      }
    },
    {
      "type": "Feature",
      "geometry": {
        "type": "Point",
        "coordinates": [
          78.369158,
          17.488995
        ]
      },
      "properties": {
        "grid_id": "HYD_0091",
        "rank": 453,
        "priority_score": 0.4582,
        "priority_level": "MEDIUM",
        "recommendation": "MONITOR_AND_REVIEW",
        "period": "2020_2026",
        "reasons": [
          "HIGH_SCENE_ANOMALY",
          "SPATIAL_ANOMALY",
          "CYCLICAL_REVERSAL_DAMPENED"
        ],
        "overall_anomaly": 0.7872,
        "headline": "Pronounced localized spectral change anomaly"
      }
    },
    {
      "type": "Feature",
      "geometry": {
        "type": "Point",
        "coordinates": [
          78.411884,
          17.462462
        ]
      },
      "properties": {
        "grid_id": "HYD_0358",
        "rank": 454,
        "priority_score": 0.4579,
        "priority_level": "MEDIUM",
        "recommendation": "MONITOR_AND_REVIEW",
        "period": "2020_2026",
        "reasons": [
          "HIGH_SCENE_ANOMALY",
          "SPATIAL_ANOMALY",
          "VEGETATION_LOSS",
          "STRONG_CHANGE_MAGNITUDE",
          "CYCLICAL_REVERSAL_DAMPENED"
        ],
        "overall_anomaly": 0.7772,
        "headline": "Pronounced localized spectral change anomaly"
      }
    },
    {
      "type": "Feature",
      "geometry": {
        "type": "Point",
        "coordinates": [
          78.356021,
          17.421087
        ]
      },
      "properties": {
        "grid_id": "HYD_0733",
        "rank": 455,
        "priority_score": 0.4578,
        "priority_level": "MEDIUM",
        "recommendation": "MONITOR_AND_REVIEW",
        "period": "2020_2026",
        "reasons": [
          "HIGH_SCENE_ANOMALY",
          "SPATIAL_ANOMALY",
          "VEGETATION_LOSS",
          "CYCLICAL_REVERSAL_DAMPENED"
        ],
        "overall_anomaly": 0.7726,
        "headline": "Pronounced localized spectral change anomaly"
      }
    },
    {
      "type": "Feature",
      "geometry": {
        "type": "Point",
        "coordinates": [
          78.450272,
          17.408768
        ]
      },
      "properties": {
        "grid_id": "HYD_0882",
        "rank": 456,
        "priority_score": 0.4573,
        "priority_level": "MEDIUM",
        "recommendation": "MONITOR_AND_REVIEW",
        "period": "2020_2026",
        "reasons": [
          "HIGH_SCENE_ANOMALY",
          "SPATIAL_ANOMALY",
          "VEG_BUILTUP_COHERENCE",
          "VEGETATION_LOSS",
          "CYCLICAL_REVERSAL_DAMPENED"
        ],
        "overall_anomaly": 0.7436,
        "headline": "Coherent multi-spectral land-cover alteration"
      }
    },
    {
      "type": "Feature",
      "geometry": {
        "type": "Point",
        "coordinates": [
          78.454411,
          17.449464
        ]
      },
      "properties": {
        "grid_id": "HYD_0496",
        "rank": 457,
        "priority_score": 0.4572,
        "priority_level": "MEDIUM",
        "recommendation": "MONITOR_AND_REVIEW",
        "period": "2020_2026",
        "reasons": [
          "HIGH_SCENE_ANOMALY",
          "SPATIAL_ANOMALY",
          "VEGETATION_LOSS",
          "CYCLICAL_REVERSAL_DAMPENED"
        ],
        "overall_anomaly": 0.7587,
        "headline": "Pronounced localized spectral change anomaly"
      }
    },
    {
      "type": "Feature",
      "geometry": {
        "type": "Point",
        "coordinates": [
          78.4082,
          17.390162
        ]
      },
      "properties": {
        "grid_id": "HYD_1045",
        "rank": 458,
        "priority_score": 0.4572,
        "priority_level": "MEDIUM",
        "recommendation": "MONITOR_AND_REVIEW",
        "period": "2020_2026",
        "reasons": [
          "HIGH_SCENE_ANOMALY",
          "SPATIAL_ANOMALY",
          "CYCLICAL_REVERSAL_DAMPENED"
        ],
        "overall_anomaly": 0.7448,
        "headline": "Pronounced localized spectral change anomaly"
      }
    },
    {
      "type": "Feature",
      "geometry": {
        "type": "Point",
        "coordinates": [
          78.398348,
          17.421644
        ]
      },
      "properties": {
        "grid_id": "HYD_0742",
        "rank": 459,
        "priority_score": 0.4571,
        "priority_level": "MEDIUM",
        "recommendation": "MONITOR_AND_REVIEW",
        "period": "2020_2026",
        "reasons": [
          "HIGH_SCENE_ANOMALY",
          "SPATIAL_ANOMALY",
          "VEGETATION_LOSS",
          "CYCLICAL_REVERSAL_DAMPENED"
        ],
        "overall_anomaly": 0.7502,
        "headline": "Pronounced localized spectral change anomaly"
      }
    },
    {
      "type": "Feature",
      "geometry": {
        "type": "Point",
        "coordinates": [
          78.426694,
          17.412981
        ]
      },
      "properties": {
        "grid_id": "HYD_0834",
        "rank": 460,
        "priority_score": 0.4565,
        "priority_level": "MEDIUM",
        "recommendation": "MONITOR_AND_REVIEW",
        "period": "2020_2026",
        "reasons": [
          "HIGH_SCENE_ANOMALY",
          "SPATIAL_ANOMALY",
          "CYCLICAL_REVERSAL_DAMPENED"
        ],
        "overall_anomaly": 0.7562,
        "headline": "Pronounced localized spectral change anomaly"
      }
    },
    {
      "type": "Feature",
      "geometry": {
        "type": "Point",
        "coordinates": [
          78.482822,
          17.436277
        ]
      },
      "properties": {
        "grid_id": "HYD_0631",
        "rank": 461,
        "priority_score": 0.4565,
        "priority_level": "MEDIUM",
        "recommendation": "MONITOR_AND_REVIEW",
        "period": "2020_2026",
        "reasons": [
          "HIGH_SCENE_ANOMALY",
          "SPATIAL_ANOMALY",
          "VEG_BUILTUP_COHERENCE",
          "VEGETATION_LOSS",
          "CYCLICAL_REVERSAL_DAMPENED"
        ],
        "overall_anomaly": 0.7112,
        "headline": "Coherent multi-spectral land-cover alteration"
      }
    },
    {
      "type": "Feature",
      "geometry": {
        "type": "Point",
        "coordinates": [
          78.366009,
          17.380578
        ]
      },
      "properties": {
        "grid_id": "HYD_1122",
        "rank": 462,
        "priority_score": 0.4561,
        "priority_level": "MEDIUM",
        "recommendation": "MONITOR_AND_REVIEW",
        "period": "2020_2026",
        "reasons": [
          "HIGH_SCENE_ANOMALY",
          "SPATIAL_ANOMALY",
          "VEGETATION_LOSS",
          "CYCLICAL_REVERSAL_DAMPENED"
        ],
        "overall_anomaly": 0.7597,
        "headline": "Pronounced localized spectral change anomaly"
      }
    },
    {
      "type": "Feature",
      "geometry": {
        "type": "Point",
        "coordinates": [
          78.487216,
          17.458913
        ]
      },
      "properties": {
        "grid_id": "HYD_0417",
        "rank": 463,
        "priority_score": 0.4558,
        "priority_level": "MEDIUM",
        "recommendation": "MONITOR_AND_REVIEW",
        "period": "2020_2026",
        "reasons": [
          "HIGH_SCENE_ANOMALY",
          "SPATIAL_ANOMALY",
          "VEGETATION_LOSS",
          "CYCLICAL_REVERSAL_DAMPENED"
        ],
        "overall_anomaly": 0.7278,
        "headline": "Pronounced localized spectral change anomaly"
      }
    },
    {
      "type": "Feature",
      "geometry": {
        "type": "Point",
        "coordinates": [
          78.44011,
          17.462828
        ]
      },
      "properties": {
        "grid_id": "HYD_0364",
        "rank": 464,
        "priority_score": 0.4553,
        "priority_level": "MEDIUM",
        "recommendation": "MONITOR_AND_REVIEW",
        "period": "2020_2026",
        "reasons": [
          "HIGH_SCENE_ANOMALY",
          "SPATIAL_ANOMALY",
          "VEGETATION_LOSS",
          "CYCLICAL_REVERSAL_DAMPENED"
        ],
        "overall_anomaly": 0.7402,
        "headline": "Pronounced localized spectral change anomaly"
      }
    },
    {
      "type": "Feature",
      "geometry": {
        "type": "Point",
        "coordinates": [
          78.374575,
          17.439395
        ]
      },
      "properties": {
        "grid_id": "HYD_0565",
        "rank": 465,
        "priority_score": 0.4548,
        "priority_level": "MEDIUM",
        "recommendation": "MONITOR_AND_REVIEW",
        "period": "2020_2026",
        "reasons": [
          "HIGH_SCENE_ANOMALY",
          "SPATIAL_ANOMALY",
          "CYCLICAL_REVERSAL_DAMPENED"
        ],
        "overall_anomaly": 0.7678,
        "headline": "Pronounced localized spectral change anomaly"
      }
    },
    {
      "type": "Feature",
      "geometry": {
        "type": "Point",
        "coordinates": [
          78.398987,
          17.376495
        ]
      },
      "properties": {
        "grid_id": "HYD_1172",
        "rank": 466,
        "priority_score": 0.4548,
        "priority_level": "MEDIUM",
        "recommendation": "MONITOR_AND_REVIEW",
        "period": "2020_2026",
        "reasons": [
          "HIGH_SCENE_ANOMALY",
          "SPATIAL_ANOMALY",
          "CYCLICAL_REVERSAL_DAMPENED"
        ],
        "overall_anomaly": 0.7455,
        "headline": "Pronounced localized spectral change anomaly"
      }
    },
    {
      "type": "Feature",
      "geometry": {
        "type": "Point",
        "coordinates": [
          78.360399,
          17.443723
        ]
      },
      "properties": {
        "grid_id": "HYD_0519",
        "rank": 467,
        "priority_score": 0.4543,
        "priority_level": "MEDIUM",
        "recommendation": "MONITOR_AND_REVIEW",
        "period": "2020_2026",
        "reasons": [
          "HIGH_SCENE_ANOMALY",
          "SPATIAL_ANOMALY",
          "CYCLICAL_REVERSAL_DAMPENED"
        ],
        "overall_anomaly": 0.7762,
        "headline": "Pronounced localized spectral change anomaly"
      }
    },
    {
      "type": "Feature",
      "geometry": {
        "type": "Point",
        "coordinates": [
          78.53848,
          17.495683
        ]
      },
      "properties": {
        "grid_id": "HYD_0084",
        "rank": 468,
        "priority_score": 0.4537,
        "priority_level": "MEDIUM",
        "recommendation": "MONITOR_AND_REVIEW",
        "period": "2020_2026",
        "reasons": [
          "HIGH_SCENE_ANOMALY",
          "SPATIAL_ANOMALY",
          "VEGETATION_LOSS",
          "CYCLICAL_REVERSAL_DAMPENED"
        ],
        "overall_anomaly": 0.7516,
        "headline": "Pronounced localized spectral change anomaly"
      }
    },
    {
      "type": "Feature",
      "geometry": {
        "type": "Point",
        "coordinates": [
          78.356151,
          17.412057
        ]
      },
      "properties": {
        "grid_id": "HYD_0819",
        "rank": 469,
        "priority_score": 0.4529,
        "priority_level": "MEDIUM",
        "recommendation": "MONITOR_AND_REVIEW",
        "period": "2020_2026",
        "reasons": [
          "HIGH_SCENE_ANOMALY",
          "SPATIAL_ANOMALY",
          "CYCLICAL_REVERSAL_DAMPENED"
        ],
        "overall_anomaly": 0.7572,
        "headline": "Pronounced localized spectral change anomaly"
      }
    },
    {
      "type": "Feature",
      "geometry": {
        "type": "Point",
        "coordinates": [
          78.350404,
          17.48423
        ]
      },
      "properties": {
        "grid_id": "HYD_0130",
        "rank": 470,
        "priority_score": 0.4525,
        "priority_level": "MEDIUM",
        "recommendation": "MONITOR_AND_REVIEW",
        "period": "2020_2026",
        "reasons": [
          "HIGH_SCENE_ANOMALY",
          "SPATIAL_ANOMALY",
          "VEGETATION_LOSS",
          "CYCLICAL_REVERSAL_DAMPENED"
        ],
        "overall_anomaly": 0.7613,
        "headline": "Pronounced localized spectral change anomaly"
      }
    },
    {
      "type": "Feature",
      "geometry": {
        "type": "Point",
        "coordinates": [
          78.516359,
          17.391538
        ]
      },
      "properties": {
        "grid_id": "HYD_1068",
        "rank": 471,
        "priority_score": 0.4525,
        "priority_level": "MEDIUM",
        "recommendation": "MONITOR_AND_REVIEW",
        "period": "2020_2026",
        "reasons": [
          "HIGH_SCENE_ANOMALY",
          "SPATIAL_ANOMALY",
          "VEG_BUILTUP_COHERENCE",
          "VEGETATION_LOSS",
          "CYCLICAL_REVERSAL_DAMPENED"
        ],
        "overall_anomaly": 0.7149,
        "headline": "Coherent multi-spectral land-cover alteration"
      }
    },
    {
      "type": "Feature",
      "geometry": {
        "type": "Point",
        "coordinates": [
          78.436352,
          17.395042
        ]
      },
      "properties": {
        "grid_id": "HYD_1008",
        "rank": 472,
        "priority_score": 0.4524,
        "priority_level": "MEDIUM",
        "recommendation": "MONITOR_AND_REVIEW",
        "period": "2020_2026",
        "reasons": [
          "HIGH_SCENE_ANOMALY",
          "SPATIAL_ANOMALY",
          "VEGETATION_LOSS",
          "CYCLICAL_REVERSAL_DAMPENED"
        ],
        "overall_anomaly": 0.7185,
        "headline": "Pronounced localized spectral change anomaly"
      }
    },
    {
      "type": "Feature",
      "geometry": {
        "type": "Point",
        "coordinates": [
          78.463632,
          17.463129
        ]
      },
      "properties": {
        "grid_id": "HYD_0369",
        "rank": 473,
        "priority_score": 0.452,
        "priority_level": "MEDIUM",
        "recommendation": "MONITOR_AND_REVIEW",
        "period": "2020_2026",
        "reasons": [
          "HIGH_SCENE_ANOMALY",
          "SPATIAL_ANOMALY",
          "VEGETATION_LOSS",
          "CYCLICAL_REVERSAL_DAMPENED"
        ],
        "overall_anomaly": 0.7197,
        "headline": "Pronounced localized spectral change anomaly"
      }
    },
    {
      "type": "Feature",
      "geometry": {
        "type": "Point",
        "coordinates": [
          78.431397,
          17.413041
        ]
      },
      "properties": {
        "grid_id": "HYD_0835",
        "rank": 474,
        "priority_score": 0.4515,
        "priority_level": "MEDIUM",
        "recommendation": "MONITOR_AND_REVIEW",
        "period": "2020_2026",
        "reasons": [
          "HIGH_SCENE_ANOMALY",
          "SPATIAL_ANOMALY",
          "CYCLICAL_REVERSAL_DAMPENED"
        ],
        "overall_anomaly": 0.7489,
        "headline": "Pronounced localized spectral change anomaly"
      }
    },
    {
      "type": "Feature",
      "geometry": {
        "type": "Point",
        "coordinates": [
          78.486844,
          17.486004
        ]
      },
      "properties": {
        "grid_id": "HYD_0159",
        "rank": 475,
        "priority_score": 0.4514,
        "priority_level": "MEDIUM",
        "recommendation": "MONITOR_AND_REVIEW",
        "period": "2020_2026",
        "reasons": [
          "HIGH_SCENE_ANOMALY",
          "SPATIAL_ANOMALY",
          "VEGETATION_LOSS",
          "CYCLICAL_REVERSAL_DAMPENED"
        ],
        "overall_anomaly": 0.7582,
        "headline": "Pronounced localized spectral change anomaly"
      }
    },
    {
      "type": "Feature",
      "geometry": {
        "type": "Point",
        "coordinates": [
          78.399306,
          17.35392
        ]
      },
      "properties": {
        "grid_id": "HYD_1387",
        "rank": 476,
        "priority_score": 0.451,
        "priority_level": "MEDIUM",
        "recommendation": "MONITOR_AND_REVIEW",
        "period": "2020_2026",
        "reasons": [
          "HIGH_SCENE_ANOMALY",
          "SPATIAL_ANOMALY",
          "CYCLICAL_REVERSAL_DAMPENED"
        ],
        "overall_anomaly": 0.7618,
        "headline": "Pronounced localized spectral change anomaly"
      }
    },
    {
      "type": "Feature",
      "geometry": {
        "type": "Point",
        "coordinates": [
          78.374445,
          17.448424
        ]
      },
      "properties": {
        "grid_id": "HYD_0479",
        "rank": 477,
        "priority_score": 0.4503,
        "priority_level": "MEDIUM",
        "recommendation": "MONITOR_AND_REVIEW",
        "period": "2020_2026",
        "reasons": [
          "HIGH_SCENE_ANOMALY",
          "SPATIAL_ANOMALY",
          "CYCLICAL_REVERSAL_DAMPENED"
        ],
        "overall_anomaly": 0.7534,
        "headline": "Pronounced localized spectral change anomaly"
      }
    },
    {
      "type": "Feature",
      "geometry": {
        "type": "Point",
        "coordinates": [
          78.378697,
          17.48009
        ]
      },
      "properties": {
        "grid_id": "HYD_0179",
        "rank": 478,
        "priority_score": 0.4502,
        "priority_level": "MEDIUM",
        "recommendation": "MONITOR_AND_REVIEW",
        "period": "2020_2026",
        "reasons": [
          "HIGH_SCENE_ANOMALY",
          "SPATIAL_ANOMALY",
          "CYCLICAL_REVERSAL_DAMPENED"
        ],
        "overall_anomaly": 0.7519,
        "headline": "Pronounced localized spectral change anomaly"
      }
    },
    {
      "type": "Feature",
      "geometry": {
        "type": "Point",
        "coordinates": [
          78.392875,
          17.475761
        ]
      },
      "properties": {
        "grid_id": "HYD_0225",
        "rank": 479,
        "priority_score": 0.4501,
        "priority_level": "MEDIUM",
        "recommendation": "MONITOR_AND_REVIEW",
        "period": "2020_2026",
        "reasons": [
          "HIGH_SCENE_ANOMALY",
          "SPATIAL_ANOMALY",
          "CYCLICAL_REVERSAL_DAMPENED"
        ],
        "overall_anomaly": 0.746,
        "headline": "Pronounced localized spectral change anomaly"
      }
    },
    {
      "type": "Feature",
      "geometry": {
        "type": "Point",
        "coordinates": [
          78.398732,
          17.394555
        ]
      },
      "properties": {
        "grid_id": "HYD_1000",
        "rank": 480,
        "priority_score": 0.45,
        "priority_level": "MEDIUM",
        "recommendation": "MONITOR_AND_REVIEW",
        "period": "2020_2026",
        "reasons": [
          "HIGH_SCENE_ANOMALY",
          "VEG_BUILTUP_COHERENCE",
          "VEGETATION_LOSS",
          "CYCLICAL_REVERSAL_DAMPENED"
        ],
        "overall_anomaly": 0.7132,
        "headline": "Coherent multi-spectral land-cover alteration"
      }
    },
    {
      "type": "Feature",
      "geometry": {
        "type": "Point",
        "coordinates": [
          78.373992,
          17.480028
        ]
      },
      "properties": {
        "grid_id": "HYD_0178",
        "rank": 481,
        "priority_score": 0.4496,
        "priority_level": "LOW",
        "recommendation": "ROUTINE_OBSERVATION",
        "period": "2020_2026",
        "reasons": [
          "HIGH_SCENE_ANOMALY",
          "SPATIAL_ANOMALY",
          "CYCLICAL_REVERSAL_DAMPENED"
        ],
        "overall_anomaly": 0.742,
        "headline": "Pronounced localized spectral change anomaly"
      }
    },
    {
      "type": "Feature",
      "geometry": {
        "type": "Point",
        "coordinates": [
          78.379149,
          17.448486
        ]
      },
      "properties": {
        "grid_id": "HYD_0480",
        "rank": 482,
        "priority_score": 0.449,
        "priority_level": "LOW",
        "recommendation": "ROUTINE_OBSERVATION",
        "period": "2020_2026",
        "reasons": [
          "HIGH_SCENE_ANOMALY",
          "SPATIAL_ANOMALY",
          "VEGETATION_LOSS",
          "CYCLICAL_REVERSAL_DAMPENED"
        ],
        "overall_anomaly": 0.7519,
        "headline": "Pronounced localized spectral change anomaly"
      }
    },
    {
      "type": "Feature",
      "geometry": {
        "type": "Point",
        "coordinates": [
          78.50726,
          17.368844
        ]
      },
      "properties": {
        "grid_id": "HYD_1281",
        "rank": 483,
        "priority_score": 0.4486,
        "priority_level": "LOW",
        "recommendation": "ROUTINE_OBSERVATION",
        "period": "2020_2026",
        "reasons": [
          "HIGH_SCENE_ANOMALY",
          "SPATIAL_ANOMALY",
          "VEG_BUILTUP_COHERENCE",
          "VEGETATION_LOSS",
          "CYCLICAL_REVERSAL_DAMPENED"
        ],
        "overall_anomaly": 0.7104,
        "headline": "Coherent multi-spectral land-cover alteration"
      }
    },
    {
      "type": "Feature",
      "geometry": {
        "type": "Point",
        "coordinates": [
          78.402796,
          17.439765
        ]
      },
      "properties": {
        "grid_id": "HYD_0571",
        "rank": 484,
        "priority_score": 0.4485,
        "priority_level": "LOW",
        "recommendation": "ROUTINE_OBSERVATION",
        "period": "2020_2026",
        "reasons": [
          "HIGH_SCENE_ANOMALY",
          "SPATIAL_ANOMALY",
          "VEGETATION_LOSS",
          "CYCLICAL_REVERSAL_DAMPENED"
        ],
        "overall_anomaly": 0.7475,
        "headline": "Pronounced localized spectral change anomaly"
      }
    },
    {
      "type": "Feature",
      "geometry": {
        "type": "Point",
        "coordinates": [
          78.352098,
          17.366847
        ]
      },
      "properties": {
        "grid_id": "HYD_1248",
        "rank": 485,
        "priority_score": 0.4483,
        "priority_level": "LOW",
        "recommendation": "ROUTINE_OBSERVATION",
        "period": "2020_2026",
        "reasons": [
          "HIGH_SCENE_ANOMALY",
          "SPATIAL_ANOMALY",
          "CYCLICAL_REVERSAL_DAMPENED"
        ],
        "overall_anomaly": 0.7376,
        "headline": "Pronounced localized spectral change anomaly"
      }
    },
    {
      "type": "Feature",
      "geometry": {
        "type": "Point",
        "coordinates": [
          78.544637,
          17.387372
        ]
      },
      "properties": {
        "grid_id": "HYD_1117",
        "rank": 486,
        "priority_score": 0.4482,
        "priority_level": "LOW",
        "recommendation": "ROUTINE_OBSERVATION",
        "period": "2020_2026",
        "reasons": [
          "HIGH_SCENE_ANOMALY",
          "SPATIAL_ANOMALY",
          "CYCLICAL_REVERSAL_DAMPENED"
        ],
        "overall_anomaly": 0.7409,
        "headline": "Pronounced localized spectral change anomaly"
      }
    },
    {
      "type": "Feature",
      "geometry": {
        "type": "Point",
        "coordinates": [
          78.435342,
          17.467282
        ]
      },
      "properties": {
        "grid_id": "HYD_0320",
        "rank": 487,
        "priority_score": 0.4478,
        "priority_level": "LOW",
        "recommendation": "ROUTINE_OBSERVATION",
        "period": "2020_2026",
        "reasons": [
          "HIGH_SCENE_ANOMALY",
          "SPATIAL_ANOMALY",
          "CYCLICAL_REVERSAL_DAMPENED"
        ],
        "overall_anomaly": 0.736,
        "headline": "Pronounced localized spectral change anomaly"
      }
    },
    {
      "type": "Feature",
      "geometry": {
        "type": "Point",
        "coordinates": [
          78.435532,
          17.453737
        ]
      },
      "properties": {
        "grid_id": "HYD_0449",
        "rank": 488,
        "priority_score": 0.4477,
        "priority_level": "LOW",
        "recommendation": "ROUTINE_OBSERVATION",
        "period": "2020_2026",
        "reasons": [
          "HIGH_SCENE_ANOMALY",
          "SPATIAL_ANOMALY"
        ],
        "overall_anomaly": 0.7217,
        "headline": "Pronounced localized spectral change anomaly"
      }
    },
    {
      "type": "Feature",
      "geometry": {
        "type": "Point",
        "coordinates": [
          78.539511,
          17.418922
        ]
      },
      "properties": {
        "grid_id": "HYD_0815",
        "rank": 489,
        "priority_score": 0.4476,
        "priority_level": "LOW",
        "recommendation": "ROUTINE_OBSERVATION",
        "period": "2020_2026",
        "reasons": [
          "HIGH_SCENE_ANOMALY",
          "SPATIAL_ANOMALY",
          "VEG_BUILTUP_COHERENCE",
          "CYCLICAL_REVERSAL_DAMPENED"
        ],
        "overall_anomaly": 0.7361,
        "headline": "Coherent multi-spectral land-cover alteration"
      }
    },
    {
      "type": "Feature",
      "geometry": {
        "type": "Point",
        "coordinates": [
          78.389391,
          17.389917
        ]
      },
      "properties": {
        "grid_id": "HYD_1041",
        "rank": 490,
        "priority_score": 0.447,
        "priority_level": "LOW",
        "recommendation": "ROUTINE_OBSERVATION",
        "period": "2020_2026",
        "reasons": [
          "HIGH_SCENE_ANOMALY",
          "SPATIAL_ANOMALY",
          "CYCLICAL_REVERSAL_DAMPENED"
        ],
        "overall_anomaly": 0.7299,
        "headline": "Pronounced localized spectral change anomaly"
      }
    },
    {
      "type": "Feature",
      "geometry": {
        "type": "Point",
        "coordinates": [
          78.379343,
          17.434942
        ]
      },
      "properties": {
        "grid_id": "HYD_0609",
        "rank": 491,
        "priority_score": 0.4468,
        "priority_level": "LOW",
        "recommendation": "ROUTINE_OBSERVATION",
        "period": "2020_2026",
        "reasons": [
          "HIGH_SCENE_ANOMALY",
          "SPATIAL_ANOMALY",
          "CYCLICAL_REVERSAL_DAMPENED"
        ],
        "overall_anomaly": 0.7745,
        "headline": "Pronounced localized spectral change anomaly"
      }
    },
    {
      "type": "Feature",
      "geometry": {
        "type": "Point",
        "coordinates": [
          78.369806,
          17.443848
        ]
      },
      "properties": {
        "grid_id": "HYD_0521",
        "rank": 492,
        "priority_score": 0.4467,
        "priority_level": "LOW",
        "recommendation": "ROUTINE_OBSERVATION",
        "period": "2020_2026",
        "reasons": [
          "HIGH_SCENE_ANOMALY",
          "SPATIAL_ANOMALY",
          "CYCLICAL_REVERSAL_DAMPENED"
        ],
        "overall_anomaly": 0.7583,
        "headline": "Pronounced localized spectral change anomaly"
      }
    },
    {
      "type": "Feature",
      "geometry": {
        "type": "Point",
        "coordinates": [
          78.488328,
          17.377639
        ]
      },
      "properties": {
        "grid_id": "HYD_1191",
        "rank": 493,
        "priority_score": 0.4467,
        "priority_level": "LOW",
        "recommendation": "ROUTINE_OBSERVATION",
        "period": "2020_2026",
        "reasons": [
          "HIGH_SCENE_ANOMALY",
          "SPATIAL_ANOMALY",
          "VEG_BUILTUP_COHERENCE",
          "VEGETATION_LOSS",
          "CYCLICAL_REVERSAL_DAMPENED"
        ],
        "overall_anomaly": 0.755,
        "headline": "Coherent multi-spectral land-cover alteration"
      }
    },
    {
      "type": "Feature",
      "geometry": {
        "type": "Point",
        "coordinates": [
          78.350992,
          17.443598
        ]
      },
      "properties": {
        "grid_id": "HYD_0517",
        "rank": 494,
        "priority_score": 0.4466,
        "priority_level": "LOW",
        "recommendation": "ROUTINE_OBSERVATION",
        "period": "2020_2026",
        "reasons": [
          "HIGH_SCENE_ANOMALY",
          "SPATIAL_ANOMALY",
          "CYCLICAL_REVERSAL_DAMPENED"
        ],
        "overall_anomaly": 0.7451,
        "headline": "Pronounced localized spectral change anomaly"
      }
    },
    {
      "type": "Feature",
      "geometry": {
        "type": "Point",
        "coordinates": [
          78.350273,
          17.49326
        ]
      },
      "properties": {
        "grid_id": "HYD_0044",
        "rank": 495,
        "priority_score": 0.4465,
        "priority_level": "LOW",
        "recommendation": "ROUTINE_OBSERVATION",
        "period": "2020_2026",
        "reasons": [
          "HIGH_SCENE_ANOMALY",
          "SPATIAL_ANOMALY",
          "CYCLICAL_REVERSAL_DAMPENED"
        ],
        "overall_anomaly": 0.7598,
        "headline": "Pronounced localized spectral change anomaly"
      }
    },
    {
      "type": "Feature",
      "geometry": {
        "type": "Point",
        "coordinates": [
          78.515136,
          17.481844
        ]
      },
      "properties": {
        "grid_id": "HYD_0208",
        "rank": 496,
        "priority_score": 0.4463,
        "priority_level": "LOW",
        "recommendation": "ROUTINE_OBSERVATION",
        "period": "2020_2026",
        "reasons": [
          "HIGH_SCENE_ANOMALY",
          "SPATIAL_ANOMALY",
          "VEG_BUILTUP_COHERENCE",
          "VEGETATION_LOSS",
          "CYCLICAL_REVERSAL_DAMPENED"
        ],
        "overall_anomaly": 0.714,
        "headline": "Coherent multi-spectral land-cover alteration"
      }
    },
    {
      "type": "Feature",
      "geometry": {
        "type": "Point",
        "coordinates": [
          78.502251,
          17.391362
        ]
      },
      "properties": {
        "grid_id": "HYD_1065",
        "rank": 497,
        "priority_score": 0.4453,
        "priority_level": "LOW",
        "recommendation": "ROUTINE_OBSERVATION",
        "period": "2020_2026",
        "reasons": [
          "HIGH_SCENE_ANOMALY",
          "SPATIAL_ANOMALY",
          "CYCLICAL_REVERSAL_DAMPENED"
        ],
        "overall_anomaly": 0.7256,
        "headline": "Pronounced localized spectral change anomaly"
      }
    },
    {
      "type": "Feature",
      "geometry": {
        "type": "Point",
        "coordinates": [
          78.37084,
          17.371611
        ]
      },
      "properties": {
        "grid_id": "HYD_1209",
        "rank": 498,
        "priority_score": 0.445,
        "priority_level": "LOW",
        "recommendation": "ROUTINE_OBSERVATION",
        "period": "2020_2026",
        "reasons": [
          "HIGH_SCENE_ANOMALY",
          "SPATIAL_ANOMALY",
          "CYCLICAL_REVERSAL_DAMPENED"
        ],
        "overall_anomaly": 0.7311,
        "headline": "Pronounced localized spectral change anomaly"
      }
    },
    {
      "type": "Feature",
      "geometry": {
        "type": "Point",
        "coordinates": [
          78.375284,
          17.389732
        ]
      },
      "properties": {
        "grid_id": "HYD_1038",
        "rank": 499,
        "priority_score": 0.4446,
        "priority_level": "LOW",
        "recommendation": "ROUTINE_OBSERVATION",
        "period": "2020_2026",
        "reasons": [
          "HIGH_SCENE_ANOMALY",
          "SPATIAL_ANOMALY",
          "CYCLICAL_REVERSAL_DAMPENED"
        ],
        "overall_anomaly": 0.748,
        "headline": "Pronounced localized spectral change anomaly"
      }
    },
    {
      "type": "Feature",
      "geometry": {
        "type": "Point",
        "coordinates": [
          78.501821,
          17.422969
        ]
      },
      "properties": {
        "grid_id": "HYD_0764",
        "rank": 500,
        "priority_score": 0.4446,
        "priority_level": "LOW",
        "recommendation": "ROUTINE_OBSERVATION",
        "period": "2020_2026",
        "reasons": [
          "HIGH_SCENE_ANOMALY",
          "SPATIAL_ANOMALY",
          "VEGETATION_LOSS",
          "CYCLICAL_REVERSAL_DAMPENED"
        ],
        "overall_anomaly": 0.7292,
        "headline": "Pronounced localized spectral change anomaly"
      }
    },
    {
      "type": "Feature",
      "geometry": {
        "type": "Point",
        "coordinates": [
          78.463507,
          17.472159
        ]
      },
      "properties": {
        "grid_id": "HYD_0283",
        "rank": 501,
        "priority_score": 0.4445,
        "priority_level": "LOW",
        "recommendation": "ROUTINE_OBSERVATION",
        "period": "2020_2026",
        "reasons": [
          "SPATIAL_ANOMALY",
          "VEG_BUILTUP_COHERENCE",
          "VEGETATION_LOSS",
          "CYCLICAL_REVERSAL_DAMPENED"
        ],
        "overall_anomaly": 0.6687,
        "headline": "Minor baseline surface variation"
      }
    },
    {
      "type": "Feature",
      "geometry": {
        "type": "Point",
        "coordinates": [
          78.380436,
          17.35819
        ]
      },
      "properties": {
        "grid_id": "HYD_1340",
        "rank": 502,
        "priority_score": 0.4438,
        "priority_level": "LOW",
        "recommendation": "ROUTINE_OBSERVATION",
        "period": "2020_2026",
        "reasons": [
          "HIGH_SCENE_ANOMALY",
          "SPATIAL_ANOMALY",
          "CYCLICAL_REVERSAL_DAMPENED"
        ],
        "overall_anomaly": 0.7657,
        "headline": "Pronounced localized spectral change anomaly"
      }
    },
    {
      "type": "Feature",
      "geometry": {
        "type": "Point",
        "coordinates": [
          78.369612,
          17.457392
        ]
      },
      "properties": {
        "grid_id": "HYD_0392",
        "rank": 503,
        "priority_score": 0.4438,
        "priority_level": "LOW",
        "recommendation": "ROUTINE_OBSERVATION",
        "period": "2020_2026",
        "reasons": [
          "HIGH_SCENE_ANOMALY",
          "SPATIAL_ANOMALY",
          "CYCLICAL_REVERSAL_DAMPENED"
        ],
        "overall_anomaly": 0.7373,
        "headline": "Pronounced localized spectral change anomaly"
      }
    },
    {
      "type": "Feature",
      "geometry": {
        "type": "Point",
        "coordinates": [
          78.365492,
          17.416697
        ]
      },
      "properties": {
        "grid_id": "HYD_0778",
        "rank": 504,
        "priority_score": 0.4436,
        "priority_level": "LOW",
        "recommendation": "ROUTINE_OBSERVATION",
        "period": "2020_2026",
        "reasons": [
          "HIGH_SCENE_ANOMALY",
          "SPATIAL_ANOMALY",
          "CYCLICAL_REVERSAL_DAMPENED"
        ],
        "overall_anomaly": 0.7179,
        "headline": "Pronounced localized spectral change anomaly"
      }
    },
    {
      "type": "Feature",
      "geometry": {
        "type": "Point",
        "coordinates": [
          78.37522,
          17.394247
        ]
      },
      "properties": {
        "grid_id": "HYD_0995",
        "rank": 505,
        "priority_score": 0.4435,
        "priority_level": "LOW",
        "recommendation": "ROUTINE_OBSERVATION",
        "period": "2020_2026",
        "reasons": [
          "HIGH_SCENE_ANOMALY",
          "SPATIAL_ANOMALY",
          "VEGETATION_LOSS",
          "CYCLICAL_REVERSAL_DAMPENED"
        ],
        "overall_anomaly": 0.7642,
        "headline": "Pronounced localized spectral change anomaly"
      }
    },
    {
      "type": "Feature",
      "geometry": {
        "type": "Point",
        "coordinates": [
          78.529495,
          17.463959
        ]
      },
      "properties": {
        "grid_id": "HYD_0383",
        "rank": 506,
        "priority_score": 0.4432,
        "priority_level": "LOW",
        "recommendation": "ROUTINE_OBSERVATION",
        "period": "2020_2026",
        "reasons": [
          "SPATIAL_ANOMALY",
          "VEG_BUILTUP_COHERENCE",
          "VEGETATION_LOSS",
          "CYCLICAL_REVERSAL_DAMPENED"
        ],
        "overall_anomaly": 0.6987,
        "headline": "Minor baseline surface variation"
      }
    },
    {
      "type": "Feature",
      "geometry": {
        "type": "Point",
        "coordinates": [
          78.393517,
          17.430612
        ]
      },
      "properties": {
        "grid_id": "HYD_0655",
        "rank": 507,
        "priority_score": 0.4431,
        "priority_level": "LOW",
        "recommendation": "ROUTINE_OBSERVATION",
        "period": "2020_2026",
        "reasons": [
          "HIGH_SCENE_ANOMALY",
          "SPATIAL_ANOMALY",
          "CYCLICAL_REVERSAL_DAMPENED"
        ],
        "overall_anomaly": 0.7862,
        "headline": "Pronounced localized spectral change anomaly"
      }
    },
    {
      "type": "Feature",
      "geometry": {
        "type": "Point",
        "coordinates": [
          78.501699,
          17.431999
        ]
      },
      "properties": {
        "grid_id": "HYD_0678",
        "rank": 508,
        "priority_score": 0.4431,
        "priority_level": "LOW",
        "recommendation": "ROUTINE_OBSERVATION",
        "period": "2020_2026",
        "reasons": [
          "HIGH_SCENE_ANOMALY",
          "SPATIAL_ANOMALY",
          "VEGETATION_LOSS",
          "CYCLICAL_REVERSAL_DAMPENED"
        ],
        "overall_anomaly": 0.7359,
        "headline": "Pronounced localized spectral change anomaly"
      }
    },
    {
      "type": "Feature",
      "geometry": {
        "type": "Point",
        "coordinates": [
          78.496192,
          17.490638
        ]
      },
      "properties": {
        "grid_id": "HYD_0118",
        "rank": 509,
        "priority_score": 0.4431,
        "priority_level": "LOW",
        "recommendation": "ROUTINE_OBSERVATION",
        "period": "2020_2026",
        "reasons": [
          "HIGH_SCENE_ANOMALY",
          "SPATIAL_ANOMALY",
          "CYCLICAL_REVERSAL_DAMPENED"
        ],
        "overall_anomaly": 0.7264,
        "headline": "Pronounced localized spectral change anomaly"
      }
    },
    {
      "type": "Feature",
      "geometry": {
        "type": "Point",
        "coordinates": [
          78.379665,
          17.412368
        ]
      },
      "properties": {
        "grid_id": "HYD_0824",
        "rank": 510,
        "priority_score": 0.4428,
        "priority_level": "LOW",
        "recommendation": "ROUTINE_OBSERVATION",
        "period": "2020_2026",
        "reasons": [
          "HIGH_SCENE_ANOMALY",
          "SPATIAL_ANOMALY",
          "CYCLICAL_REVERSAL_DAMPENED"
        ],
        "overall_anomaly": 0.7404,
        "headline": "Pronounced localized spectral change anomaly"
      }
    },
    {
      "type": "Feature",
      "geometry": {
        "type": "Point",
        "coordinates": [
          78.350927,
          17.448113
        ]
      },
      "properties": {
        "grid_id": "HYD_0474",
        "rank": 511,
        "priority_score": 0.4428,
        "priority_level": "LOW",
        "recommendation": "ROUTINE_OBSERVATION",
        "period": "2020_2026",
        "reasons": [
          "HIGH_SCENE_ANOMALY",
          "SPATIAL_ANOMALY",
          "CYCLICAL_REVERSAL_DAMPENED"
        ],
        "overall_anomaly": 0.733,
        "headline": "Pronounced localized spectral change anomaly"
      }
    },
    {
      "type": "Feature",
      "geometry": {
        "type": "Point",
        "coordinates": [
          78.365815,
          17.394123
        ]
      },
      "properties": {
        "grid_id": "HYD_0993",
        "rank": 512,
        "priority_score": 0.4426,
        "priority_level": "LOW",
        "recommendation": "ROUTINE_OBSERVATION",
        "period": "2020_2026",
        "reasons": [
          "HIGH_SCENE_ANOMALY",
          "SPATIAL_ANOMALY",
          "CYCLICAL_REVERSAL_DAMPENED"
        ],
        "overall_anomaly": 0.7492,
        "headline": "Pronounced localized spectral change anomaly"
      }
    },
    {
      "type": "Feature",
      "geometry": {
        "type": "Point",
        "coordinates": [
          78.370582,
          17.38967
        ]
      },
      "properties": {
        "grid_id": "HYD_1037",
        "rank": 513,
        "priority_score": 0.4426,
        "priority_level": "LOW",
        "recommendation": "ROUTINE_OBSERVATION",
        "period": "2020_2026",
        "reasons": [
          "HIGH_SCENE_ANOMALY",
          "SPATIAL_ANOMALY",
          "CYCLICAL_REVERSAL_DAMPENED"
        ],
        "overall_anomaly": 0.7453,
        "headline": "Pronounced localized spectral change anomaly"
      }
    },
    {
      "type": "Feature",
      "geometry": {
        "type": "Point",
        "coordinates": [
          78.397772,
          17.462278
        ]
      },
      "properties": {
        "grid_id": "HYD_0355",
        "rank": 514,
        "priority_score": 0.4424,
        "priority_level": "LOW",
        "recommendation": "ROUTINE_OBSERVATION",
        "period": "2020_2026",
        "reasons": [
          "HIGH_SCENE_ANOMALY",
          "SPATIAL_ANOMALY",
          "CYCLICAL_REVERSAL_DAMPENED"
        ],
        "overall_anomaly": 0.7307,
        "headline": "Pronounced localized spectral change anomaly"
      }
    },
    {
      "type": "Feature",
      "geometry": {
        "type": "Point",
        "coordinates": [
          78.402732,
          17.44428
        ]
      },
      "properties": {
        "grid_id": "HYD_0528",
        "rank": 515,
        "priority_score": 0.4422,
        "priority_level": "LOW",
        "recommendation": "ROUTINE_OBSERVATION",
        "period": "2020_2026",
        "reasons": [
          "HIGH_SCENE_ANOMALY",
          "SPATIAL_ANOMALY",
          "CYCLICAL_REVERSAL_DAMPENED"
        ],
        "overall_anomaly": 0.7433,
        "headline": "Pronounced localized spectral change anomaly"
      }
    },
    {
      "type": "Feature",
      "geometry": {
        "type": "Point",
        "coordinates": [
          78.440362,
          17.444768
        ]
      },
      "properties": {
        "grid_id": "HYD_0536",
        "rank": 516,
        "priority_score": 0.4418,
        "priority_level": "LOW",
        "recommendation": "ROUTINE_OBSERVATION",
        "period": "2020_2026",
        "reasons": [
          "HIGH_SCENE_ANOMALY",
          "SPATIAL_ANOMALY",
          "VEGETATION_LOSS",
          "STRONG_CHANGE_MAGNITUDE",
          "CYCLICAL_REVERSAL_DAMPENED"
        ],
        "overall_anomaly": 0.7237,
        "headline": "Pronounced localized spectral change anomaly"
      }
    },
    {
      "type": "Feature",
      "geometry": {
        "type": "Point",
        "coordinates": [
          78.547844,
          17.495799
        ]
      },
      "properties": {
        "grid_id": "HYD_0086",
        "rank": 517,
        "priority_score": 0.4417,
        "priority_level": "LOW",
        "recommendation": "ROUTINE_OBSERVATION",
        "period": "2020_2026",
        "reasons": [
          "HIGH_SCENE_ANOMALY",
          "SPATIAL_ANOMALY",
          "VEGETATION_LOSS",
          "CYCLICAL_REVERSAL_DAMPENED"
        ],
        "overall_anomaly": 0.7386,
        "headline": "Pronounced localized spectral change anomaly"
      }
    },
    {
      "type": "Feature",
      "geometry": {
        "type": "Point",
        "coordinates": [
          78.487278,
          17.454398
        ]
      },
      "properties": {
        "grid_id": "HYD_0460",
        "rank": 518,
        "priority_score": 0.4416,
        "priority_level": "LOW",
        "recommendation": "ROUTINE_OBSERVATION",
        "period": "2020_2026",
        "reasons": [
          "HIGH_SCENE_ANOMALY",
          "SPATIAL_ANOMALY",
          "VEG_BUILTUP_COHERENCE",
          "VEGETATION_LOSS",
          "CYCLICAL_REVERSAL_DAMPENED"
        ],
        "overall_anomaly": 0.7361,
        "headline": "Coherent multi-spectral land-cover alteration"
      }
    },
    {
      "type": "Feature",
      "geometry": {
        "type": "Point",
        "coordinates": [
          78.388492,
          17.453125
        ]
      },
      "properties": {
        "grid_id": "HYD_0439",
        "rank": 519,
        "priority_score": 0.4415,
        "priority_level": "LOW",
        "recommendation": "ROUTINE_OBSERVATION",
        "period": "2020_2026",
        "reasons": [
          "HIGH_SCENE_ANOMALY",
          "SPATIAL_ANOMALY",
          "VEGETATION_LOSS",
          "CYCLICAL_REVERSAL_DAMPENED"
        ],
        "overall_anomaly": 0.738,
        "headline": "Pronounced localized spectral change anomaly"
      }
    },
    {
      "type": "Feature",
      "geometry": {
        "type": "Point",
        "coordinates": [
          78.369353,
          17.475451
        ]
      },
      "properties": {
        "grid_id": "HYD_0220",
        "rank": 520,
        "priority_score": 0.4414,
        "priority_level": "LOW",
        "recommendation": "ROUTINE_OBSERVATION",
        "period": "2020_2026",
        "reasons": [
          "HIGH_SCENE_ANOMALY",
          "SPATIAL_ANOMALY",
          "CYCLICAL_REVERSAL_DAMPENED"
        ],
        "overall_anomaly": 0.7479,
        "headline": "Pronounced localized spectral change anomaly"
      }
    },
    {
      "type": "Feature",
      "geometry": {
        "type": "Point",
        "coordinates": [
          78.393196,
          17.453187
        ]
      },
      "properties": {
        "grid_id": "HYD_0440",
        "rank": 521,
        "priority_score": 0.4414,
        "priority_level": "LOW",
        "recommendation": "ROUTINE_OBSERVATION",
        "period": "2020_2026",
        "reasons": [
          "HIGH_SCENE_ANOMALY",
          "SPATIAL_ANOMALY",
          "VEGETATION_LOSS",
          "CYCLICAL_REVERSAL_DAMPENED"
        ],
        "overall_anomaly": 0.7417,
        "headline": "Pronounced localized spectral change anomaly"
      }
    },
    {
      "type": "Feature",
      "geometry": {
        "type": "Point",
        "coordinates": [
          78.469395,
          17.386432
        ]
      },
      "properties": {
        "grid_id": "HYD_1101",
        "rank": 522,
        "priority_score": 0.4412,
        "priority_level": "LOW",
        "recommendation": "ROUTINE_OBSERVATION",
        "period": "2020_2026",
        "reasons": [
          "HIGH_SCENE_ANOMALY",
          "SPATIAL_ANOMALY",
          "CYCLICAL_REVERSAL_DAMPENED"
        ],
        "overall_anomaly": 0.7143,
        "headline": "Pronounced localized spectral change anomaly"
      }
    },
    {
      "type": "Feature",
      "geometry": {
        "type": "Point",
        "coordinates": [
          78.543912,
          17.441557
        ]
      },
      "properties": {
        "grid_id": "HYD_0601",
        "rank": 523,
        "priority_score": 0.4411,
        "priority_level": "LOW",
        "recommendation": "ROUTINE_OBSERVATION",
        "period": "2020_2026",
        "reasons": [
          "SPATIAL_ANOMALY",
          "VEG_BUILTUP_COHERENCE",
          "VEGETATION_LOSS",
          "CYCLICAL_REVERSAL_DAMPENED"
        ],
        "overall_anomaly": 0.67,
        "headline": "Minor baseline surface variation"
      }
    },
    {
      "type": "Feature",
      "geometry": {
        "type": "Point",
        "coordinates": [
          78.463882,
          17.445069
        ]
      },
      "properties": {
        "grid_id": "HYD_0541",
        "rank": 524,
        "priority_score": 0.4407,
        "priority_level": "LOW",
        "recommendation": "ROUTINE_OBSERVATION",
        "period": "2020_2026",
        "reasons": [
          "HIGH_SCENE_ANOMALY",
          "SPATIAL_ANOMALY",
          "VEGETATION_LOSS",
          "CYCLICAL_REVERSAL_DAMPENED"
        ],
        "overall_anomaly": 0.7346,
        "headline": "Pronounced localized spectral change anomaly"
      }
    },
    {
      "type": "Feature",
      "geometry": {
        "type": "Point",
        "coordinates": [
          78.425552,
          17.49425
        ]
      },
      "properties": {
        "grid_id": "HYD_0060",
        "rank": 525,
        "priority_score": 0.4406,
        "priority_level": "LOW",
        "recommendation": "ROUTINE_OBSERVATION",
        "period": "2020_2026",
        "reasons": [
          "HIGH_SCENE_ANOMALY",
          "SPATIAL_ANOMALY",
          "VEGETATION_LOSS"
        ],
        "overall_anomaly": 0.7,
        "headline": "Pronounced localized spectral change anomaly"
      }
    },
    {
      "type": "Feature",
      "geometry": {
        "type": "Point",
        "coordinates": [
          78.549292,
          17.387429
        ]
      },
      "properties": {
        "grid_id": "HYD_1118",
        "rank": 526,
        "priority_score": 0.4403,
        "priority_level": "LOW",
        "recommendation": "ROUTINE_OBSERVATION",
        "period": "2020_2026",
        "reasons": [
          "HIGH_SCENE_ANOMALY",
          "SPATIAL_ANOMALY",
          "CYCLICAL_REVERSAL_DAMPENED"
        ],
        "overall_anomaly": 0.7455,
        "headline": "Pronounced localized spectral change anomaly"
      }
    },
    {
      "type": "Feature",
      "geometry": {
        "type": "Point",
        "coordinates": [
          78.416907,
          17.439949
        ]
      },
      "properties": {
        "grid_id": "HYD_0574",
        "rank": 527,
        "priority_score": 0.4403,
        "priority_level": "LOW",
        "recommendation": "ROUTINE_OBSERVATION",
        "period": "2020_2026",
        "reasons": [
          "SPATIAL_ANOMALY",
          "VEG_BUILTUP_COHERENCE",
          "VEGETATION_LOSS",
          "CYCLICAL_REVERSAL_DAMPENED"
        ],
        "overall_anomaly": 0.6913,
        "headline": "Minor baseline surface variation"
      }
    },
    {
      "type": "Feature",
      "geometry": {
        "type": "Point",
        "coordinates": [
          78.52094,
          17.400627
        ]
      },
      "properties": {
        "grid_id": "HYD_0983",
        "rank": 528,
        "priority_score": 0.4401,
        "priority_level": "LOW",
        "recommendation": "ROUTINE_OBSERVATION",
        "period": "2020_2026",
        "reasons": [
          "SPATIAL_ANOMALY",
          "VEG_BUILTUP_COHERENCE",
          "VEGETATION_LOSS",
          "CYCLICAL_REVERSAL_DAMPENED"
        ],
        "overall_anomaly": 0.6994,
        "headline": "Minor baseline surface variation"
      }
    },
    {
      "type": "Feature",
      "geometry": {
        "type": "Point",
        "coordinates": [
          78.547965,
          17.486768
        ]
      },
      "properties": {
        "grid_id": "HYD_0172",
        "rank": 529,
        "priority_score": 0.4399,
        "priority_level": "LOW",
        "recommendation": "ROUTINE_OBSERVATION",
        "period": "2020_2026",
        "reasons": [
          "HIGH_SCENE_ANOMALY",
          "SPATIAL_ANOMALY",
          "VEGETATION_LOSS",
          "CYCLICAL_REVERSAL_DAMPENED"
        ],
        "overall_anomaly": 0.7225,
        "headline": "Pronounced localized spectral change anomaly"
      }
    },
    {
      "type": "Feature",
      "geometry": {
        "type": "Point",
        "coordinates": [
          78.516847,
          17.355415
        ]
      },
      "properties": {
        "grid_id": "HYD_1412",
        "rank": 530,
        "priority_score": 0.4399,
        "priority_level": "LOW",
        "recommendation": "ROUTINE_OBSERVATION",
        "period": "2020_2026",
        "reasons": [
          "HIGH_SCENE_ANOMALY",
          "SPATIAL_ANOMALY",
          "VEGETATION_LOSS",
          "CYCLICAL_REVERSAL_DAMPENED"
        ],
        "overall_anomaly": 0.7225,
        "headline": "Pronounced localized spectral change anomaly"
      }
    },
    {
      "type": "Feature",
      "geometry": {
        "type": "Point",
        "coordinates": [
          78.356476,
          17.389484
        ]
      },
      "properties": {
        "grid_id": "HYD_1034",
        "rank": 531,
        "priority_score": 0.4399,
        "priority_level": "LOW",
        "recommendation": "ROUTINE_OBSERVATION",
        "period": "2020_2026",
        "reasons": [
          "SPATIAL_ANOMALY"
        ],
        "overall_anomaly": 0.7,
        "headline": "Pronounced localized spectral change anomaly"
      }
    },
    {
      "type": "Feature",
      "geometry": {
        "type": "Point",
        "coordinates": [
          78.472978,
          17.467764
        ]
      },
      "properties": {
        "grid_id": "HYD_0328",
        "rank": 532,
        "priority_score": 0.4397,
        "priority_level": "LOW",
        "recommendation": "ROUTINE_OBSERVATION",
        "period": "2020_2026",
        "reasons": [
          "SPATIAL_ANOMALY",
          "VEG_BUILTUP_COHERENCE",
          "VEGETATION_LOSS",
          "CYCLICAL_REVERSAL_DAMPENED"
        ],
        "overall_anomaly": 0.6937,
        "headline": "Minor baseline surface variation"
      }
    },
    {
      "type": "Feature",
      "geometry": {
        "type": "Point",
        "coordinates": [
          78.389199,
          17.403462
        ]
      },
      "properties": {
        "grid_id": "HYD_0912",
        "rank": 533,
        "priority_score": 0.4393,
        "priority_level": "LOW",
        "recommendation": "ROUTINE_OBSERVATION",
        "period": "2020_2026",
        "reasons": [
          "HIGH_SCENE_ANOMALY",
          "SPATIAL_ANOMALY",
          "CYCLICAL_REVERSAL_DAMPENED"
        ],
        "overall_anomaly": 0.7463,
        "headline": "Pronounced localized spectral change anomaly"
      }
    },
    {
      "type": "Feature",
      "geometry": {
        "type": "Point",
        "coordinates": [
          78.397964,
          17.448733
        ]
      },
      "properties": {
        "grid_id": "HYD_0484",
        "rank": 534,
        "priority_score": 0.4392,
        "priority_level": "LOW",
        "recommendation": "ROUTINE_OBSERVATION",
        "period": "2020_2026",
        "reasons": [
          "HIGH_SCENE_ANOMALY",
          "SPATIAL_ANOMALY",
          "CYCLICAL_REVERSAL_DAMPENED"
        ],
        "overall_anomaly": 0.7439,
        "headline": "Pronounced localized spectral change anomaly"
      }
    },
    {
      "type": "Feature",
      "geometry": {
        "type": "Point",
        "coordinates": [
          78.399115,
          17.367465
        ]
      },
      "properties": {
        "grid_id": "HYD_1258",
        "rank": 535,
        "priority_score": 0.4392,
        "priority_level": "LOW",
        "recommendation": "ROUTINE_OBSERVATION",
        "period": "2020_2026",
        "reasons": [
          "HIGH_SCENE_ANOMALY",
          "SPATIAL_ANOMALY",
          "CYCLICAL_REVERSAL_DAMPENED"
        ],
        "overall_anomaly": 0.735,
        "headline": "Pronounced localized spectral change anomaly"
      }
    },
    {
      "type": "Feature",
      "geometry": {
        "type": "Point",
        "coordinates": [
          78.533713,
          17.50014
        ]
      },
      "properties": {
        "grid_id": "HYD_0040",
        "rank": 536,
        "priority_score": 0.4391,
        "priority_level": "LOW",
        "recommendation": "ROUTINE_OBSERVATION",
        "period": "2020_2026",
        "reasons": [
          "HIGH_SCENE_ANOMALY",
          "SPATIAL_ANOMALY",
          "CYCLICAL_REVERSAL_DAMPENED"
        ],
        "overall_anomaly": 0.7101,
        "headline": "Pronounced localized spectral change anomaly"
      }
    },
    {
      "type": "Feature",
      "geometry": {
        "type": "Point",
        "coordinates": [
          78.421293,
          17.462585
        ]
      },
      "properties": {
        "grid_id": "HYD_0360",
        "rank": 537,
        "priority_score": 0.4391,
        "priority_level": "LOW",
        "recommendation": "ROUTINE_OBSERVATION",
        "period": "2020_2026",
        "reasons": [
          "SPATIAL_ANOMALY"
        ],
        "overall_anomaly": 0.6951,
        "headline": "Minor baseline surface variation"
      }
    },
    {
      "type": "Feature",
      "geometry": {
        "type": "Point",
        "coordinates": [
          78.398668,
          17.39907
        ]
      },
      "properties": {
        "grid_id": "HYD_0957",
        "rank": 538,
        "priority_score": 0.4387,
        "priority_level": "LOW",
        "recommendation": "ROUTINE_OBSERVATION",
        "period": "2020_2026",
        "reasons": [
          "HIGH_SCENE_ANOMALY",
          "SPATIAL_ANOMALY",
          "CYCLICAL_REVERSAL_DAMPENED"
        ],
        "overall_anomaly": 0.7149,
        "headline": "Pronounced localized spectral change anomaly"
      }
    },
    {
      "type": "Feature",
      "geometry": {
        "type": "Point",
        "coordinates": [
          78.350862,
          17.452627
        ]
      },
      "properties": {
        "grid_id": "HYD_0431",
        "rank": 539,
        "priority_score": 0.4384,
        "priority_level": "LOW",
        "recommendation": "ROUTINE_OBSERVATION",
        "period": "2020_2026",
        "reasons": [
          "HIGH_SCENE_ANOMALY",
          "SPATIAL_ANOMALY",
          "VEG_BUILTUP_COHERENCE",
          "CYCLICAL_REVERSAL_DAMPENED"
        ],
        "overall_anomaly": 0.7035,
        "headline": "Coherent multi-spectral land-cover alteration"
      }
    },
    {
      "type": "Feature",
      "geometry": {
        "type": "Point",
        "coordinates": [
          78.417034,
          17.430919
        ]
      },
      "properties": {
        "grid_id": "HYD_0660",
        "rank": 540,
        "priority_score": 0.4383,
        "priority_level": "LOW",
        "recommendation": "ROUTINE_OBSERVATION",
        "period": "2020_2026",
        "reasons": [
          "HIGH_SCENE_ANOMALY",
          "SPATIAL_ANOMALY",
          "VEGETATION_LOSS",
          "CYCLICAL_REVERSAL_DAMPENED"
        ],
        "overall_anomaly": 0.7191,
        "headline": "Pronounced localized spectral change anomaly"
      }
    },
    {
      "type": "Feature",
      "geometry": {
        "type": "Point",
        "coordinates": [
          78.374639,
          17.43488
        ]
      },
      "properties": {
        "grid_id": "HYD_0608",
        "rank": 541,
        "priority_score": 0.4376,
        "priority_level": "LOW",
        "recommendation": "ROUTINE_OBSERVATION",
        "period": "2020_2026",
        "reasons": [
          "HIGH_SCENE_ANOMALY",
          "SPATIAL_ANOMALY",
          "CYCLICAL_REVERSAL_DAMPENED"
        ],
        "overall_anomaly": 0.7728,
        "headline": "Pronounced localized spectral change anomaly"
      }
    },
    {
      "type": "Feature",
      "geometry": {
        "type": "Point",
        "coordinates": [
          78.482077,
          17.49046
        ]
      },
      "properties": {
        "grid_id": "HYD_0115",
        "rank": 542,
        "priority_score": 0.4376,
        "priority_level": "LOW",
        "recommendation": "ROUTINE_OBSERVATION",
        "period": "2020_2026",
        "reasons": [
          "HIGH_SCENE_ANOMALY",
          "SPATIAL_ANOMALY",
          "CYCLICAL_REVERSAL_DAMPENED"
        ],
        "overall_anomaly": 0.735,
        "headline": "Pronounced localized spectral change anomaly"
      }
    },
    {
      "type": "Feature",
      "geometry": {
        "type": "Point",
        "coordinates": [
          78.422181,
          17.399375
        ]
      },
      "properties": {
        "grid_id": "HYD_0962",
        "rank": 543,
        "priority_score": 0.4371,
        "priority_level": "LOW",
        "recommendation": "ROUTINE_OBSERVATION",
        "period": "2020_2026",
        "reasons": [
          "HIGH_SCENE_ANOMALY",
          "SPATIAL_ANOMALY",
          "CYCLICAL_REVERSAL_DAMPENED"
        ],
        "overall_anomaly": 0.7519,
        "headline": "Pronounced localized spectral change anomaly"
      }
    },
    {
      "type": "Feature",
      "geometry": {
        "type": "Point",
        "coordinates": [
          78.440173,
          17.458313
        ]
      },
      "properties": {
        "grid_id": "HYD_0407",
        "rank": 544,
        "priority_score": 0.437,
        "priority_level": "LOW",
        "recommendation": "ROUTINE_OBSERVATION",
        "period": "2020_2026",
        "reasons": [
          "HIGH_SCENE_ANOMALY",
          "SPATIAL_ANOMALY"
        ],
        "overall_anomaly": 0.7303,
        "headline": "Pronounced localized spectral change anomaly"
      }
    },
    {
      "type": "Feature",
      "geometry": {
        "type": "Point",
        "coordinates": [
          78.369223,
          17.484481
        ]
      },
      "properties": {
        "grid_id": "HYD_0134",
        "rank": 545,
        "priority_score": 0.4369,
        "priority_level": "LOW",
        "recommendation": "ROUTINE_OBSERVATION",
        "period": "2020_2026",
        "reasons": [
          "HIGH_SCENE_ANOMALY",
          "SPATIAL_ANOMALY",
          "CYCLICAL_REVERSAL_DAMPENED"
        ],
        "overall_anomaly": 0.7549,
        "headline": "Pronounced localized spectral change anomaly"
      }
    },
    {
      "type": "Feature",
      "geometry": {
        "type": "Point",
        "coordinates": [
          78.388557,
          17.44861
        ]
      },
      "properties": {
        "grid_id": "HYD_0482",
        "rank": 546,
        "priority_score": 0.4369,
        "priority_level": "LOW",
        "recommendation": "ROUTINE_OBSERVATION",
        "period": "2020_2026",
        "reasons": [
          "HIGH_SCENE_ANOMALY",
          "SPATIAL_ANOMALY",
          "CYCLICAL_REVERSAL_DAMPENED"
        ],
        "overall_anomaly": 0.7269,
        "headline": "Pronounced localized spectral change anomaly"
      }
    },
    {
      "type": "Feature",
      "geometry": {
        "type": "Point",
        "coordinates": [
          78.501576,
          17.44103
        ]
      },
      "properties": {
        "grid_id": "HYD_0592",
        "rank": 547,
        "priority_score": 0.4369,
        "priority_level": "LOW",
        "recommendation": "ROUTINE_OBSERVATION",
        "period": "2020_2026",
        "reasons": [
          "HIGH_SCENE_ANOMALY",
          "SPATIAL_ANOMALY",
          "CYCLICAL_REVERSAL_DAMPENED"
        ],
        "overall_anomaly": 0.7216,
        "headline": "Pronounced localized spectral change anomaly"
      }
    },
    {
      "type": "Feature",
      "geometry": {
        "type": "Point",
        "coordinates": [
          78.460239,
          17.368252
        ]
      },
      "properties": {
        "grid_id": "HYD_1271",
        "rank": 548,
        "priority_score": 0.4366,
        "priority_level": "LOW",
        "recommendation": "ROUTINE_OBSERVATION",
        "period": "2020_2026",
        "reasons": [
          "HIGH_SCENE_ANOMALY",
          "SPATIAL_ANOMALY",
          "VEG_BUILTUP_COHERENCE",
          "VEGETATION_LOSS",
          "CYCLICAL_REVERSAL_DAMPENED"
        ],
        "overall_anomaly": 0.7497,
        "headline": "Coherent multi-spectral land-cover alteration"
      }
    },
    {
      "type": "Feature",
      "geometry": {
        "type": "Point",
        "coordinates": [
          78.538783,
          17.473106
        ]
      },
      "properties": {
        "grid_id": "HYD_0299",
        "rank": 549,
        "priority_score": 0.436,
        "priority_level": "LOW",
        "recommendation": "ROUTINE_OBSERVATION",
        "period": "2020_2026",
        "reasons": [
          "HIGH_SCENE_ANOMALY",
          "SPATIAL_ANOMALY",
          "VEGETATION_LOSS",
          "CYCLICAL_REVERSAL_DAMPENED"
        ],
        "overall_anomaly": 0.7413,
        "headline": "Pronounced localized spectral change anomaly"
      }
    },
    {
      "type": "Feature",
      "geometry": {
        "type": "Point",
        "coordinates": [
          78.519658,
          17.495449
        ]
      },
      "properties": {
        "grid_id": "HYD_0080",
        "rank": 550,
        "priority_score": 0.436,
        "priority_level": "LOW",
        "recommendation": "ROUTINE_OBSERVATION",
        "period": "2020_2026",
        "reasons": [
          "SPATIAL_ANOMALY",
          "VEG_BUILTUP_COHERENCE",
          "VEGETATION_LOSS",
          "CYCLICAL_REVERSAL_DAMPENED"
        ],
        "overall_anomaly": 0.687,
        "headline": "Minor baseline surface variation"
      }
    },
    {
      "type": "Feature",
      "geometry": {
        "type": "Point",
        "coordinates": [
          78.444877,
          17.458373
        ]
      },
      "properties": {
        "grid_id": "HYD_0408",
        "rank": 551,
        "priority_score": 0.4359,
        "priority_level": "LOW",
        "recommendation": "ROUTINE_OBSERVATION",
        "period": "2020_2026",
        "reasons": [
          "HIGH_SCENE_ANOMALY",
          "SPATIAL_ANOMALY",
          "CYCLICAL_REVERSAL_DAMPENED"
        ],
        "overall_anomaly": 0.7213,
        "headline": "Pronounced localized spectral change anomaly"
      }
    },
    {
      "type": "Feature",
      "geometry": {
        "type": "Point",
        "coordinates": [
          78.506341,
          17.436573
        ]
      },
      "properties": {
        "grid_id": "HYD_0636",
        "rank": 552,
        "priority_score": 0.4359,
        "priority_level": "LOW",
        "recommendation": "ROUTINE_OBSERVATION",
        "period": "2020_2026",
        "reasons": [
          "HIGH_SCENE_ANOMALY",
          "SPATIAL_ANOMALY",
          "VEGETATION_LOSS",
          "CYCLICAL_REVERSAL_DAMPENED"
        ],
        "overall_anomaly": 0.7051,
        "headline": "Pronounced localized spectral change anomaly"
      }
    },
    {
      "type": "Feature",
      "geometry": {
        "type": "Point",
        "coordinates": [
          78.403944,
          17.358496
        ]
      },
      "properties": {
        "grid_id": "HYD_1345",
        "rank": 553,
        "priority_score": 0.4357,
        "priority_level": "LOW",
        "recommendation": "ROUTINE_OBSERVATION",
        "period": "2020_2026",
        "reasons": [
          "HIGH_SCENE_ANOMALY",
          "SPATIAL_ANOMALY",
          "VEGETATION_LOSS",
          "CYCLICAL_REVERSAL_DAMPENED"
        ],
        "overall_anomaly": 0.728,
        "headline": "Pronounced localized spectral change anomaly"
      }
    },
    {
      "type": "Feature",
      "geometry": {
        "type": "Point",
        "coordinates": [
          78.435089,
          17.485342
        ]
      },
      "properties": {
        "grid_id": "HYD_0148",
        "rank": 554,
        "priority_score": 0.4357,
        "priority_level": "LOW",
        "recommendation": "ROUTINE_OBSERVATION",
        "period": "2020_2026",
        "reasons": [
          "HIGH_SCENE_ANOMALY",
          "SPATIAL_ANOMALY",
          "CYCLICAL_REVERSAL_DAMPENED"
        ],
        "overall_anomaly": 0.718,
        "headline": "Pronounced localized spectral change anomaly"
      }
    },
    {
      "type": "Feature",
      "geometry": {
        "type": "Point",
        "coordinates": [
          78.464754,
          17.381857
        ]
      },
      "properties": {
        "grid_id": "HYD_1143",
        "rank": 555,
        "priority_score": 0.4355,
        "priority_level": "LOW",
        "recommendation": "ROUTINE_OBSERVATION",
        "period": "2020_2026",
        "reasons": [
          "HIGH_SCENE_ANOMALY",
          "SPATIAL_ANOMALY",
          "VEGETATION_LOSS"
        ],
        "overall_anomaly": 0.7196,
        "headline": "Pronounced localized spectral change anomaly"
      }
    },
    {
      "type": "Feature",
      "geometry": {
        "type": "Point",
        "coordinates": [
          78.422371,
          17.38583
        ]
      },
      "properties": {
        "grid_id": "HYD_1091",
        "rank": 556,
        "priority_score": 0.4352,
        "priority_level": "LOW",
        "recommendation": "ROUTINE_OBSERVATION",
        "period": "2020_2026",
        "reasons": [
          "HIGH_SCENE_ANOMALY",
          "SPATIAL_ANOMALY",
          "CYCLICAL_REVERSAL_DAMPENED"
        ],
        "overall_anomaly": 0.7119,
        "headline": "Pronounced localized spectral change anomaly"
      }
    },
    {
      "type": "Feature",
      "geometry": {
        "type": "Point",
        "coordinates": [
          78.378761,
          17.475575
        ]
      },
      "properties": {
        "grid_id": "HYD_0222",
        "rank": 557,
        "priority_score": 0.4351,
        "priority_level": "LOW",
        "recommendation": "ROUTINE_OBSERVATION",
        "period": "2020_2026",
        "reasons": [
          "HIGH_SCENE_ANOMALY",
          "SPATIAL_ANOMALY",
          "CYCLICAL_REVERSAL_DAMPENED"
        ],
        "overall_anomaly": 0.7183,
        "headline": "Pronounced localized spectral change anomaly"
      }
    },
    {
      "type": "Feature",
      "geometry": {
        "type": "Point",
        "coordinates": [
          78.515198,
          17.477329
        ]
      },
      "properties": {
        "grid_id": "HYD_0251",
        "rank": 558,
        "priority_score": 0.4351,
        "priority_level": "LOW",
        "recommendation": "ROUTINE_OBSERVATION",
        "period": "2020_2026",
        "reasons": [
          "SPATIAL_ANOMALY",
          "VEG_BUILTUP_COHERENCE",
          "VEGETATION_LOSS",
          "CYCLICAL_REVERSAL_DAMPENED"
        ],
        "overall_anomaly": 0.6904,
        "headline": "Minor baseline surface variation"
      }
    },
    {
      "type": "Feature",
      "geometry": {
        "type": "Point",
        "coordinates": [
          78.543973,
          17.437041
        ]
      },
      "properties": {
        "grid_id": "HYD_0644",
        "rank": 559,
        "priority_score": 0.435,
        "priority_level": "LOW",
        "recommendation": "ROUTINE_OBSERVATION",
        "period": "2020_2026",
        "reasons": [
          "SPATIAL_ANOMALY",
          "VEG_BUILTUP_COHERENCE",
          "VEGETATION_LOSS",
          "CYCLICAL_REVERSAL_DAMPENED"
        ],
        "overall_anomaly": 0.6653,
        "headline": "Minor baseline surface variation"
      }
    },
    {
      "type": "Feature",
      "geometry": {
        "type": "Point",
        "coordinates": [
          78.455162,
          17.395283
        ]
      },
      "properties": {
        "grid_id": "HYD_1012",
        "rank": 560,
        "priority_score": 0.4348,
        "priority_level": "LOW",
        "recommendation": "ROUTINE_OBSERVATION",
        "period": "2020_2026",
        "reasons": [
          "HIGH_SCENE_ANOMALY",
          "SPATIAL_ANOMALY",
          "VEGETATION_LOSS",
          "CYCLICAL_REVERSAL_DAMPENED"
        ],
        "overall_anomaly": 0.7333,
        "headline": "Pronounced localized spectral change anomaly"
      }
    },
    {
      "type": "Feature",
      "geometry": {
        "type": "Point",
        "coordinates": [
          78.450209,
          17.413283
        ]
      },
      "properties": {
        "grid_id": "HYD_0839",
        "rank": 561,
        "priority_score": 0.4347,
        "priority_level": "LOW",
        "recommendation": "ROUTINE_OBSERVATION",
        "period": "2020_2026",
        "reasons": [
          "HIGH_SCENE_ANOMALY",
          "SPATIAL_ANOMALY",
          "CYCLICAL_REVERSAL_DAMPENED"
        ],
        "overall_anomaly": 0.711,
        "headline": "Pronounced localized spectral change anomaly"
      }
    },
    {
      "type": "Feature",
      "geometry": {
        "type": "Point",
        "coordinates": [
          78.42587,
          17.471676
        ]
      },
      "properties": {
        "grid_id": "HYD_0275",
        "rank": 562,
        "priority_score": 0.4346,
        "priority_level": "LOW",
        "recommendation": "ROUTINE_OBSERVATION",
        "period": "2020_2026",
        "reasons": [
          "HIGH_SCENE_ANOMALY",
          "SPATIAL_ANOMALY",
          "CYCLICAL_REVERSAL_DAMPENED"
        ],
        "overall_anomaly": 0.7395,
        "headline": "Pronounced localized spectral change anomaly"
      }
    },
    {
      "type": "Feature",
      "geometry": {
        "type": "Point",
        "coordinates": [
          78.521123,
          17.387081
        ]
      },
      "properties": {
        "grid_id": "HYD_1112",
        "rank": 563,
        "priority_score": 0.4346,
        "priority_level": "LOW",
        "recommendation": "ROUTINE_OBSERVATION",
        "period": "2020_2026",
        "reasons": [
          "HIGH_SCENE_ANOMALY",
          "VEGETATION_LOSS",
          "CYCLICAL_REVERSAL_DAMPENED"
        ],
        "overall_anomaly": 0.7204,
        "headline": "Pronounced scene-level change anomaly"
      }
    },
    {
      "type": "Feature",
      "geometry": {
        "type": "Point",
        "coordinates": [
          78.535231,
          17.387256
        ]
      },
      "properties": {
        "grid_id": "HYD_1115",
        "rank": 564,
        "priority_score": 0.4345,
        "priority_level": "LOW",
        "recommendation": "ROUTINE_OBSERVATION",
        "period": "2020_2026",
        "reasons": [
          "SPATIAL_ANOMALY",
          "CYCLICAL_REVERSAL_DAMPENED"
        ],
        "overall_anomaly": 0.6886,
        "headline": "Minor baseline surface variation"
      }
    },
    {
      "type": "Feature",
      "geometry": {
        "type": "Point",
        "coordinates": [
          78.3568,
          17.36691
        ]
      },
      "properties": {
        "grid_id": "HYD_1249",
        "rank": 565,
        "priority_score": 0.4339,
        "priority_level": "LOW",
        "recommendation": "ROUTINE_OBSERVATION",
        "period": "2020_2026",
        "reasons": [
          "HIGH_SCENE_ANOMALY",
          "SPATIAL_ANOMALY",
          "CYCLICAL_REVERSAL_DAMPENED"
        ],
        "overall_anomaly": 0.7309,
        "headline": "Pronounced localized spectral change anomaly"
      }
    },
    {
      "type": "Feature",
      "geometry": {
        "type": "Point",
        "coordinates": [
          78.478304,
          17.422672
        ]
      },
      "properties": {
        "grid_id": "HYD_0759",
        "rank": 566,
        "priority_score": 0.4339,
        "priority_level": "LOW",
        "recommendation": "ROUTINE_OBSERVATION",
        "period": "2020_2026",
        "reasons": [
          "HIGH_SCENE_ANOMALY",
          "VEG_BUILTUP_COHERENCE",
          "VEGETATION_LOSS",
          "BUILTUP_SENSITIVE_CHANGE",
          "CYCLICAL_REVERSAL_DAMPENED"
        ],
        "overall_anomaly": 0.7235,
        "headline": "Coherent multi-spectral land-cover alteration"
      }
    },
    {
      "type": "Feature",
      "geometry": {
        "type": "Point",
        "coordinates": [
          78.514891,
          17.499905
        ]
      },
      "properties": {
        "grid_id": "HYD_0036",
        "rank": 567,
        "priority_score": 0.4339,
        "priority_level": "LOW",
        "recommendation": "ROUTINE_OBSERVATION",
        "period": "2020_2026",
        "reasons": [
          "SPATIAL_ANOMALY",
          "VEG_BUILTUP_COHERENCE",
          "VEGETATION_LOSS",
          "CYCLICAL_REVERSAL_DAMPENED"
        ],
        "overall_anomaly": 0.6982,
        "headline": "Minor baseline surface variation"
      }
    },
    {
      "type": "Feature",
      "geometry": {
        "type": "Point",
        "coordinates": [
          78.496748,
          17.450001
        ]
      },
      "properties": {
        "grid_id": "HYD_0505",
        "rank": 568,
        "priority_score": 0.4338,
        "priority_level": "LOW",
        "recommendation": "ROUTINE_OBSERVATION",
        "period": "2020_2026",
        "reasons": [
          "SPATIAL_ANOMALY",
          "VEGETATION_LOSS",
          "CYCLICAL_REVERSAL_DAMPENED"
        ],
        "overall_anomaly": 0.6925,
        "headline": "Minor baseline surface variation"
      }
    },
    {
      "type": "Feature",
      "geometry": {
        "type": "Point",
        "coordinates": [
          78.547904,
          17.491283
        ]
      },
      "properties": {
        "grid_id": "HYD_0129",
        "rank": 569,
        "priority_score": 0.4336,
        "priority_level": "LOW",
        "recommendation": "ROUTINE_OBSERVATION",
        "period": "2020_2026",
        "reasons": [
          "HIGH_SCENE_ANOMALY",
          "SPATIAL_ANOMALY",
          "VEGETATION_LOSS",
          "CYCLICAL_REVERSAL_DAMPENED"
        ],
        "overall_anomaly": 0.713,
        "headline": "Pronounced localized spectral change anomaly"
      }
    },
    {
      "type": "Feature",
      "geometry": {
        "type": "Point",
        "coordinates": [
          78.412203,
          17.439888
        ]
      },
      "properties": {
        "grid_id": "HYD_0573",
        "rank": 570,
        "priority_score": 0.4333,
        "priority_level": "LOW",
        "recommendation": "ROUTINE_OBSERVATION",
        "period": "2020_2026",
        "reasons": [
          "HIGH_SCENE_ANOMALY",
          "SPATIAL_ANOMALY",
          "CYCLICAL_REVERSAL_DAMPENED"
        ],
        "overall_anomaly": 0.702,
        "headline": "Pronounced localized spectral change anomaly"
      }
    },
    {
      "type": "Feature",
      "geometry": {
        "type": "Point",
        "coordinates": [
          78.5342,
          17.464017
        ]
      },
      "properties": {
        "grid_id": "HYD_0384",
        "rank": 571,
        "priority_score": 0.4331,
        "priority_level": "LOW",
        "recommendation": "ROUTINE_OBSERVATION",
        "period": "2020_2026",
        "reasons": [
          "SPATIAL_ANOMALY",
          "VEG_BUILTUP_COHERENCE",
          "VEGETATION_LOSS",
          "CYCLICAL_REVERSAL_DAMPENED"
        ],
        "overall_anomaly": 0.6813,
        "headline": "Minor baseline surface variation"
      }
    },
    {
      "type": "Feature",
      "geometry": {
        "type": "Point",
        "coordinates": [
          78.365557,
          17.412182
        ]
      },
      "properties": {
        "grid_id": "HYD_0821",
        "rank": 572,
        "priority_score": 0.4329,
        "priority_level": "LOW",
        "recommendation": "ROUTINE_OBSERVATION",
        "period": "2020_2026",
        "reasons": [
          "HIGH_SCENE_ANOMALY",
          "SPATIAL_ANOMALY",
          "CYCLICAL_REVERSAL_DAMPENED"
        ],
        "overall_anomaly": 0.7359,
        "headline": "Pronounced localized spectral change anomaly"
      }
    },
    {
      "type": "Feature",
      "geometry": {
        "type": "Point",
        "coordinates": [
          78.487711,
          17.422791
        ]
      },
      "properties": {
        "grid_id": "HYD_0761",
        "rank": 573,
        "priority_score": 0.4329,
        "priority_level": "LOW",
        "recommendation": "ROUTINE_OBSERVATION",
        "period": "2020_2026",
        "reasons": [
          "SPATIAL_ANOMALY",
          "VEGETATION_LOSS",
          "CYCLICAL_REVERSAL_DAMPENED"
        ],
        "overall_anomaly": 0.6921,
        "headline": "Minor baseline surface variation"
      }
    },
    {
      "type": "Feature",
      "geometry": {
        "type": "Point",
        "coordinates": [
          78.403307,
          17.403646
        ]
      },
      "properties": {
        "grid_id": "HYD_0915",
        "rank": 574,
        "priority_score": 0.4324,
        "priority_level": "LOW",
        "recommendation": "ROUTINE_OBSERVATION",
        "period": "2020_2026",
        "reasons": [
          "HIGH_SCENE_ANOMALY",
          "SPATIAL_ANOMALY",
          "CYCLICAL_REVERSAL_DAMPENED"
        ],
        "overall_anomaly": 0.7397,
        "headline": "Pronounced localized spectral change anomaly"
      }
    },
    {
      "type": "Feature",
      "geometry": {
        "type": "Point",
        "coordinates": [
          78.355826,
          17.434631
        ]
      },
      "properties": {
        "grid_id": "HYD_0604",
        "rank": 575,
        "priority_score": 0.4323,
        "priority_level": "LOW",
        "recommendation": "ROUTINE_OBSERVATION",
        "period": "2020_2026",
        "reasons": [
          "HIGH_SCENE_ANOMALY",
          "SPATIAL_ANOMALY",
          "CYCLICAL_REVERSAL_DAMPENED"
        ],
        "overall_anomaly": 0.7373,
        "headline": "Pronounced localized spectral change anomaly"
      }
    },
    {
      "type": "Feature",
      "geometry": {
        "type": "Point",
        "coordinates": [
          78.388428,
          17.45764
        ]
      },
      "properties": {
        "grid_id": "HYD_0396",
        "rank": 576,
        "priority_score": 0.432,
        "priority_level": "LOW",
        "recommendation": "ROUTINE_OBSERVATION",
        "period": "2020_2026",
        "reasons": [
          "HIGH_SCENE_ANOMALY",
          "SPATIAL_ANOMALY",
          "VEGETATION_LOSS",
          "CYCLICAL_REVERSAL_DAMPENED"
        ],
        "overall_anomaly": 0.7277,
        "headline": "Pronounced localized spectral change anomaly"
      }
    },
    {
      "type": "Feature",
      "geometry": {
        "type": "Point",
        "coordinates": [
          78.543791,
          17.450587
        ]
      },
      "properties": {
        "grid_id": "HYD_0515",
        "rank": 577,
        "priority_score": 0.432,
        "priority_level": "LOW",
        "recommendation": "ROUTINE_OBSERVATION",
        "period": "2020_2026",
        "reasons": [
          "HIGH_SCENE_ANOMALY",
          "SPATIAL_ANOMALY",
          "VEG_BUILTUP_COHERENCE",
          "CYCLICAL_REVERSAL_DAMPENED"
        ],
        "overall_anomaly": 0.7008,
        "headline": "Coherent multi-spectral land-cover alteration"
      }
    },
    {
      "type": "Feature",
      "geometry": {
        "type": "Point",
        "coordinates": [
          78.360724,
          17.421149
        ]
      },
      "properties": {
        "grid_id": "HYD_0734",
        "rank": 578,
        "priority_score": 0.4318,
        "priority_level": "LOW",
        "recommendation": "ROUTINE_OBSERVATION",
        "period": "2020_2026",
        "reasons": [
          "HIGH_SCENE_ANOMALY",
          "SPATIAL_ANOMALY",
          "CYCLICAL_REVERSAL_DAMPENED"
        ],
        "overall_anomaly": 0.7433,
        "headline": "Pronounced localized spectral change anomaly"
      }
    },
    {
      "type": "Feature",
      "geometry": {
        "type": "Point",
        "coordinates": [
          78.535473,
          17.369194
        ]
      },
      "properties": {
        "grid_id": "HYD_1287",
        "rank": 579,
        "priority_score": 0.4314,
        "priority_level": "LOW",
        "recommendation": "ROUTINE_OBSERVATION",
        "period": "2020_2026",
        "reasons": [
          "HIGH_SCENE_ANOMALY",
          "SPATIAL_ANOMALY",
          "CYCLICAL_REVERSAL_DAMPENED"
        ],
        "overall_anomaly": 0.724,
        "headline": "Pronounced localized spectral change anomaly"
      }
    },
    {
      "type": "Feature",
      "geometry": {
        "type": "Point",
        "coordinates": [
          78.365297,
          17.430241
        ]
      },
      "properties": {
        "grid_id": "HYD_0649",
        "rank": 580,
        "priority_score": 0.4307,
        "priority_level": "LOW",
        "recommendation": "ROUTINE_OBSERVATION",
        "period": "2020_2026",
        "reasons": [
          "HIGH_SCENE_ANOMALY",
          "SPATIAL_ANOMALY",
          "CYCLICAL_REVERSAL_DAMPENED"
        ],
        "overall_anomaly": 0.7399,
        "headline": "Pronounced localized spectral change anomaly"
      }
    },
    {
      "type": "Feature",
      "geometry": {
        "type": "Point",
        "coordinates": [
          78.455537,
          17.368192
        ]
      },
      "properties": {
        "grid_id": "HYD_1270",
        "rank": 581,
        "priority_score": 0.4307,
        "priority_level": "LOW",
        "recommendation": "ROUTINE_OBSERVATION",
        "period": "2020_2026",
        "reasons": [
          "HIGH_SCENE_ANOMALY",
          "SPATIAL_ANOMALY"
        ],
        "overall_anomaly": 0.7338,
        "headline": "Pronounced localized spectral change anomaly"
      }
    },
    {
      "type": "Feature",
      "geometry": {
        "type": "Point",
        "coordinates": [
          78.3506,
          17.470686
        ]
      },
      "properties": {
        "grid_id": "HYD_0259",
        "rank": 582,
        "priority_score": 0.4307,
        "priority_level": "LOW",
        "recommendation": "ROUTINE_OBSERVATION",
        "period": "2020_2026",
        "reasons": [
          "HIGH_SCENE_ANOMALY",
          "SPATIAL_ANOMALY",
          "CYCLICAL_REVERSAL_DAMPENED"
        ],
        "overall_anomaly": 0.7308,
        "headline": "Pronounced localized spectral change anomaly"
      }
    },
    {
      "type": "Feature",
      "geometry": {
        "type": "Point",
        "coordinates": [
          78.477621,
          17.472339
        ]
      },
      "properties": {
        "grid_id": "HYD_0286",
        "rank": 583,
        "priority_score": 0.4305,
        "priority_level": "LOW",
        "recommendation": "ROUTINE_OBSERVATION",
        "period": "2020_2026",
        "reasons": [
          "HIGH_SCENE_ANOMALY",
          "SPATIAL_ANOMALY",
          "VEGETATION_LOSS"
        ],
        "overall_anomaly": 0.7108,
        "headline": "Pronounced localized spectral change anomaly"
      }
    },
    {
      "type": "Feature",
      "geometry": {
        "type": "Point",
        "coordinates": [
          78.492661,
          17.404789
        ]
      },
      "properties": {
        "grid_id": "HYD_0934",
        "rank": 584,
        "priority_score": 0.43,
        "priority_level": "LOW",
        "recommendation": "ROUTINE_OBSERVATION",
        "period": "2020_2026",
        "reasons": [
          "HIGH_SCENE_ANOMALY",
          "SPATIAL_ANOMALY",
          "CYCLICAL_REVERSAL_DAMPENED"
        ],
        "overall_anomaly": 0.7087,
        "headline": "Pronounced localized spectral change anomaly"
      }
    },
    {
      "type": "Feature",
      "geometry": {
        "type": "Point",
        "coordinates": [
          78.444814,
          17.462888
        ]
      },
      "properties": {
        "grid_id": "HYD_0365",
        "rank": 585,
        "priority_score": 0.43,
        "priority_level": "LOW",
        "recommendation": "ROUTINE_OBSERVATION",
        "period": "2020_2026",
        "reasons": [
          "SPATIAL_ANOMALY",
          "VEGETATION_LOSS"
        ],
        "overall_anomaly": 0.6975,
        "headline": "Minor baseline surface variation"
      }
    },
    {
      "type": "Feature",
      "geometry": {
        "type": "Point",
        "coordinates": [
          78.502435,
          17.377816
        ]
      },
      "properties": {
        "grid_id": "HYD_1194",
        "rank": 586,
        "priority_score": 0.4299,
        "priority_level": "LOW",
        "recommendation": "ROUTINE_OBSERVATION",
        "period": "2020_2026",
        "reasons": [
          "HIGH_SCENE_ANOMALY",
          "SPATIAL_ANOMALY",
          "CYCLICAL_REVERSAL_DAMPENED"
        ],
        "overall_anomaly": 0.706,
        "headline": "Pronounced localized spectral change anomaly"
      }
    },
    {
      "type": "Feature",
      "geometry": {
        "type": "Point",
        "coordinates": [
          78.441368,
          17.372527
        ]
      },
      "properties": {
        "grid_id": "HYD_1224",
        "rank": 587,
        "priority_score": 0.4298,
        "priority_level": "LOW",
        "recommendation": "ROUTINE_OBSERVATION",
        "period": "2020_2026",
        "reasons": [
          "HIGH_SCENE_ANOMALY",
          "SPATIAL_ANOMALY"
        ],
        "overall_anomaly": 0.7063,
        "headline": "Pronounced localized spectral change anomaly"
      }
    },
    {
      "type": "Feature",
      "geometry": {
        "type": "Point",
        "coordinates": [
          78.544094,
          17.42801
        ]
      },
      "properties": {
        "grid_id": "HYD_0730",
        "rank": 588,
        "priority_score": 0.4297,
        "priority_level": "LOW",
        "recommendation": "ROUTINE_OBSERVATION",
        "period": "2020_2026",
        "reasons": [
          "SPATIAL_ANOMALY",
          "VEG_BUILTUP_COHERENCE",
          "VEGETATION_LOSS",
          "CYCLICAL_REVERSAL_DAMPENED"
        ],
        "overall_anomaly": 0.6822,
        "headline": "Minor baseline surface variation"
      }
    },
    {
      "type": "Feature",
      "geometry": {
        "type": "Point",
        "coordinates": [
          78.379794,
          17.403338
        ]
      },
      "properties": {
        "grid_id": "HYD_0910",
        "rank": 589,
        "priority_score": 0.4296,
        "priority_level": "LOW",
        "recommendation": "ROUTINE_OBSERVATION",
        "period": "2020_2026",
        "reasons": [
          "HIGH_SCENE_ANOMALY",
          "SPATIAL_ANOMALY",
          "CYCLICAL_REVERSAL_DAMPENED"
        ],
        "overall_anomaly": 0.7092,
        "headline": "Pronounced localized spectral change anomaly"
      }
    },
    {
      "type": "Feature",
      "geometry": {
        "type": "Point",
        "coordinates": [
          78.46927,
          17.395462
        ]
      },
      "properties": {
        "grid_id": "HYD_1015",
        "rank": 590,
        "priority_score": 0.4295,
        "priority_level": "LOW",
        "recommendation": "ROUTINE_OBSERVATION",
        "period": "2020_2026",
        "reasons": [
          "HIGH_SCENE_ANOMALY",
          "SPATIAL_ANOMALY",
          "CYCLICAL_REVERSAL_DAMPENED"
        ],
        "overall_anomaly": 0.724,
        "headline": "Pronounced localized spectral change anomaly"
      }
    },
    {
      "type": "Feature",
      "geometry": {
        "type": "Point",
        "coordinates": [
          78.379084,
          17.453001
        ]
      },
      "properties": {
        "grid_id": "HYD_0437",
        "rank": 591,
        "priority_score": 0.4295,
        "priority_level": "LOW",
        "recommendation": "ROUTINE_OBSERVATION",
        "period": "2020_2026",
        "reasons": [
          "HIGH_SCENE_ANOMALY",
          "SPATIAL_ANOMALY",
          "CYCLICAL_REVERSAL_DAMPENED"
        ],
        "overall_anomaly": 0.716,
        "headline": "Pronounced localized spectral change anomaly"
      }
    },
    {
      "type": "Feature",
      "geometry": {
        "type": "Point",
        "coordinates": [
          78.378891,
          17.466546
        ]
      },
      "properties": {
        "grid_id": "HYD_0308",
        "rank": 592,
        "priority_score": 0.4291,
        "priority_level": "LOW",
        "recommendation": "ROUTINE_OBSERVATION",
        "period": "2020_2026",
        "reasons": [
          "HIGH_SCENE_ANOMALY",
          "SPATIAL_ANOMALY",
          "CYCLICAL_REVERSAL_DAMPENED"
        ],
        "overall_anomaly": 0.7084,
        "headline": "Pronounced localized spectral change anomaly"
      }
    },
    {
      "type": "Feature",
      "geometry": {
        "type": "Point",
        "coordinates": [
          78.516237,
          17.400568
        ]
      },
      "properties": {
        "grid_id": "HYD_0982",
        "rank": 593,
        "priority_score": 0.4291,
        "priority_level": "LOW",
        "recommendation": "ROUTINE_OBSERVATION",
        "period": "2020_2026",
        "reasons": [
          "SPATIAL_ANOMALY",
          "VEG_BUILTUP_COHERENCE",
          "VEGETATION_LOSS",
          "CYCLICAL_REVERSAL_DAMPENED"
        ],
        "overall_anomaly": 0.6914,
        "headline": "Minor baseline surface variation"
      }
    },
    {
      "type": "Feature",
      "geometry": {
        "type": "Point",
        "coordinates": [
          78.392939,
          17.471246
        ]
      },
      "properties": {
        "grid_id": "HYD_0268",
        "rank": 594,
        "priority_score": 0.4289,
        "priority_level": "LOW",
        "recommendation": "ROUTINE_OBSERVATION",
        "period": "2020_2026",
        "reasons": [
          "HIGH_SCENE_ANOMALY",
          "SPATIAL_ANOMALY",
          "VEGETATION_LOSS",
          "CYCLICAL_REVERSAL_DAMPENED"
        ],
        "overall_anomaly": 0.73,
        "headline": "Pronounced localized spectral change anomaly"
      }
    },
    {
      "type": "Feature",
      "geometry": {
        "type": "Point",
        "coordinates": [
          78.350666,
          17.466172
        ]
      },
      "properties": {
        "grid_id": "HYD_0302",
        "rank": 595,
        "priority_score": 0.4289,
        "priority_level": "LOW",
        "recommendation": "ROUTINE_OBSERVATION",
        "period": "2020_2026",
        "reasons": [
          "HIGH_SCENE_ANOMALY",
          "SPATIAL_ANOMALY",
          "CYCLICAL_REVERSAL_DAMPENED"
        ],
        "overall_anomaly": 0.7291,
        "headline": "Pronounced localized spectral change anomaly"
      }
    },
    {
      "type": "Feature",
      "geometry": {
        "type": "Point",
        "coordinates": [
          78.545058,
          17.355764
        ]
      },
      "properties": {
        "grid_id": "HYD_1418",
        "rank": 596,
        "priority_score": 0.4289,
        "priority_level": "LOW",
        "recommendation": "ROUTINE_OBSERVATION",
        "period": "2020_2026",
        "reasons": [
          "HIGH_SCENE_ANOMALY",
          "SPATIAL_ANOMALY",
          "CYCLICAL_REVERSAL_DAMPENED"
        ],
        "overall_anomaly": 0.7204,
        "headline": "Pronounced localized spectral change anomaly"
      }
    },
    {
      "type": "Feature",
      "geometry": {
        "type": "Point",
        "coordinates": [
          78.418048,
          17.358679
        ]
      },
      "properties": {
        "grid_id": "HYD_1348",
        "rank": 597,
        "priority_score": 0.4287,
        "priority_level": "LOW",
        "recommendation": "ROUTINE_OBSERVATION",
        "period": "2020_2026",
        "reasons": [
          "HIGH_SCENE_ANOMALY",
          "SPATIAL_ANOMALY",
          "CYCLICAL_REVERSAL_DAMPENED"
        ],
        "overall_anomaly": 0.7301,
        "headline": "Pronounced localized spectral change anomaly"
      }
    },
    {
      "type": "Feature",
      "geometry": {
        "type": "Point",
        "coordinates": [
          78.449267,
          17.481009
        ]
      },
      "properties": {
        "grid_id": "HYD_0194",
        "rank": 598,
        "priority_score": 0.4287,
        "priority_level": "LOW",
        "recommendation": "ROUTINE_OBSERVATION",
        "period": "2020_2026",
        "reasons": [
          "VEG_BUILTUP_COHERENCE",
          "VEGETATION_LOSS",
          "CYCLICAL_REVERSAL_DAMPENED"
        ],
        "overall_anomaly": 0.6942,
        "headline": "Minor baseline surface variation"
      }
    },
    {
      "type": "Feature",
      "geometry": {
        "type": "Point",
        "coordinates": [
          78.464381,
          17.408948
        ]
      },
      "properties": {
        "grid_id": "HYD_0885",
        "rank": 599,
        "priority_score": 0.4286,
        "priority_level": "LOW",
        "recommendation": "ROUTINE_OBSERVATION",
        "period": "2020_2026",
        "reasons": [
          "SPATIAL_ANOMALY",
          "VEG_BUILTUP_COHERENCE",
          "VEGETATION_LOSS",
          "CYCLICAL_REVERSAL_DAMPENED"
        ],
        "overall_anomaly": 0.6822,
        "headline": "Minor baseline surface variation"
      }
    },
    {
      "type": "Feature",
      "geometry": {
        "type": "Point",
        "coordinates": [
          78.533774,
          17.495625
        ]
      },
      "properties": {
        "grid_id": "HYD_0083",
        "rank": 600,
        "priority_score": 0.4285,
        "priority_level": "LOW",
        "recommendation": "ROUTINE_OBSERVATION",
        "period": "2020_2026",
        "reasons": [
          "SPATIAL_ANOMALY",
          "CYCLICAL_REVERSAL_DAMPENED"
        ],
        "overall_anomaly": 0.6884,
        "headline": "Minor baseline surface variation"
      }
    },
    {
      "type": "Feature",
      "geometry": {
        "type": "Point",
        "coordinates": [
          78.529921,
          17.432351
        ]
      },
      "properties": {
        "grid_id": "HYD_0684",
        "rank": 601,
        "priority_score": 0.4283,
        "priority_level": "LOW",
        "recommendation": "ROUTINE_OBSERVATION",
        "period": "2020_2026",
        "reasons": [
          "HIGH_SCENE_ANOMALY",
          "SPATIAL_ANOMALY",
          "CYCLICAL_REVERSAL_DAMPENED"
        ],
        "overall_anomaly": 0.7068,
        "headline": "Pronounced localized spectral change anomaly"
      }
    },
    {
      "type": "Feature",
      "geometry": {
        "type": "Point",
        "coordinates": [
          78.50176,
          17.427484
        ]
      },
      "properties": {
        "grid_id": "HYD_0721",
        "rank": 602,
        "priority_score": 0.4281,
        "priority_level": "LOW",
        "recommendation": "ROUTINE_OBSERVATION",
        "period": "2020_2026",
        "reasons": [
          "SPATIAL_ANOMALY",
          "VEGETATION_LOSS",
          "CYCLICAL_REVERSAL_DAMPENED"
        ],
        "overall_anomaly": 0.6983,
        "headline": "Minor baseline surface variation"
      }
    },
    {
      "type": "Feature",
      "geometry": {
        "type": "Point",
        "coordinates": [
          78.473352,
          17.440673
        ]
      },
      "properties": {
        "grid_id": "HYD_0586",
        "rank": 603,
        "priority_score": 0.4281,
        "priority_level": "LOW",
        "recommendation": "ROUTINE_OBSERVATION",
        "period": "2020_2026",
        "reasons": [
          "SPATIAL_ANOMALY",
          "CYCLICAL_REVERSAL_DAMPENED"
        ],
        "overall_anomaly": 0.6897,
        "headline": "Minor baseline surface variation"
      }
    },
    {
      "type": "Feature",
      "geometry": {
        "type": "Point",
        "coordinates": [
          78.403626,
          17.381071
        ]
      },
      "properties": {
        "grid_id": "HYD_1130",
        "rank": 604,
        "priority_score": 0.4279,
        "priority_level": "LOW",
        "recommendation": "ROUTINE_OBSERVATION",
        "period": "2020_2026",
        "reasons": [
          "HIGH_SCENE_ANOMALY",
          "SPATIAL_ANOMALY",
          "CYCLICAL_REVERSAL_DAMPENED"
        ],
        "overall_anomaly": 0.7126,
        "headline": "Pronounced localized spectral change anomaly"
      }
    },
    {
      "type": "Feature",
      "geometry": {
        "type": "Point",
        "coordinates": [
          78.388106,
          17.480214
        ]
      },
      "properties": {
        "grid_id": "HYD_0181",
        "rank": 605,
        "priority_score": 0.4274,
        "priority_level": "LOW",
        "recommendation": "ROUTINE_OBSERVATION",
        "period": "2020_2026",
        "reasons": [
          "HIGH_SCENE_ANOMALY",
          "SPATIAL_ANOMALY",
          "CYCLICAL_REVERSAL_DAMPENED"
        ],
        "overall_anomaly": 0.7155,
        "headline": "Pronounced localized spectral change anomaly"
      }
    },
    {
      "type": "Feature",
      "geometry": {
        "type": "Point",
        "coordinates": [
          78.54875,
          17.428068
        ]
      },
      "properties": {
        "grid_id": "HYD_0731",
        "rank": 606,
        "priority_score": 0.4273,
        "priority_level": "LOW",
        "recommendation": "ROUTINE_OBSERVATION",
        "period": "2020_2026",
        "reasons": [
          "SPATIAL_ANOMALY",
          "CYCLICAL_REVERSAL_DAMPENED"
        ],
        "overall_anomaly": 0.6916,
        "headline": "Minor baseline surface variation"
      }
    },
    {
      "type": "Feature",
      "geometry": {
        "type": "Point",
        "coordinates": [
          78.459428,
          17.426948
        ]
      },
      "properties": {
        "grid_id": "HYD_0712",
        "rank": 607,
        "priority_score": 0.4265,
        "priority_level": "LOW",
        "recommendation": "ROUTINE_OBSERVATION",
        "period": "2020_2026",
        "reasons": [
          "HIGH_SCENE_ANOMALY",
          "SPATIAL_ANOMALY",
          "CYCLICAL_REVERSAL_DAMPENED"
        ],
        "overall_anomaly": 0.7035,
        "headline": "Pronounced localized spectral change anomaly"
      }
    },
    {
      "type": "Feature",
      "geometry": {
        "type": "Point",
        "coordinates": [
          78.361695,
          17.353427
        ]
      },
      "properties": {
        "grid_id": "HYD_1379",
        "rank": 608,
        "priority_score": 0.4263,
        "priority_level": "LOW",
        "recommendation": "ROUTINE_OBSERVATION",
        "period": "2020_2026",
        "reasons": [
          "HIGH_SCENE_ANOMALY",
          "SPATIAL_ANOMALY",
          "CYCLICAL_REVERSAL_DAMPENED"
        ],
        "overall_anomaly": 0.7191,
        "headline": "Pronounced localized spectral change anomaly"
      }
    },
    {
      "type": "Feature",
      "geometry": {
        "type": "Point",
        "coordinates": [
          78.440299,
          17.449283
        ]
      },
      "properties": {
        "grid_id": "HYD_0493",
        "rank": 609,
        "priority_score": 0.426,
        "priority_level": "LOW",
        "recommendation": "ROUTINE_OBSERVATION",
        "period": "2020_2026",
        "reasons": [
          "HIGH_SCENE_ANOMALY",
          "SPATIAL_ANOMALY",
          "CYCLICAL_REVERSAL_DAMPENED"
        ],
        "overall_anomaly": 0.7094,
        "headline": "Pronounced localized spectral change anomaly"
      }
    },
    {
      "type": "Feature",
      "geometry": {
        "type": "Point",
        "coordinates": [
          78.467961,
          17.49028
        ]
      },
      "properties": {
        "grid_id": "HYD_0112",
        "rank": 610,
        "priority_score": 0.4259,
        "priority_level": "LOW",
        "recommendation": "ROUTINE_OBSERVATION",
        "period": "2020_2026",
        "reasons": [
          "HIGH_SCENE_ANOMALY",
          "SPATIAL_ANOMALY",
          "CYCLICAL_REVERSAL_DAMPENED"
        ],
        "overall_anomaly": 0.7475,
        "headline": "Pronounced localized spectral change anomaly"
      }
    },
    {
      "type": "Feature",
      "geometry": {
        "type": "Point",
        "coordinates": [
          78.388235,
          17.471184
        ]
      },
      "properties": {
        "grid_id": "HYD_0267",
        "rank": 611,
        "priority_score": 0.4258,
        "priority_level": "LOW",
        "recommendation": "ROUTINE_OBSERVATION",
        "period": "2020_2026",
        "reasons": [
          "SPATIAL_ANOMALY",
          "VEGETATION_LOSS",
          "CYCLICAL_REVERSAL_DAMPENED"
        ],
        "overall_anomaly": 0.6964,
        "headline": "Minor baseline surface variation"
      }
    },
    {
      "type": "Feature",
      "geometry": {
        "type": "Point",
        "coordinates": [
          78.398156,
          17.435189
        ]
      },
      "properties": {
        "grid_id": "HYD_0613",
        "rank": 612,
        "priority_score": 0.4257,
        "priority_level": "LOW",
        "recommendation": "ROUTINE_OBSERVATION",
        "period": "2020_2026",
        "reasons": [
          "HIGH_SCENE_ANOMALY",
          "SPATIAL_ANOMALY",
          "CYCLICAL_REVERSAL_DAMPENED"
        ],
        "overall_anomaly": 0.7036,
        "headline": "Pronounced localized spectral change anomaly"
      }
    },
    {
      "type": "Feature",
      "geometry": {
        "type": "Point",
        "coordinates": [
          78.402924,
          17.430735
        ]
      },
      "properties": {
        "grid_id": "HYD_0657",
        "rank": 613,
        "priority_score": 0.4257,
        "priority_level": "LOW",
        "recommendation": "ROUTINE_OBSERVATION",
        "period": "2020_2026",
        "reasons": [
          "SPATIAL_ANOMALY",
          "CYCLICAL_REVERSAL_DAMPENED"
        ],
        "overall_anomaly": 0.6999,
        "headline": "Minor baseline surface variation"
      }
    },
    {
      "type": "Feature",
      "geometry": {
        "type": "Point",
        "coordinates": [
          78.487154,
          17.463428
        ]
      },
      "properties": {
        "grid_id": "HYD_0374",
        "rank": 614,
        "priority_score": 0.4257,
        "priority_level": "LOW",
        "recommendation": "ROUTINE_OBSERVATION",
        "period": "2020_2026",
        "reasons": [
          "SPATIAL_ANOMALY",
          "VEG_BUILTUP_COHERENCE",
          "VEGETATION_LOSS",
          "CYCLICAL_REVERSAL_DAMPENED"
        ],
        "overall_anomaly": 0.6898,
        "headline": "Minor baseline surface variation"
      }
    },
    {
      "type": "Feature",
      "geometry": {
        "type": "Point",
        "coordinates": [
          78.383788,
          17.453063
        ]
      },
      "properties": {
        "grid_id": "HYD_0438",
        "rank": 615,
        "priority_score": 0.4253,
        "priority_level": "LOW",
        "recommendation": "ROUTINE_OBSERVATION",
        "period": "2020_2026",
        "reasons": [
          "HIGH_SCENE_ANOMALY",
          "SPATIAL_ANOMALY",
          "CYCLICAL_REVERSAL_DAMPENED"
        ],
        "overall_anomaly": 0.7096,
        "headline": "Pronounced localized spectral change anomaly"
      }
    },
    {
      "type": "Feature",
      "geometry": {
        "type": "Point",
        "coordinates": [
          78.351188,
          17.430054
        ]
      },
      "properties": {
        "grid_id": "HYD_0646",
        "rank": 616,
        "priority_score": 0.4251,
        "priority_level": "LOW",
        "recommendation": "ROUTINE_OBSERVATION",
        "period": "2020_2026",
        "reasons": [
          "HIGH_SCENE_ANOMALY",
          "SPATIAL_ANOMALY",
          "CYCLICAL_REVERSAL_DAMPENED"
        ],
        "overall_anomaly": 0.7043,
        "headline": "Pronounced localized spectral change anomaly"
      }
    },
    {
      "type": "Feature",
      "geometry": {
        "type": "Point",
        "coordinates": [
          78.422813,
          17.354225
        ]
      },
      "properties": {
        "grid_id": "HYD_1392",
        "rank": 617,
        "priority_score": 0.425,
        "priority_level": "LOW",
        "recommendation": "ROUTINE_OBSERVATION",
        "period": "2020_2026",
        "reasons": [
          "HIGH_SCENE_ANOMALY",
          "SPATIAL_ANOMALY",
          "CYCLICAL_REVERSAL_DAMPENED"
        ],
        "overall_anomaly": 0.7056,
        "headline": "Pronounced localized spectral change anomaly"
      }
    },
    {
      "type": "Feature",
      "geometry": {
        "type": "Point",
        "coordinates": [
          78.370518,
          17.394185
        ]
      },
      "properties": {
        "grid_id": "HYD_0994",
        "rank": 618,
        "priority_score": 0.4247,
        "priority_level": "LOW",
        "recommendation": "ROUTINE_OBSERVATION",
        "period": "2020_2026",
        "reasons": [
          "HIGH_SCENE_ANOMALY",
          "SPATIAL_ANOMALY",
          "CYCLICAL_REVERSAL_DAMPENED"
        ],
        "overall_anomaly": 0.7379,
        "headline": "Pronounced localized spectral change anomaly"
      }
    },
    {
      "type": "Feature",
      "geometry": {
        "type": "Point",
        "coordinates": [
          78.525096,
          17.441324
        ]
      },
      "properties": {
        "grid_id": "HYD_0597",
        "rank": 619,
        "priority_score": 0.4245,
        "priority_level": "LOW",
        "recommendation": "ROUTINE_OBSERVATION",
        "period": "2020_2026",
        "reasons": [
          "SPATIAL_ANOMALY",
          "VEGETATION_LOSS",
          "CYCLICAL_REVERSAL_DAMPENED"
        ],
        "overall_anomaly": 0.6808,
        "headline": "Minor baseline surface variation"
      }
    },
    {
      "type": "Feature",
      "geometry": {
        "type": "Point",
        "coordinates": [
          78.487587,
          17.431822
        ]
      },
      "properties": {
        "grid_id": "HYD_0675",
        "rank": 620,
        "priority_score": 0.4244,
        "priority_level": "LOW",
        "recommendation": "ROUTINE_OBSERVATION",
        "period": "2020_2026",
        "reasons": [
          "SPATIAL_ANOMALY",
          "VEGETATION_LOSS",
          "CYCLICAL_REVERSAL_DAMPENED"
        ],
        "overall_anomaly": 0.695,
        "headline": "Minor baseline surface variation"
      }
    },
    {
      "type": "Feature",
      "geometry": {
        "type": "Point",
        "coordinates": [
          78.357052,
          17.349302
        ]
      },
      "properties": {
        "grid_id": "HYD_1421",
        "rank": 621,
        "priority_score": 0.4239,
        "priority_level": "LOW",
        "recommendation": "ROUTINE_OBSERVATION",
        "period": "2020_2026",
        "reasons": [
          "SPATIAL_ANOMALY"
        ],
        "overall_anomaly": 0.6993,
        "headline": "Minor baseline surface variation"
      }
    },
    {
      "type": "Feature",
      "geometry": {
        "type": "Point",
        "coordinates": [
          78.365751,
          17.398637
        ]
      },
      "properties": {
        "grid_id": "HYD_0950",
        "rank": 622,
        "priority_score": 0.4238,
        "priority_level": "LOW",
        "recommendation": "ROUTINE_OBSERVATION",
        "period": "2020_2026",
        "reasons": [
          "HIGH_SCENE_ANOMALY",
          "SPATIAL_ANOMALY",
          "CYCLICAL_REVERSAL_DAMPENED"
        ],
        "overall_anomaly": 0.7168,
        "headline": "Pronounced localized spectral change anomaly"
      }
    },
    {
      "type": "Feature",
      "geometry": {
        "type": "Point",
        "coordinates": [
          78.389071,
          17.412491
        ]
      },
      "properties": {
        "grid_id": "HYD_0826",
        "rank": 623,
        "priority_score": 0.4238,
        "priority_level": "LOW",
        "recommendation": "ROUTINE_OBSERVATION",
        "period": "2020_2026",
        "reasons": [
          "SPATIAL_ANOMALY",
          "CYCLICAL_REVERSAL_DAMPENED"
        ],
        "overall_anomaly": 0.6983,
        "headline": "Minor baseline surface variation"
      }
    },
    {
      "type": "Feature",
      "geometry": {
        "type": "Point",
        "coordinates": [
          78.493215,
          17.364152
        ]
      },
      "properties": {
        "grid_id": "HYD_1321",
        "rank": 624,
        "priority_score": 0.4236,
        "priority_level": "LOW",
        "recommendation": "ROUTINE_OBSERVATION",
        "period": "2020_2026",
        "reasons": [
          "HIGH_SCENE_ANOMALY",
          "SPATIAL_ANOMALY",
          "VEG_BUILTUP_COHERENCE"
        ],
        "overall_anomaly": 0.71,
        "headline": "Coherent multi-spectral land-cover alteration"
      }
    },
    {
      "type": "Feature",
      "geometry": {
        "type": "Point",
        "coordinates": [
          78.388363,
          17.462155
        ]
      },
      "properties": {
        "grid_id": "HYD_0353",
        "rank": 625,
        "priority_score": 0.4234,
        "priority_level": "LOW",
        "recommendation": "ROUTINE_OBSERVATION",
        "period": "2020_2026",
        "reasons": [
          "HIGH_SCENE_ANOMALY",
          "SPATIAL_ANOMALY",
          "CYCLICAL_REVERSAL_DAMPENED"
        ],
        "overall_anomaly": 0.7121,
        "headline": "Pronounced localized spectral change anomaly"
      }
    },
    {
      "type": "Feature",
      "geometry": {
        "type": "Point",
        "coordinates": [
          78.436163,
          17.408587
        ]
      },
      "properties": {
        "grid_id": "HYD_0879",
        "rank": 626,
        "priority_score": 0.4234,
        "priority_level": "LOW",
        "recommendation": "ROUTINE_OBSERVATION",
        "period": "2020_2026",
        "reasons": [
          "SPATIAL_ANOMALY",
          "VEGETATION_LOSS",
          "CYCLICAL_REVERSAL_DAMPENED"
        ],
        "overall_anomaly": 0.691,
        "headline": "Minor baseline surface variation"
      }
    },
    {
      "type": "Feature",
      "geometry": {
        "type": "Point",
        "coordinates": [
          78.492723,
          17.400274
        ]
      },
      "properties": {
        "grid_id": "HYD_0977",
        "rank": 627,
        "priority_score": 0.4233,
        "priority_level": "LOW",
        "recommendation": "ROUTINE_OBSERVATION",
        "period": "2020_2026",
        "reasons": [
          "HIGH_SCENE_ANOMALY",
          "SPATIAL_ANOMALY"
        ],
        "overall_anomaly": 0.7098,
        "headline": "Pronounced localized spectral change anomaly"
      }
    },
    {
      "type": "Feature",
      "geometry": {
        "type": "Point",
        "coordinates": [
          78.389135,
          17.407976
        ]
      },
      "properties": {
        "grid_id": "HYD_0869",
        "rank": 628,
        "priority_score": 0.4231,
        "priority_level": "LOW",
        "recommendation": "ROUTINE_OBSERVATION",
        "period": "2020_2026",
        "reasons": [
          "HIGH_SCENE_ANOMALY",
          "SPATIAL_ANOMALY",
          "CYCLICAL_REVERSAL_DAMPENED"
        ],
        "overall_anomaly": 0.7282,
        "headline": "Pronounced localized spectral change anomaly"
      }
    },
    {
      "type": "Feature",
      "geometry": {
        "type": "Point",
        "coordinates": [
          78.521488,
          17.359989
        ]
      },
      "properties": {
        "grid_id": "HYD_1370",
        "rank": 629,
        "priority_score": 0.423,
        "priority_level": "LOW",
        "recommendation": "ROUTINE_OBSERVATION",
        "period": "2020_2026",
        "reasons": [
          "SPATIAL_ANOMALY",
          "VEGETATION_LOSS",
          "CYCLICAL_REVERSAL_DAMPENED"
        ],
        "overall_anomaly": 0.6966,
        "headline": "Minor baseline surface variation"
      }
    },
    {
      "type": "Feature",
      "geometry": {
        "type": "Point",
        "coordinates": [
          78.416652,
          17.458009
        ]
      },
      "properties": {
        "grid_id": "HYD_0402",
        "rank": 630,
        "priority_score": 0.4229,
        "priority_level": "LOW",
        "recommendation": "ROUTINE_OBSERVATION",
        "period": "2020_2026",
        "reasons": [
          "HIGH_SCENE_ANOMALY",
          "SPATIAL_ANOMALY",
          "CYCLICAL_REVERSAL_DAMPENED"
        ],
        "overall_anomaly": 0.7189,
        "headline": "Pronounced localized spectral change anomaly"
      }
    },
    {
      "type": "Feature",
      "geometry": {
        "type": "Point",
        "coordinates": [
          78.389455,
          17.385402
        ]
      },
      "properties": {
        "grid_id": "HYD_1084",
        "rank": 631,
        "priority_score": 0.4226,
        "priority_level": "LOW",
        "recommendation": "ROUTINE_OBSERVATION",
        "period": "2020_2026",
        "reasons": [
          "SPATIAL_ANOMALY",
          "VEG_BUILTUP_COHERENCE",
          "CYCLICAL_REVERSAL_DAMPENED"
        ],
        "overall_anomaly": 0.6874,
        "headline": "Minor baseline surface variation"
      }
    },
    {
      "type": "Feature",
      "geometry": {
        "type": "Point",
        "coordinates": [
          78.430701,
          17.462706
        ]
      },
      "properties": {
        "grid_id": "HYD_0362",
        "rank": 632,
        "priority_score": 0.4223,
        "priority_level": "LOW",
        "recommendation": "ROUTINE_OBSERVATION",
        "period": "2020_2026",
        "reasons": [
          "SPATIAL_ANOMALY",
          "CYCLICAL_REVERSAL_DAMPENED"
        ],
        "overall_anomaly": 0.684,
        "headline": "Minor baseline surface variation"
      }
    },
    {
      "type": "Feature",
      "geometry": {
        "type": "Point",
        "coordinates": [
          78.458677,
          17.48113
        ]
      },
      "properties": {
        "grid_id": "HYD_0196",
        "rank": 633,
        "priority_score": 0.4223,
        "priority_level": "LOW",
        "recommendation": "ROUTINE_OBSERVATION",
        "period": "2020_2026",
        "reasons": [
          "SPATIAL_ANOMALY",
          "VEG_BUILTUP_COHERENCE",
          "VEGETATION_LOSS",
          "CYCLICAL_REVERSAL_DAMPENED"
        ],
        "overall_anomaly": 0.664,
        "headline": "Minor baseline surface variation"
      }
    },
    {
      "type": "Feature",
      "geometry": {
        "type": "Point",
        "coordinates": [
          78.38817,
          17.475699
        ]
      },
      "properties": {
        "grid_id": "HYD_0224",
        "rank": 634,
        "priority_score": 0.4222,
        "priority_level": "LOW",
        "recommendation": "ROUTINE_OBSERVATION",
        "period": "2020_2026",
        "reasons": [
          "HIGH_SCENE_ANOMALY",
          "SPATIAL_ANOMALY",
          "CYCLICAL_REVERSAL_DAMPENED"
        ],
        "overall_anomaly": 0.7123,
        "headline": "Pronounced localized spectral change anomaly"
      }
    },
    {
      "type": "Feature",
      "geometry": {
        "type": "Point",
        "coordinates": [
          78.491982,
          17.454457
        ]
      },
      "properties": {
        "grid_id": "HYD_0461",
        "rank": 635,
        "priority_score": 0.4222,
        "priority_level": "LOW",
        "recommendation": "ROUTINE_OBSERVATION",
        "period": "2020_2026",
        "reasons": [
          "SPATIAL_ANOMALY",
          "VEG_BUILTUP_COHERENCE",
          "VEGETATION_LOSS",
          "CYCLICAL_REVERSAL_DAMPENED"
        ],
        "overall_anomaly": 0.6673,
        "headline": "Minor baseline surface variation"
      }
    },
    {
      "type": "Feature",
      "geometry": {
        "type": "Point",
        "coordinates": [
          78.374833,
          17.421336
        ]
      },
      "properties": {
        "grid_id": "HYD_0737",
        "rank": 636,
        "priority_score": 0.4221,
        "priority_level": "LOW",
        "recommendation": "ROUTINE_OBSERVATION",
        "period": "2020_2026",
        "reasons": [
          "HIGH_SCENE_ANOMALY",
          "SPATIAL_ANOMALY",
          "CYCLICAL_REVERSAL_DAMPENED"
        ],
        "overall_anomaly": 0.7573,
        "headline": "Pronounced localized spectral change anomaly"
      }
    },
    {
      "type": "Feature",
      "geometry": {
        "type": "Point",
        "coordinates": [
          78.384625,
          17.39437
        ]
      },
      "properties": {
        "grid_id": "HYD_0997",
        "rank": 637,
        "priority_score": 0.422,
        "priority_level": "LOW",
        "recommendation": "ROUTINE_OBSERVATION",
        "period": "2020_2026",
        "reasons": [
          "HIGH_SCENE_ANOMALY",
          "SPATIAL_ANOMALY",
          "CYCLICAL_REVERSAL_DAMPENED"
        ],
        "overall_anomaly": 0.7099,
        "headline": "Pronounced localized spectral change anomaly"
      }
    },
    {
      "type": "Feature",
      "geometry": {
        "type": "Point",
        "coordinates": [
          78.350731,
          17.461657
        ]
      },
      "properties": {
        "grid_id": "HYD_0345",
        "rank": 638,
        "priority_score": 0.4215,
        "priority_level": "LOW",
        "recommendation": "ROUTINE_OBSERVATION",
        "period": "2020_2026",
        "reasons": [
          "HIGH_SCENE_ANOMALY",
          "SPATIAL_ANOMALY",
          "CYCLICAL_REVERSAL_DAMPENED"
        ],
        "overall_anomaly": 0.7217,
        "headline": "Pronounced localized spectral change anomaly"
      }
    },
    {
      "type": "Feature",
      "geometry": {
        "type": "Point",
        "coordinates": [
          78.403689,
          17.376556
        ]
      },
      "properties": {
        "grid_id": "HYD_1173",
        "rank": 639,
        "priority_score": 0.4215,
        "priority_level": "LOW",
        "recommendation": "ROUTINE_OBSERVATION",
        "period": "2020_2026",
        "reasons": [
          "HIGH_SCENE_ANOMALY",
          "SPATIAL_ANOMALY",
          "CYCLICAL_REVERSAL_DAMPENED"
        ],
        "overall_anomaly": 0.7003,
        "headline": "Pronounced localized spectral change anomaly"
      }
    },
    {
      "type": "Feature",
      "geometry": {
        "type": "Point",
        "coordinates": [
          78.507076,
          17.38239
        ]
      },
      "properties": {
        "grid_id": "HYD_1152",
        "rank": 640,
        "priority_score": 0.4214,
        "priority_level": "LOW",
        "recommendation": "ROUTINE_OBSERVATION",
        "period": "2020_2026",
        "reasons": [
          "SPATIAL_ANOMALY",
          "CYCLICAL_REVERSAL_DAMPENED"
        ],
        "overall_anomaly": 0.6805,
        "headline": "Minor baseline surface variation"
      }
    },
    {
      "type": "Feature",
      "geometry": {
        "type": "Point",
        "coordinates": [
          78.436289,
          17.399557
        ]
      },
      "properties": {
        "grid_id": "HYD_0965",
        "rank": 641,
        "priority_score": 0.4213,
        "priority_level": "LOW",
        "recommendation": "ROUTINE_OBSERVATION",
        "period": "2020_2026",
        "reasons": [
          "SPATIAL_ANOMALY",
          "VEG_BUILTUP_COHERENCE",
          "VEGETATION_LOSS",
          "CYCLICAL_REVERSAL_DAMPENED"
        ],
        "overall_anomaly": 0.6595,
        "headline": "Minor baseline surface variation"
      }
    },
    {
      "type": "Feature",
      "geometry": {
        "type": "Point",
        "coordinates": [
          78.384817,
          17.380826
        ]
      },
      "properties": {
        "grid_id": "HYD_1126",
        "rank": 642,
        "priority_score": 0.4211,
        "priority_level": "LOW",
        "recommendation": "ROUTINE_OBSERVATION",
        "period": "2020_2026",
        "reasons": [
          "HIGH_SCENE_ANOMALY",
          "CYCLICAL_REVERSAL_DAMPENED"
        ],
        "overall_anomaly": 0.7053,
        "headline": "Pronounced scene-level change anomaly"
      }
    },
    {
      "type": "Feature",
      "geometry": {
        "type": "Point",
        "coordinates": [
          78.449015,
          17.499069
        ]
      },
      "properties": {
        "grid_id": "HYD_0022",
        "rank": 643,
        "priority_score": 0.4207,
        "priority_level": "LOW",
        "recommendation": "ROUTINE_OBSERVATION",
        "period": "2020_2026",
        "reasons": [
          "HIGH_SCENE_ANOMALY",
          "SPATIAL_ANOMALY",
          "CYCLICAL_REVERSAL_DAMPENED"
        ],
        "overall_anomaly": 0.7522,
        "headline": "Pronounced localized spectral change anomaly"
      }
    },
    {
      "type": "Feature",
      "geometry": {
        "type": "Point",
        "coordinates": [
          78.383659,
          17.462093
        ]
      },
      "properties": {
        "grid_id": "HYD_0352",
        "rank": 644,
        "priority_score": 0.4207,
        "priority_level": "LOW",
        "recommendation": "ROUTINE_OBSERVATION",
        "period": "2020_2026",
        "reasons": [
          "HIGH_SCENE_ANOMALY",
          "SPATIAL_ANOMALY",
          "CYCLICAL_REVERSAL_DAMPENED"
        ],
        "overall_anomaly": 0.7226,
        "headline": "Pronounced localized spectral change anomaly"
      }
    },
    {
      "type": "Feature",
      "geometry": {
        "type": "Point",
        "coordinates": [
          78.539147,
          17.446014
        ]
      },
      "properties": {
        "grid_id": "HYD_0557",
        "rank": 645,
        "priority_score": 0.4206,
        "priority_level": "LOW",
        "recommendation": "ROUTINE_OBSERVATION",
        "period": "2020_2026",
        "reasons": [
          "SPATIAL_ANOMALY",
          "VEG_BUILTUP_COHERENCE",
          "CYCLICAL_REVERSAL_DAMPENED"
        ],
        "overall_anomaly": 0.6833,
        "headline": "Minor baseline surface variation"
      }
    },
    {
      "type": "Feature",
      "geometry": {
        "type": "Point",
        "coordinates": [
          78.39822,
          17.430674
        ]
      },
      "properties": {
        "grid_id": "HYD_0656",
        "rank": 646,
        "priority_score": 0.4205,
        "priority_level": "LOW",
        "recommendation": "ROUTINE_OBSERVATION",
        "period": "2020_2026",
        "reasons": [
          "SPATIAL_ANOMALY",
          "VEGETATION_LOSS",
          "CYCLICAL_REVERSAL_DAMPENED"
        ],
        "overall_anomaly": 0.6948,
        "headline": "Minor baseline surface variation"
      }
    },
    {
      "type": "Feature",
      "geometry": {
        "type": "Point",
        "coordinates": [
          78.50628,
          17.441089
        ]
      },
      "properties": {
        "grid_id": "HYD_0593",
        "rank": 647,
        "priority_score": 0.42,
        "priority_level": "LOW",
        "recommendation": "ROUTINE_OBSERVATION",
        "period": "2020_2026",
        "reasons": [
          "SPATIAL_ANOMALY",
          "CYCLICAL_REVERSAL_DAMPENED"
        ],
        "overall_anomaly": 0.6984,
        "headline": "Minor baseline surface variation"
      }
    },
    {
      "type": "Feature",
      "geometry": {
        "type": "Point",
        "coordinates": [
          78.534504,
          17.44144
        ]
      },
      "properties": {
        "grid_id": "HYD_0599",
        "rank": 648,
        "priority_score": 0.4199,
        "priority_level": "LOW",
        "recommendation": "ROUTINE_OBSERVATION",
        "period": "2020_2026",
        "reasons": [
          "SPATIAL_ANOMALY",
          "VEG_BUILTUP_COHERENCE"
        ],
        "overall_anomaly": 0.6852,
        "headline": "Minor baseline surface variation"
      }
    },
    {
      "type": "Feature",
      "geometry": {
        "type": "Point",
        "coordinates": [
          78.477683,
          17.467824
        ]
      },
      "properties": {
        "grid_id": "HYD_0329",
        "rank": 649,
        "priority_score": 0.4197,
        "priority_level": "LOW",
        "recommendation": "ROUTINE_OBSERVATION",
        "period": "2020_2026",
        "reasons": [
          "SPATIAL_ANOMALY",
          "VEG_BUILTUP_COHERENCE",
          "VEGETATION_LOSS",
          "CYCLICAL_REVERSAL_DAMPENED"
        ],
        "overall_anomaly": 0.6888,
        "headline": "Minor baseline surface variation"
      }
    },
    {
      "type": "Feature",
      "geometry": {
        "type": "Point",
        "coordinates": [
          78.548207,
          17.468706
        ]
      },
      "properties": {
        "grid_id": "HYD_0344",
        "rank": 650,
        "priority_score": 0.4197,
        "priority_level": "LOW",
        "recommendation": "ROUTINE_OBSERVATION",
        "period": "2020_2026",
        "reasons": [
          "SPATIAL_ANOMALY",
          "VEGETATION_LOSS"
        ],
        "overall_anomaly": 0.6804,
        "headline": "Minor baseline surface variation"
      }
    },
    {
      "type": "Feature",
      "geometry": {
        "type": "Point",
        "coordinates": [
          78.524852,
          17.459385
        ]
      },
      "properties": {
        "grid_id": "HYD_0425",
        "rank": 651,
        "priority_score": 0.4195,
        "priority_level": "LOW",
        "recommendation": "ROUTINE_OBSERVATION",
        "period": "2020_2026",
        "reasons": [
          "SPATIAL_ANOMALY",
          "VEG_BUILTUP_COHERENCE",
          "VEGETATION_LOSS",
          "CYCLICAL_REVERSAL_DAMPENED"
        ],
        "overall_anomaly": 0.6838,
        "headline": "Minor baseline surface variation"
      }
    },
    {
      "type": "Feature",
      "geometry": {
        "type": "Point",
        "coordinates": [
          78.359683,
          17.493385
        ]
      },
      "properties": {
        "grid_id": "HYD_0046",
        "rank": 652,
        "priority_score": 0.4194,
        "priority_level": "LOW",
        "recommendation": "ROUTINE_OBSERVATION",
        "period": "2020_2026",
        "reasons": [
          "SPATIAL_ANOMALY",
          "CYCLICAL_REVERSAL_DAMPENED"
        ],
        "overall_anomaly": 0.6883,
        "headline": "Minor baseline surface variation"
      }
    },
    {
      "type": "Feature",
      "geometry": {
        "type": "Point",
        "coordinates": [
          78.35047,
          17.479716
        ]
      },
      "properties": {
        "grid_id": "HYD_0173",
        "rank": 653,
        "priority_score": 0.4193,
        "priority_level": "LOW",
        "recommendation": "ROUTINE_OBSERVATION",
        "period": "2020_2026",
        "reasons": [
          "HIGH_SCENE_ANOMALY",
          "SPATIAL_ANOMALY"
        ],
        "overall_anomaly": 0.7109,
        "headline": "Pronounced localized spectral change anomaly"
      }
    },
    {
      "type": "Feature",
      "geometry": {
        "type": "Point",
        "coordinates": [
          78.468586,
          17.445129
        ]
      },
      "properties": {
        "grid_id": "HYD_0542",
        "rank": 654,
        "priority_score": 0.4192,
        "priority_level": "LOW",
        "recommendation": "ROUTINE_OBSERVATION",
        "period": "2020_2026",
        "reasons": [
          "HIGH_SCENE_ANOMALY",
          "SPATIAL_ANOMALY",
          "CYCLICAL_REVERSAL_DAMPENED"
        ],
        "overall_anomaly": 0.7284,
        "headline": "Pronounced localized spectral change anomaly"
      }
    },
    {
      "type": "Feature",
      "geometry": {
        "type": "Point",
        "coordinates": [
          78.366455,
          17.349426
        ]
      },
      "properties": {
        "grid_id": "HYD_1423",
        "rank": 655,
        "priority_score": 0.4189,
        "priority_level": "LOW",
        "recommendation": "ROUTINE_OBSERVATION",
        "period": "2020_2026",
        "reasons": [
          "HIGH_SCENE_ANOMALY",
          "SPATIAL_ANOMALY",
          "CYCLICAL_REVERSAL_DAMPENED"
        ],
        "overall_anomaly": 0.713,
        "headline": "Pronounced localized spectral change anomaly"
      }
    },
    {
      "type": "Feature",
      "geometry": {
        "type": "Point",
        "coordinates": [
          78.39326,
          17.448672
        ]
      },
      "properties": {
        "grid_id": "HYD_0483",
        "rank": 656,
        "priority_score": 0.4189,
        "priority_level": "LOW",
        "recommendation": "ROUTINE_OBSERVATION",
        "period": "2020_2026",
        "reasons": [
          "HIGH_SCENE_ANOMALY",
          "SPATIAL_ANOMALY",
          "VEGETATION_LOSS",
          "CYCLICAL_REVERSAL_DAMPENED"
        ],
        "overall_anomaly": 0.7026,
        "headline": "Pronounced localized spectral change anomaly"
      }
    },
    {
      "type": "Feature",
      "geometry": {
        "type": "Point",
        "coordinates": [
          78.360009,
          17.470811
        ]
      },
      "properties": {
        "grid_id": "HYD_0261",
        "rank": 657,
        "priority_score": 0.4188,
        "priority_level": "LOW",
        "recommendation": "ROUTINE_OBSERVATION",
        "period": "2020_2026",
        "reasons": [
          "HIGH_SCENE_ANOMALY",
          "SPATIAL_ANOMALY",
          "CYCLICAL_REVERSAL_DAMPENED"
        ],
        "overall_anomaly": 0.7062,
        "headline": "Pronounced localized spectral change anomaly"
      }
    },
    {
      "type": "Feature",
      "geometry": {
        "type": "Point",
        "coordinates": [
          78.474097,
          17.386491
        ]
      },
      "properties": {
        "grid_id": "HYD_1102",
        "rank": 658,
        "priority_score": 0.4186,
        "priority_level": "LOW",
        "recommendation": "ROUTINE_OBSERVATION",
        "period": "2020_2026",
        "reasons": [
          "HIGH_SCENE_ANOMALY",
          "SPATIAL_ANOMALY",
          "CYCLICAL_REVERSAL_DAMPENED"
        ],
        "overall_anomaly": 0.7039,
        "headline": "Pronounced localized spectral change anomaly"
      }
    },
    {
      "type": "Feature",
      "geometry": {
        "type": "Point",
        "coordinates": [
          78.408391,
          17.376617
        ]
      },
      "properties": {
        "grid_id": "HYD_1174",
        "rank": 659,
        "priority_score": 0.4185,
        "priority_level": "LOW",
        "recommendation": "ROUTINE_OBSERVATION",
        "period": "2020_2026",
        "reasons": [
          "HIGH_SCENE_ANOMALY",
          "SPATIAL_ANOMALY",
          "CYCLICAL_REVERSAL_DAMPENED"
        ],
        "overall_anomaly": 0.7078,
        "headline": "Pronounced localized spectral change anomaly"
      }
    },
    {
      "type": "Feature",
      "geometry": {
        "type": "Point",
        "coordinates": [
          78.435974,
          17.422132
        ]
      },
      "properties": {
        "grid_id": "HYD_0750",
        "rank": 660,
        "priority_score": 0.4184,
        "priority_level": "LOW",
        "recommendation": "ROUTINE_OBSERVATION",
        "period": "2020_2026",
        "reasons": [
          "SPATIAL_ANOMALY",
          "VEGETATION_LOSS",
          "CYCLICAL_REVERSAL_DAMPENED"
        ],
        "overall_anomaly": 0.6847,
        "headline": "Minor baseline surface variation"
      }
    },
    {
      "type": "Feature",
      "geometry": {
        "type": "Point",
        "coordinates": [
          78.356994,
          17.353365
        ]
      },
      "properties": {
        "grid_id": "HYD_1378",
        "rank": 661,
        "priority_score": 0.4182,
        "priority_level": "LOW",
        "recommendation": "ROUTINE_OBSERVATION",
        "period": "2020_2026",
        "reasons": [
          "HIGH_SCENE_ANOMALY",
          "SPATIAL_ANOMALY",
          "CYCLICAL_REVERSAL_DAMPENED"
        ],
        "overall_anomaly": 0.72,
        "headline": "Pronounced localized spectral change anomaly"
      }
    },
    {
      "type": "Feature",
      "geometry": {
        "type": "Point",
        "coordinates": [
          78.486968,
          17.476974
        ]
      },
      "properties": {
        "grid_id": "HYD_0245",
        "rank": 662,
        "priority_score": 0.4181,
        "priority_level": "LOW",
        "recommendation": "ROUTINE_OBSERVATION",
        "period": "2020_2026",
        "reasons": [
          "SPATIAL_ANOMALY",
          "VEGETATION_LOSS"
        ],
        "overall_anomaly": 0.6889,
        "headline": "Minor baseline surface variation"
      }
    },
    {
      "type": "Feature",
      "geometry": {
        "type": "Point",
        "coordinates": [
          78.412649,
          17.408283
        ]
      },
      "properties": {
        "grid_id": "HYD_0874",
        "rank": 663,
        "priority_score": 0.4179,
        "priority_level": "LOW",
        "recommendation": "ROUTINE_OBSERVATION",
        "period": "2020_2026",
        "reasons": [
          "SPATIAL_ANOMALY"
        ],
        "overall_anomaly": 0.6823,
        "headline": "Minor baseline surface variation"
      }
    },
    {
      "type": "Feature",
      "geometry": {
        "type": "Point",
        "coordinates": [
          78.431712,
          17.390466
        ]
      },
      "properties": {
        "grid_id": "HYD_1050",
        "rank": 664,
        "priority_score": 0.4179,
        "priority_level": "LOW",
        "recommendation": "ROUTINE_OBSERVATION",
        "period": "2020_2026",
        "reasons": [
          "SPATIAL_ANOMALY",
          "CYCLICAL_REVERSAL_DAMPENED"
        ],
        "overall_anomaly": 0.6743,
        "headline": "Minor baseline surface variation"
      }
    },
    {
      "type": "Feature",
      "geometry": {
        "type": "Point",
        "coordinates": [
          78.370195,
          17.416759
        ]
      },
      "properties": {
        "grid_id": "HYD_0779",
        "rank": 665,
        "priority_score": 0.4176,
        "priority_level": "LOW",
        "recommendation": "ROUTINE_OBSERVATION",
        "period": "2020_2026",
        "reasons": [
          "HIGH_SCENE_ANOMALY",
          "SPATIAL_ANOMALY",
          "CYCLICAL_REVERSAL_DAMPENED"
        ],
        "overall_anomaly": 0.7003,
        "headline": "Pronounced localized spectral change anomaly"
      }
    },
    {
      "type": "Feature",
      "geometry": {
        "type": "Point",
        "coordinates": [
          78.350339,
          17.488745
        ]
      },
      "properties": {
        "grid_id": "HYD_0087",
        "rank": 666,
        "priority_score": 0.4176,
        "priority_level": "LOW",
        "recommendation": "ROUTINE_OBSERVATION",
        "period": "2020_2026",
        "reasons": [
          "SPATIAL_ANOMALY",
          "VEGETATION_LOSS",
          "CYCLICAL_REVERSAL_DAMPENED"
        ],
        "overall_anomaly": 0.6916,
        "headline": "Minor baseline surface variation"
      }
    },
    {
      "type": "Feature",
      "geometry": {
        "type": "Point",
        "coordinates": [
          78.434962,
          17.494372
        ]
      },
      "properties": {
        "grid_id": "HYD_0062",
        "rank": 667,
        "priority_score": 0.4175,
        "priority_level": "LOW",
        "recommendation": "ROUTINE_OBSERVATION",
        "period": "2020_2026",
        "reasons": [
          "SPATIAL_ANOMALY",
          "CYCLICAL_REVERSAL_DAMPENED"
        ],
        "overall_anomaly": 0.6866,
        "headline": "Minor baseline surface variation"
      }
    },
    {
      "type": "Feature",
      "geometry": {
        "type": "Point",
        "coordinates": [
          78.388685,
          17.43958
        ]
      },
      "properties": {
        "grid_id": "HYD_0568",
        "rank": 668,
        "priority_score": 0.4174,
        "priority_level": "LOW",
        "recommendation": "ROUTINE_OBSERVATION",
        "period": "2020_2026",
        "reasons": [
          "SPATIAL_ANOMALY",
          "CYCLICAL_REVERSAL_DAMPENED"
        ],
        "overall_anomaly": 0.6905,
        "headline": "Minor baseline surface variation"
      }
    },
    {
      "type": "Feature",
      "geometry": {
        "type": "Point",
        "coordinates": [
          78.412394,
          17.426343
        ]
      },
      "properties": {
        "grid_id": "HYD_0702",
        "rank": 669,
        "priority_score": 0.4173,
        "priority_level": "LOW",
        "recommendation": "ROUTINE_OBSERVATION",
        "period": "2020_2026",
        "reasons": [
          "SPATIAL_ANOMALY",
          "CYCLICAL_REVERSAL_DAMPENED"
        ],
        "overall_anomaly": 0.6892,
        "headline": "Minor baseline surface variation"
      }
    },
    {
      "type": "Feature",
      "geometry": {
        "type": "Point",
        "coordinates": [
          78.383401,
          17.480152
        ]
      },
      "properties": {
        "grid_id": "HYD_0180",
        "rank": 670,
        "priority_score": 0.4168,
        "priority_level": "LOW",
        "recommendation": "ROUTINE_OBSERVATION",
        "period": "2020_2026",
        "reasons": [
          "HIGH_SCENE_ANOMALY",
          "SPATIAL_ANOMALY",
          "CYCLICAL_REVERSAL_DAMPENED"
        ],
        "overall_anomaly": 0.7122,
        "headline": "Pronounced localized spectral change anomaly"
      }
    },
    {
      "type": "Feature",
      "geometry": {
        "type": "Point",
        "coordinates": [
          78.361178,
          17.389546
        ]
      },
      "properties": {
        "grid_id": "HYD_1035",
        "rank": 671,
        "priority_score": 0.4168,
        "priority_level": "LOW",
        "recommendation": "ROUTINE_OBSERVATION",
        "period": "2020_2026",
        "reasons": [
          "SPATIAL_ANOMALY"
        ],
        "overall_anomaly": 0.6914,
        "headline": "Minor baseline surface variation"
      }
    },
    {
      "type": "Feature",
      "geometry": {
        "type": "Point",
        "coordinates": [
          78.420975,
          17.485159
        ]
      },
      "properties": {
        "grid_id": "HYD_0145",
        "rank": 672,
        "priority_score": 0.4167,
        "priority_level": "LOW",
        "recommendation": "ROUTINE_OBSERVATION",
        "period": "2020_2026",
        "reasons": [
          "HIGH_SCENE_ANOMALY",
          "SPATIAL_ANOMALY",
          "CYCLICAL_REVERSAL_DAMPENED"
        ],
        "overall_anomaly": 0.7059,
        "headline": "Pronounced localized spectral change anomaly"
      }
    },
    {
      "type": "Feature",
      "geometry": {
        "type": "Point",
        "coordinates": [
          78.397451,
          17.484852
        ]
      },
      "properties": {
        "grid_id": "HYD_0140",
        "rank": 673,
        "priority_score": 0.4167,
        "priority_level": "LOW",
        "recommendation": "ROUTINE_OBSERVATION",
        "period": "2020_2026",
        "reasons": [
          "HIGH_SCENE_ANOMALY",
          "SPATIAL_ANOMALY",
          "CYCLICAL_REVERSAL_DAMPENED"
        ],
        "overall_anomaly": 0.7044,
        "headline": "Pronounced localized spectral change anomaly"
      }
    },
    {
      "type": "Feature",
      "geometry": {
        "type": "Point",
        "coordinates": [
          78.444436,
          17.489979
        ]
      },
      "properties": {
        "grid_id": "HYD_0107",
        "rank": 674,
        "priority_score": 0.4167,
        "priority_level": "LOW",
        "recommendation": "ROUTINE_OBSERVATION",
        "period": "2020_2026",
        "reasons": [
          "SPATIAL_ANOMALY",
          "CYCLICAL_REVERSAL_DAMPENED"
        ],
        "overall_anomaly": 0.6991,
        "headline": "Minor baseline surface variation"
      }
    },
    {
      "type": "Feature",
      "geometry": {
        "type": "Point",
        "coordinates": [
          78.455724,
          17.354646
        ]
      },
      "properties": {
        "grid_id": "HYD_1399",
        "rank": 675,
        "priority_score": 0.4166,
        "priority_level": "LOW",
        "recommendation": "ROUTINE_OBSERVATION",
        "period": "2020_2026",
        "reasons": [
          "SPATIAL_ANOMALY"
        ],
        "overall_anomaly": 0.6951,
        "headline": "Minor baseline surface variation"
      }
    },
    {
      "type": "Feature",
      "geometry": {
        "type": "Point",
        "coordinates": [
          78.360464,
          17.439208
        ]
      },
      "properties": {
        "grid_id": "HYD_0562",
        "rank": 676,
        "priority_score": 0.4165,
        "priority_level": "LOW",
        "recommendation": "ROUTINE_OBSERVATION",
        "period": "2020_2026",
        "reasons": [
          "HIGH_SCENE_ANOMALY",
          "SPATIAL_ANOMALY",
          "CYCLICAL_REVERSAL_DAMPENED"
        ],
        "overall_anomaly": 0.7057,
        "headline": "Pronounced localized spectral change anomaly"
      }
    },
    {
      "type": "Feature",
      "geometry": {
        "type": "Point",
        "coordinates": [
          78.387912,
          17.493759
        ]
      },
      "properties": {
        "grid_id": "HYD_0052",
        "rank": 677,
        "priority_score": 0.4165,
        "priority_level": "LOW",
        "recommendation": "ROUTINE_OBSERVATION",
        "period": "2020_2026",
        "reasons": [
          "SPATIAL_ANOMALY",
          "CYCLICAL_REVERSAL_DAMPENED"
        ],
        "overall_anomaly": 0.6922,
        "headline": "Minor baseline surface variation"
      }
    },
    {
      "type": "Feature",
      "geometry": {
        "type": "Point",
        "coordinates": [
          78.534686,
          17.427894
        ]
      },
      "properties": {
        "grid_id": "HYD_0728",
        "rank": 678,
        "priority_score": 0.4165,
        "priority_level": "LOW",
        "recommendation": "ROUTINE_OBSERVATION",
        "period": "2020_2026",
        "reasons": [
          "SPATIAL_ANOMALY",
          "CYCLICAL_REVERSAL_DAMPENED"
        ],
        "overall_anomaly": 0.6915,
        "headline": "Minor baseline surface variation"
      }
    },
    {
      "type": "Feature",
      "geometry": {
        "type": "Point",
        "coordinates": [
          78.454097,
          17.472039
        ]
      },
      "properties": {
        "grid_id": "HYD_0281",
        "rank": 679,
        "priority_score": 0.4165,
        "priority_level": "LOW",
        "recommendation": "ROUTINE_OBSERVATION",
        "period": "2020_2026",
        "reasons": [
          "SPATIAL_ANOMALY",
          "VEG_BUILTUP_COHERENCE",
          "VEGETATION_LOSS",
          "CYCLICAL_REVERSAL_DAMPENED"
        ],
        "overall_anomaly": 0.6763,
        "headline": "Minor baseline surface variation"
      }
    },
    {
      "type": "Feature",
      "geometry": {
        "type": "Point",
        "coordinates": [
          78.35537,
          17.466234
        ]
      },
      "properties": {
        "grid_id": "HYD_0303",
        "rank": 680,
        "priority_score": 0.4164,
        "priority_level": "LOW",
        "recommendation": "ROUTINE_OBSERVATION",
        "period": "2020_2026",
        "reasons": [
          "HIGH_SCENE_ANOMALY",
          "SPATIAL_ANOMALY",
          "CYCLICAL_REVERSAL_DAMPENED"
        ],
        "overall_anomaly": 0.7228,
        "headline": "Pronounced localized spectral change anomaly"
      }
    },
    {
      "type": "Feature",
      "geometry": {
        "type": "Point",
        "coordinates": [
          78.393389,
          17.439642
        ]
      },
      "properties": {
        "grid_id": "HYD_0569",
        "rank": 681,
        "priority_score": 0.4161,
        "priority_level": "LOW",
        "recommendation": "ROUTINE_OBSERVATION",
        "period": "2020_2026",
        "reasons": [
          "SPATIAL_ANOMALY",
          "CYCLICAL_REVERSAL_DAMPENED"
        ],
        "overall_anomaly": 0.6966,
        "headline": "Minor baseline surface variation"
      }
    },
    {
      "type": "Feature",
      "geometry": {
        "type": "Point",
        "coordinates": [
          78.49192,
          17.458972
        ]
      },
      "properties": {
        "grid_id": "HYD_0418",
        "rank": 682,
        "priority_score": 0.4159,
        "priority_level": "LOW",
        "recommendation": "ROUTINE_OBSERVATION",
        "period": "2020_2026",
        "reasons": [
          "SPATIAL_ANOMALY"
        ],
        "overall_anomaly": 0.6861,
        "headline": "Minor baseline surface variation"
      }
    },
    {
      "type": "Feature",
      "geometry": {
        "type": "Point",
        "coordinates": [
          78.360334,
          17.448238
        ]
      },
      "properties": {
        "grid_id": "HYD_0476",
        "rank": 683,
        "priority_score": 0.4157,
        "priority_level": "LOW",
        "recommendation": "ROUTINE_OBSERVATION",
        "period": "2020_2026",
        "reasons": [
          "HIGH_SCENE_ANOMALY",
          "SPATIAL_ANOMALY",
          "CYCLICAL_REVERSAL_DAMPENED"
        ],
        "overall_anomaly": 0.7074,
        "headline": "Pronounced localized spectral change anomaly"
      }
    },
    {
      "type": "Feature",
      "geometry": {
        "type": "Point",
        "coordinates": [
          78.51642,
          17.387022
        ]
      },
      "properties": {
        "grid_id": "HYD_1111",
        "rank": 684,
        "priority_score": 0.4156,
        "priority_level": "LOW",
        "recommendation": "ROUTINE_OBSERVATION",
        "period": "2020_2026",
        "reasons": [
          "SPATIAL_ANOMALY",
          "VEGETATION_LOSS",
          "CYCLICAL_REVERSAL_DAMPENED"
        ],
        "overall_anomaly": 0.6973,
        "headline": "Minor baseline surface variation"
      }
    },
    {
      "type": "Feature",
      "geometry": {
        "type": "Point",
        "coordinates": [
          78.403115,
          17.417191
        ]
      },
      "properties": {
        "grid_id": "HYD_0786",
        "rank": 685,
        "priority_score": 0.4156,
        "priority_level": "LOW",
        "recommendation": "ROUTINE_OBSERVATION",
        "period": "2020_2026",
        "reasons": [
          "SPATIAL_ANOMALY",
          "CYCLICAL_REVERSAL_DAMPENED"
        ],
        "overall_anomaly": 0.6947,
        "headline": "Minor baseline surface variation"
      }
    },
    {
      "type": "Feature",
      "geometry": {
        "type": "Point",
        "coordinates": [
          78.493337,
          17.355122
        ]
      },
      "properties": {
        "grid_id": "HYD_1407",
        "rank": 686,
        "priority_score": 0.4155,
        "priority_level": "LOW",
        "recommendation": "ROUTINE_OBSERVATION",
        "period": "2020_2026",
        "reasons": [
          "SPATIAL_ANOMALY"
        ],
        "overall_anomaly": 0.6692,
        "headline": "Minor baseline surface variation"
      }
    },
    {
      "type": "Feature",
      "geometry": {
        "type": "Point",
        "coordinates": [
          78.525886,
          17.382624
        ]
      },
      "properties": {
        "grid_id": "HYD_1156",
        "rank": 687,
        "priority_score": 0.4154,
        "priority_level": "LOW",
        "recommendation": "ROUTINE_OBSERVATION",
        "period": "2020_2026",
        "reasons": [
          "SPATIAL_ANOMALY",
          "VEG_BUILTUP_COHERENCE",
          "VEGETATION_LOSS",
          "CYCLICAL_REVERSAL_DAMPENED"
        ],
        "overall_anomaly": 0.6729,
        "headline": "Minor baseline surface variation"
      }
    },
    {
      "type": "Feature",
      "geometry": {
        "type": "Point",
        "coordinates": [
          78.431207,
          17.426586
        ]
      },
      "properties": {
        "grid_id": "HYD_0706",
        "rank": 688,
        "priority_score": 0.4153,
        "priority_level": "LOW",
        "recommendation": "ROUTINE_OBSERVATION",
        "period": "2020_2026",
        "reasons": [
          "SPATIAL_ANOMALY",
          "CYCLICAL_REVERSAL_DAMPENED"
        ],
        "overall_anomaly": 0.682,
        "headline": "Minor baseline surface variation"
      }
    },
    {
      "type": "Feature",
      "geometry": {
        "type": "Point",
        "coordinates": [
          78.384432,
          17.407915
        ]
      },
      "properties": {
        "grid_id": "HYD_0868",
        "rank": 689,
        "priority_score": 0.4152,
        "priority_level": "LOW",
        "recommendation": "ROUTINE_OBSERVATION",
        "period": "2020_2026",
        "reasons": [
          "SPATIAL_ANOMALY",
          "CYCLICAL_REVERSAL_DAMPENED"
        ],
        "overall_anomaly": 0.6976,
        "headline": "Minor baseline surface variation"
      }
    },
    {
      "type": "Feature",
      "geometry": {
        "type": "Point",
        "coordinates": [
          78.440488,
          17.435738
        ]
      },
      "properties": {
        "grid_id": "HYD_0622",
        "rank": 690,
        "priority_score": 0.4149,
        "priority_level": "LOW",
        "recommendation": "ROUTINE_OBSERVATION",
        "period": "2020_2026",
        "reasons": [
          "SPATIAL_ANOMALY",
          "CYCLICAL_REVERSAL_DAMPENED"
        ],
        "overall_anomaly": 0.6956,
        "headline": "Minor baseline surface variation"
      }
    },
    {
      "type": "Feature",
      "geometry": {
        "type": "Point",
        "coordinates": [
          78.473227,
          17.449704
        ]
      },
      "properties": {
        "grid_id": "HYD_0500",
        "rank": 691,
        "priority_score": 0.4149,
        "priority_level": "LOW",
        "recommendation": "ROUTINE_OBSERVATION",
        "period": "2020_2026",
        "reasons": [
          "SPATIAL_ANOMALY",
          "CYCLICAL_REVERSAL_DAMPENED"
        ],
        "overall_anomaly": 0.6886,
        "headline": "Minor baseline surface variation"
      }
    },
    {
      "type": "Feature",
      "geometry": {
        "type": "Point",
        "coordinates": [
          78.496069,
          17.499668
        ]
      },
      "properties": {
        "grid_id": "HYD_0032",
        "rank": 692,
        "priority_score": 0.4148,
        "priority_level": "LOW",
        "recommendation": "ROUTINE_OBSERVATION",
        "period": "2020_2026",
        "reasons": [
          "HIGH_SCENE_ANOMALY",
          "SPATIAL_ANOMALY",
          "VEGETATION_LOSS",
          "CYCLICAL_REVERSAL_DAMPENED"
        ],
        "overall_anomaly": 0.7075,
        "headline": "Pronounced localized spectral change anomaly"
      }
    },
    {
      "type": "Feature",
      "geometry": {
        "type": "Point",
        "coordinates": [
          78.540115,
          17.373767
        ]
      },
      "properties": {
        "grid_id": "HYD_1245",
        "rank": 693,
        "priority_score": 0.4146,
        "priority_level": "LOW",
        "recommendation": "ROUTINE_OBSERVATION",
        "period": "2020_2026",
        "reasons": [
          "SPATIAL_ANOMALY",
          "CYCLICAL_REVERSAL_DAMPENED"
        ],
        "overall_anomaly": 0.6825,
        "headline": "Minor baseline surface variation"
      }
    },
    {
      "type": "Feature",
      "geometry": {
        "type": "Point",
        "coordinates": [
          78.468274,
          17.467704
        ]
      },
      "properties": {
        "grid_id": "HYD_0327",
        "rank": 694,
        "priority_score": 0.4145,
        "priority_level": "LOW",
        "recommendation": "ROUTINE_OBSERVATION",
        "period": "2020_2026",
        "reasons": [
          "HIGH_SCENE_ANOMALY",
          "SPATIAL_ANOMALY",
          "VEG_BUILTUP_COHERENCE",
          "VEGETATION_LOSS",
          "CYCLICAL_REVERSAL_DAMPENED"
        ],
        "overall_anomaly": 0.7105,
        "headline": "Coherent multi-spectral land-cover alteration"
      }
    },
    {
      "type": "Feature",
      "geometry": {
        "type": "Point",
        "coordinates": [
          78.473911,
          17.400037
        ]
      },
      "properties": {
        "grid_id": "HYD_0973",
        "rank": 695,
        "priority_score": 0.4145,
        "priority_level": "LOW",
        "recommendation": "ROUTINE_OBSERVATION",
        "period": "2020_2026",
        "reasons": [
          "SPATIAL_ANOMALY",
          "CYCLICAL_REVERSAL_DAMPENED"
        ],
        "overall_anomaly": 0.6951,
        "headline": "Minor baseline surface variation"
      }
    },
    {
      "type": "Feature",
      "geometry": {
        "type": "Point",
        "coordinates": [
          78.515075,
          17.486359
        ]
      },
      "properties": {
        "grid_id": "HYD_0165",
        "rank": 696,
        "priority_score": 0.4145,
        "priority_level": "LOW",
        "recommendation": "ROUTINE_OBSERVATION",
        "period": "2020_2026",
        "reasons": [
          "SPATIAL_ANOMALY",
          "CYCLICAL_REVERSAL_DAMPENED"
        ],
        "overall_anomaly": 0.6797,
        "headline": "Minor baseline surface variation"
      }
    },
    {
      "type": "Feature",
      "geometry": {
        "type": "Point",
        "coordinates": [
          78.487092,
          17.467943
        ]
      },
      "properties": {
        "grid_id": "HYD_0331",
        "rank": 697,
        "priority_score": 0.4145,
        "priority_level": "LOW",
        "recommendation": "ROUTINE_OBSERVATION",
        "period": "2020_2026",
        "reasons": [
          "SPATIAL_ANOMALY",
          "VEGETATION_LOSS"
        ],
        "overall_anomaly": 0.679,
        "headline": "Minor baseline surface variation"
      }
    },
    {
      "type": "Feature",
      "geometry": {
        "type": "Point",
        "coordinates": [
          78.460052,
          17.381797
        ]
      },
      "properties": {
        "grid_id": "HYD_1142",
        "rank": 698,
        "priority_score": 0.4143,
        "priority_level": "LOW",
        "recommendation": "ROUTINE_OBSERVATION",
        "period": "2020_2026",
        "reasons": [
          "SPATIAL_ANOMALY",
          "VEGETATION_LOSS",
          "CYCLICAL_REVERSAL_DAMPENED"
        ],
        "overall_anomaly": 0.6949,
        "headline": "Minor baseline surface variation"
      }
    },
    {
      "type": "Feature",
      "geometry": {
        "type": "Point",
        "coordinates": [
          78.417922,
          17.367709
        ]
      },
      "properties": {
        "grid_id": "HYD_1262",
        "rank": 699,
        "priority_score": 0.4142,
        "priority_level": "LOW",
        "recommendation": "ROUTINE_OBSERVATION",
        "period": "2020_2026",
        "reasons": [
          "HIGH_SCENE_ANOMALY",
          "SPATIAL_ANOMALY",
          "CYCLICAL_REVERSAL_DAMPENED"
        ],
        "overall_anomaly": 0.7172,
        "headline": "Pronounced localized spectral change anomaly"
      }
    },
    {
      "type": "Feature",
      "geometry": {
        "type": "Point",
        "coordinates": [
          78.398028,
          17.444219
        ]
      },
      "properties": {
        "grid_id": "HYD_0527",
        "rank": 700,
        "priority_score": 0.4141,
        "priority_level": "LOW",
        "recommendation": "ROUTINE_OBSERVATION",
        "period": "2020_2026",
        "reasons": [
          "HIGH_SCENE_ANOMALY",
          "SPATIAL_ANOMALY",
          "CYCLICAL_REVERSAL_DAMPENED"
        ],
        "overall_anomaly": 0.7029,
        "headline": "Pronounced localized spectral change anomaly"
      }
    },
    {
      "type": "Feature",
      "geometry": {
        "type": "Point",
        "coordinates": [
          78.460426,
          17.354706
        ]
      },
      "properties": {
        "grid_id": "HYD_1400",
        "rank": 701,
        "priority_score": 0.4141,
        "priority_level": "LOW",
        "recommendation": "ROUTINE_OBSERVATION",
        "period": "2020_2026",
        "reasons": [
          "SPATIAL_ANOMALY"
        ],
        "overall_anomaly": 0.6716,
        "headline": "Minor baseline surface variation"
      }
    },
    {
      "type": "Feature",
      "geometry": {
        "type": "Point",
        "coordinates": [
          78.49681,
          17.445486
        ]
      },
      "properties": {
        "grid_id": "HYD_0548",
        "rank": 702,
        "priority_score": 0.4139,
        "priority_level": "LOW",
        "recommendation": "ROUTINE_OBSERVATION",
        "period": "2020_2026",
        "reasons": [
          "SPATIAL_ANOMALY",
          "VEGETATION_LOSS",
          "CYCLICAL_REVERSAL_DAMPENED"
        ],
        "overall_anomaly": 0.6778,
        "headline": "Minor baseline surface variation"
      }
    },
    {
      "type": "Feature",
      "geometry": {
        "type": "Point",
        "coordinates": [
          78.439731,
          17.489918
        ]
      },
      "properties": {
        "grid_id": "HYD_0106",
        "rank": 703,
        "priority_score": 0.4139,
        "priority_level": "LOW",
        "recommendation": "ROUTINE_OBSERVATION",
        "period": "2020_2026",
        "reasons": [
          "SPATIAL_ANOMALY"
        ],
        "overall_anomaly": 0.6746,
        "headline": "Minor baseline surface variation"
      }
    },
    {
      "type": "Feature",
      "geometry": {
        "type": "Point",
        "coordinates": [
          78.544938,
          17.364794
        ]
      },
      "properties": {
        "grid_id": "HYD_1332",
        "rank": 704,
        "priority_score": 0.4137,
        "priority_level": "LOW",
        "recommendation": "ROUTINE_OBSERVATION",
        "period": "2020_2026",
        "reasons": [
          "SPATIAL_ANOMALY",
          "CYCLICAL_REVERSAL_DAMPENED"
        ],
        "overall_anomaly": 0.6792,
        "headline": "Minor baseline surface variation"
      }
    },
    {
      "type": "Feature",
      "geometry": {
        "type": "Point",
        "coordinates": [
          78.389903,
          17.353798
        ]
      },
      "properties": {
        "grid_id": "HYD_1385",
        "rank": 705,
        "priority_score": 0.4136,
        "priority_level": "LOW",
        "recommendation": "ROUTINE_OBSERVATION",
        "period": "2020_2026",
        "reasons": [
          "HIGH_SCENE_ANOMALY",
          "SPATIAL_ANOMALY",
          "CYCLICAL_REVERSAL_DAMPENED"
        ],
        "overall_anomaly": 0.7031,
        "headline": "Pronounced localized spectral change anomaly"
      }
    },
    {
      "type": "Feature",
      "geometry": {
        "type": "Point",
        "coordinates": [
          78.385074,
          17.362766
        ]
      },
      "properties": {
        "grid_id": "HYD_1298",
        "rank": 706,
        "priority_score": 0.4135,
        "priority_level": "LOW",
        "recommendation": "ROUTINE_OBSERVATION",
        "period": "2020_2026",
        "reasons": [
          "HIGH_SCENE_ANOMALY",
          "SPATIAL_ANOMALY",
          "CYCLICAL_REVERSAL_DAMPENED"
        ],
        "overall_anomaly": 0.7039,
        "headline": "Pronounced localized spectral change anomaly"
      }
    },
    {
      "type": "Feature",
      "geometry": {
        "type": "Point",
        "coordinates": [
          78.529861,
          17.436867
        ]
      },
      "properties": {
        "grid_id": "HYD_0641",
        "rank": 707,
        "priority_score": 0.4134,
        "priority_level": "LOW",
        "recommendation": "ROUTINE_OBSERVATION",
        "period": "2020_2026",
        "reasons": [
          "SPATIAL_ANOMALY",
          "VEGETATION_LOSS",
          "CYCLICAL_REVERSAL_DAMPENED"
        ],
        "overall_anomaly": 0.6665,
        "headline": "Minor baseline surface variation"
      }
    },
    {
      "type": "Feature",
      "geometry": {
        "type": "Point",
        "coordinates": [
          78.524363,
          17.495507
        ]
      },
      "properties": {
        "grid_id": "HYD_0081",
        "rank": 708,
        "priority_score": 0.413,
        "priority_level": "LOW",
        "recommendation": "ROUTINE_OBSERVATION",
        "period": "2020_2026",
        "reasons": [
          "SPATIAL_ANOMALY",
          "VEG_BUILTUP_COHERENCE",
          "CYCLICAL_REVERSAL_DAMPENED"
        ],
        "overall_anomaly": 0.6785,
        "headline": "Minor baseline surface variation"
      }
    },
    {
      "type": "Feature",
      "geometry": {
        "type": "Point",
        "coordinates": [
          78.445569,
          17.408708
        ]
      },
      "properties": {
        "grid_id": "HYD_0881",
        "rank": 709,
        "priority_score": 0.4129,
        "priority_level": "LOW",
        "recommendation": "ROUTINE_OBSERVATION",
        "period": "2020_2026",
        "reasons": [
          "SPATIAL_ANOMALY",
          "CYCLICAL_REVERSAL_DAMPENED"
        ],
        "overall_anomaly": 0.6743,
        "headline": "Minor baseline surface variation"
      }
    },
    {
      "type": "Feature",
      "geometry": {
        "type": "Point",
        "coordinates": [
          78.355305,
          17.470749
        ]
      },
      "properties": {
        "grid_id": "HYD_0260",
        "rank": 710,
        "priority_score": 0.4127,
        "priority_level": "LOW",
        "recommendation": "ROUTINE_OBSERVATION",
        "period": "2020_2026",
        "reasons": [
          "HIGH_SCENE_ANOMALY",
          "SPATIAL_ANOMALY",
          "CYCLICAL_REVERSAL_DAMPENED"
        ],
        "overall_anomaly": 0.7097,
        "headline": "Pronounced localized spectral change anomaly"
      }
    },
    {
      "type": "Feature",
      "geometry": {
        "type": "Point",
        "coordinates": [
          78.529008,
          17.500081
        ]
      },
      "properties": {
        "grid_id": "HYD_0039",
        "rank": 711,
        "priority_score": 0.4127,
        "priority_level": "LOW",
        "recommendation": "ROUTINE_OBSERVATION",
        "period": "2020_2026",
        "reasons": [
          "SPATIAL_ANOMALY",
          "VEG_BUILTUP_COHERENCE",
          "VEGETATION_LOSS",
          "CYCLICAL_REVERSAL_DAMPENED"
        ],
        "overall_anomaly": 0.6745,
        "headline": "Minor baseline surface variation"
      }
    },
    {
      "type": "Feature",
      "geometry": {
        "type": "Point",
        "coordinates": [
          78.378632,
          17.484605
        ]
      },
      "properties": {
        "grid_id": "HYD_0136",
        "rank": 712,
        "priority_score": 0.4125,
        "priority_level": "LOW",
        "recommendation": "ROUTINE_OBSERVATION",
        "period": "2020_2026",
        "reasons": [
          "SPATIAL_ANOMALY",
          "CYCLICAL_REVERSAL_DAMPENED"
        ],
        "overall_anomaly": 0.6989,
        "headline": "Minor baseline surface variation"
      }
    },
    {
      "type": "Feature",
      "geometry": {
        "type": "Point",
        "coordinates": [
          78.369742,
          17.448362
        ]
      },
      "properties": {
        "grid_id": "HYD_0478",
        "rank": 713,
        "priority_score": 0.4125,
        "priority_level": "LOW",
        "recommendation": "ROUTINE_OBSERVATION",
        "period": "2020_2026",
        "reasons": [
          "SPATIAL_ANOMALY",
          "CYCLICAL_REVERSAL_DAMPENED"
        ],
        "overall_anomaly": 0.6796,
        "headline": "Minor baseline surface variation"
      }
    },
    {
      "type": "Feature",
      "geometry": {
        "type": "Point",
        "coordinates": [
          78.455037,
          17.404313
        ]
      },
      "properties": {
        "grid_id": "HYD_0926",
        "rank": 714,
        "priority_score": 0.4123,
        "priority_level": "LOW",
        "recommendation": "ROUTINE_OBSERVATION",
        "period": "2020_2026",
        "reasons": [
          "SPATIAL_ANOMALY",
          "CYCLICAL_REVERSAL_DAMPENED"
        ],
        "overall_anomaly": 0.6891,
        "headline": "Minor baseline surface variation"
      }
    },
    {
      "type": "Feature",
      "geometry": {
        "type": "Point",
        "coordinates": [
          78.352351,
          17.34924
        ]
      },
      "properties": {
        "grid_id": "HYD_1420",
        "rank": 715,
        "priority_score": 0.4121,
        "priority_level": "LOW",
        "recommendation": "ROUTINE_OBSERVATION",
        "period": "2020_2026",
        "reasons": [
          "HIGH_SCENE_ANOMALY",
          "SPATIAL_ANOMALY",
          "CYCLICAL_REVERSAL_DAMPENED"
        ],
        "overall_anomaly": 0.732,
        "headline": "Pronounced localized spectral change anomaly"
      }
    },
    {
      "type": "Feature",
      "geometry": {
        "type": "Point",
        "coordinates": [
          78.432027,
          17.367891
        ]
      },
      "properties": {
        "grid_id": "HYD_1265",
        "rank": 716,
        "priority_score": 0.412,
        "priority_level": "LOW",
        "recommendation": "ROUTINE_OBSERVATION",
        "period": "2020_2026",
        "reasons": [
          "SPATIAL_ANOMALY",
          "CYCLICAL_REVERSAL_DAMPENED"
        ],
        "overall_anomaly": 0.6992,
        "headline": "Minor baseline surface variation"
      }
    },
    {
      "type": "Feature",
      "geometry": {
        "type": "Point",
        "coordinates": [
          78.497794,
          17.373242
        ]
      },
      "properties": {
        "grid_id": "HYD_1236",
        "rank": 717,
        "priority_score": 0.412,
        "priority_level": "LOW",
        "recommendation": "ROUTINE_OBSERVATION",
        "period": "2020_2026",
        "reasons": [
          "SPATIAL_ANOMALY",
          "CYCLICAL_REVERSAL_DAMPENED"
        ],
        "overall_anomaly": 0.6878,
        "headline": "Minor baseline surface variation"
      }
    },
    {
      "type": "Feature",
      "geometry": {
        "type": "Point",
        "coordinates": [
          78.497303,
          17.409364
        ]
      },
      "properties": {
        "grid_id": "HYD_0892",
        "rank": 718,
        "priority_score": 0.412,
        "priority_level": "LOW",
        "recommendation": "ROUTINE_OBSERVATION",
        "period": "2020_2026",
        "reasons": [
          "SPATIAL_ANOMALY",
          "VEGETATION_LOSS",
          "CYCLICAL_REVERSAL_DAMPENED"
        ],
        "overall_anomaly": 0.687,
        "headline": "Minor baseline surface variation"
      }
    },
    {
      "type": "Feature",
      "geometry": {
        "type": "Point",
        "coordinates": [
          78.515565,
          17.450237
        ]
      },
      "properties": {
        "grid_id": "HYD_0509",
        "rank": 719,
        "priority_score": 0.4119,
        "priority_level": "LOW",
        "recommendation": "ROUTINE_OBSERVATION",
        "period": "2020_2026",
        "reasons": [
          "SPATIAL_ANOMALY",
          "VEGETATION_LOSS",
          "CYCLICAL_REVERSAL_DAMPENED"
        ],
        "overall_anomaly": 0.6764,
        "headline": "Minor baseline surface variation"
      }
    },
    {
      "type": "Feature",
      "geometry": {
        "type": "Point",
        "coordinates": [
          78.472729,
          17.485825
        ]
      },
      "properties": {
        "grid_id": "HYD_0156",
        "rank": 720,
        "priority_score": 0.4119,
        "priority_level": "LOW",
        "recommendation": "ROUTINE_OBSERVATION",
        "period": "2020_2026",
        "reasons": [
          "VEG_BUILTUP_COHERENCE",
          "VEGETATION_LOSS",
          "CYCLICAL_REVERSAL_DAMPENED"
        ],
        "overall_anomaly": 0.6716,
        "headline": "Minor baseline surface variation"
      }
    },
    {
      "type": "Feature",
      "geometry": {
        "type": "Point",
        "coordinates": [
          78.474531,
          17.354885
        ]
      },
      "properties": {
        "grid_id": "HYD_1403",
        "rank": 721,
        "priority_score": 0.4118,
        "priority_level": "LOW",
        "recommendation": "ROUTINE_OBSERVATION",
        "period": "2020_2026",
        "reasons": [
          "SPATIAL_ANOMALY"
        ],
        "overall_anomaly": 0.6797,
        "headline": "Minor baseline surface variation"
      }
    },
    {
      "type": "Feature",
      "geometry": {
        "type": "Point",
        "coordinates": [
          78.492168,
          17.440911
        ]
      },
      "properties": {
        "grid_id": "HYD_0590",
        "rank": 722,
        "priority_score": 0.4116,
        "priority_level": "LOW",
        "recommendation": "ROUTINE_OBSERVATION",
        "period": "2020_2026",
        "reasons": [
          "SPATIAL_ANOMALY",
          "CYCLICAL_REVERSAL_DAMPENED"
        ],
        "overall_anomaly": 0.6826,
        "headline": "Minor baseline surface variation"
      }
    },
    {
      "type": "Feature",
      "geometry": {
        "type": "Point",
        "coordinates": [
          78.402348,
          17.471369
        ]
      },
      "properties": {
        "grid_id": "HYD_0270",
        "rank": 723,
        "priority_score": 0.4115,
        "priority_level": "LOW",
        "recommendation": "ROUTINE_OBSERVATION",
        "period": "2020_2026",
        "reasons": [
          "HIGH_SCENE_ANOMALY",
          "SPATIAL_ANOMALY",
          "VEG_BUILTUP_COHERENCE",
          "VEGETATION_LOSS",
          "CYCLICAL_REVERSAL_DAMPENED"
        ],
        "overall_anomaly": 0.7325,
        "headline": "Coherent multi-spectral land-cover alteration"
      }
    },
    {
      "type": "Feature",
      "geometry": {
        "type": "Point",
        "coordinates": [
          78.49644,
          17.472577
        ]
      },
      "properties": {
        "grid_id": "HYD_0290",
        "rank": 724,
        "priority_score": 0.4115,
        "priority_level": "LOW",
        "recommendation": "ROUTINE_OBSERVATION",
        "period": "2020_2026",
        "reasons": [
          "HIGH_SCENE_ANOMALY",
          "SPATIAL_ANOMALY",
          "CYCLICAL_REVERSAL_DAMPENED"
        ],
        "overall_anomaly": 0.7236,
        "headline": "Pronounced localized spectral change anomaly"
      }
    },
    {
      "type": "Feature",
      "geometry": {
        "type": "Point",
        "coordinates": [
          78.520208,
          17.454811
        ]
      },
      "properties": {
        "grid_id": "HYD_0467",
        "rank": 725,
        "priority_score": 0.4115,
        "priority_level": "LOW",
        "recommendation": "ROUTINE_OBSERVATION",
        "period": "2020_2026",
        "reasons": [
          "SPATIAL_ANOMALY",
          "VEGETATION_LOSS",
          "CYCLICAL_REVERSAL_DAMPENED"
        ],
        "overall_anomaly": 0.6849,
        "headline": "Minor baseline surface variation"
      }
    },
    {
      "type": "Feature",
      "geometry": {
        "type": "Point",
        "coordinates": [
          78.393132,
          17.457702
        ]
      },
      "properties": {
        "grid_id": "HYD_0397",
        "rank": 726,
        "priority_score": 0.4112,
        "priority_level": "LOW",
        "recommendation": "ROUTINE_OBSERVATION",
        "period": "2020_2026",
        "reasons": [
          "SPATIAL_ANOMALY",
          "CYCLICAL_REVERSAL_DAMPENED"
        ],
        "overall_anomaly": 0.6846,
        "headline": "Minor baseline surface variation"
      }
    },
    {
      "type": "Feature",
      "geometry": {
        "type": "Point",
        "coordinates": [
          78.53945,
          17.423437
        ]
      },
      "properties": {
        "grid_id": "HYD_0772",
        "rank": 727,
        "priority_score": 0.4111,
        "priority_level": "LOW",
        "recommendation": "ROUTINE_OBSERVATION",
        "period": "2020_2026",
        "reasons": [
          "VEG_BUILTUP_COHERENCE",
          "VEGETATION_LOSS",
          "CYCLICAL_REVERSAL_DAMPENED"
        ],
        "overall_anomaly": 0.666,
        "headline": "Minor baseline surface variation"
      }
    },
    {
      "type": "Feature",
      "geometry": {
        "type": "Point",
        "coordinates": [
          78.355174,
          17.479778
        ]
      },
      "properties": {
        "grid_id": "HYD_0174",
        "rank": 728,
        "priority_score": 0.4111,
        "priority_level": "LOW",
        "recommendation": "ROUTINE_OBSERVATION",
        "period": "2020_2026",
        "reasons": [
          "SPATIAL_ANOMALY"
        ],
        "overall_anomaly": 0.6612,
        "headline": "Minor baseline surface variation"
      }
    },
    {
      "type": "Feature",
      "geometry": {
        "type": "Point",
        "coordinates": [
          78.366397,
          17.353489
        ]
      },
      "properties": {
        "grid_id": "HYD_1380",
        "rank": 729,
        "priority_score": 0.4108,
        "priority_level": "LOW",
        "recommendation": "ROUTINE_OBSERVATION",
        "period": "2020_2026",
        "reasons": [
          "HIGH_SCENE_ANOMALY",
          "SPATIAL_ANOMALY",
          "CYCLICAL_REVERSAL_DAMPENED"
        ],
        "overall_anomaly": 0.7034,
        "headline": "Pronounced localized spectral change anomaly"
      }
    },
    {
      "type": "Feature",
      "geometry": {
        "type": "Point",
        "coordinates": [
          78.50677,
          17.404966
        ]
      },
      "properties": {
        "grid_id": "HYD_0937",
        "rank": 730,
        "priority_score": 0.4107,
        "priority_level": "LOW",
        "recommendation": "ROUTINE_OBSERVATION",
        "period": "2020_2026",
        "reasons": [
          "SPATIAL_ANOMALY",
          "VEGETATION_LOSS",
          "CYCLICAL_REVERSAL_DAMPENED"
        ],
        "overall_anomaly": 0.6964,
        "headline": "Minor baseline surface variation"
      }
    },
    {
      "type": "Feature",
      "geometry": {
        "type": "Point",
        "coordinates": [
          78.375091,
          17.403276
        ]
      },
      "properties": {
        "grid_id": "HYD_0909",
        "rank": 731,
        "priority_score": 0.4107,
        "priority_level": "LOW",
        "recommendation": "ROUTINE_OBSERVATION",
        "period": "2020_2026",
        "reasons": [
          "SPATIAL_ANOMALY",
          "CYCLICAL_REVERSAL_DAMPENED"
        ],
        "overall_anomaly": 0.6795,
        "headline": "Minor baseline surface variation"
      }
    },
    {
      "type": "Feature",
      "geometry": {
        "type": "Point",
        "coordinates": [
          78.385202,
          17.353736
        ]
      },
      "properties": {
        "grid_id": "HYD_1384",
        "rank": 732,
        "priority_score": 0.4106,
        "priority_level": "LOW",
        "recommendation": "ROUTINE_OBSERVATION",
        "period": "2020_2026",
        "reasons": [
          "SPATIAL_ANOMALY"
        ],
        "overall_anomaly": 0.6933,
        "headline": "Minor baseline surface variation"
      }
    },
    {
      "type": "Feature",
      "geometry": {
        "type": "Point",
        "coordinates": [
          78.459553,
          17.417918
        ]
      },
      "properties": {
        "grid_id": "HYD_0798",
        "rank": 733,
        "priority_score": 0.4101,
        "priority_level": "LOW",
        "recommendation": "ROUTINE_OBSERVATION",
        "period": "2020_2026",
        "reasons": [
          "SPATIAL_ANOMALY",
          "CYCLICAL_REVERSAL_DAMPENED"
        ],
        "overall_anomaly": 0.6837,
        "headline": "Minor baseline surface variation"
      }
    },
    {
      "type": "Feature",
      "geometry": {
        "type": "Point",
        "coordinates": [
          78.520514,
          17.432234
        ]
      },
      "properties": {
        "grid_id": "HYD_0682",
        "rank": 734,
        "priority_score": 0.4101,
        "priority_level": "LOW",
        "recommendation": "ROUTINE_OBSERVATION",
        "period": "2020_2026",
        "reasons": [
          "SPATIAL_ANOMALY",
          "VEGETATION_LOSS",
          "CYCLICAL_REVERSAL_DAMPENED"
        ],
        "overall_anomaly": 0.6646,
        "headline": "Minor baseline surface variation"
      }
    },
    {
      "type": "Feature",
      "geometry": {
        "type": "Point",
        "coordinates": [
          78.497241,
          17.413879
        ]
      },
      "properties": {
        "grid_id": "HYD_0849",
        "rank": 735,
        "priority_score": 0.41,
        "priority_level": "LOW",
        "recommendation": "ROUTINE_OBSERVATION",
        "period": "2020_2026",
        "reasons": [
          "SPATIAL_ANOMALY",
          "CYCLICAL_REVERSAL_DAMPENED"
        ],
        "overall_anomaly": 0.6828,
        "headline": "Minor baseline surface variation"
      }
    },
    {
      "type": "Feature",
      "geometry": {
        "type": "Point",
        "coordinates": [
          78.463694,
          17.458614
        ]
      },
      "properties": {
        "grid_id": "HYD_0412",
        "rank": 736,
        "priority_score": 0.41,
        "priority_level": "LOW",
        "recommendation": "ROUTINE_OBSERVATION",
        "period": "2020_2026",
        "reasons": [
          "SPATIAL_ANOMALY",
          "VEGETATION_LOSS",
          "CYCLICAL_REVERSAL_DAMPENED"
        ],
        "overall_anomaly": 0.676,
        "headline": "Minor baseline surface variation"
      }
    },
    {
      "type": "Feature",
      "geometry": {
        "type": "Point",
        "coordinates": [
          78.5122,
          17.351293
        ]
      },
      "properties": {
        "grid_id": "HYD_1454",
        "rank": 737,
        "priority_score": 0.4098,
        "priority_level": "LOW",
        "recommendation": "ROUTINE_OBSERVATION",
        "period": "2020_2026",
        "reasons": [
          "SPATIAL_ANOMALY",
          "CYCLICAL_REVERSAL_DAMPENED"
        ],
        "overall_anomaly": 0.6845,
        "headline": "Minor baseline surface variation"
      }
    },
    {
      "type": "Feature",
      "geometry": {
        "type": "Point",
        "coordinates": [
          78.364648,
          17.475389
        ]
      },
      "properties": {
        "grid_id": "HYD_0219",
        "rank": 738,
        "priority_score": 0.4098,
        "priority_level": "LOW",
        "recommendation": "ROUTINE_OBSERVATION",
        "period": "2020_2026",
        "reasons": [
          "SPATIAL_ANOMALY",
          "CYCLICAL_REVERSAL_DAMPENED"
        ],
        "overall_anomaly": 0.6807,
        "headline": "Minor baseline surface variation"
      }
    },
    {
      "type": "Feature",
      "geometry": {
        "type": "Point",
        "coordinates": [
          78.444688,
          17.471918
        ]
      },
      "properties": {
        "grid_id": "HYD_0279",
        "rank": 739,
        "priority_score": 0.4098,
        "priority_level": "LOW",
        "recommendation": "ROUTINE_OBSERVATION",
        "period": "2020_2026",
        "reasons": [
          "SPATIAL_ANOMALY",
          "VEGETATION_LOSS",
          "CYCLICAL_REVERSAL_DAMPENED"
        ],
        "overall_anomaly": 0.6672,
        "headline": "Minor baseline surface variation"
      }
    },
    {
      "type": "Feature",
      "geometry": {
        "type": "Point",
        "coordinates": [
          78.544878,
          17.36931
        ]
      },
      "properties": {
        "grid_id": "HYD_1289",
        "rank": 740,
        "priority_score": 0.4097,
        "priority_level": "LOW",
        "recommendation": "ROUTINE_OBSERVATION",
        "period": "2020_2026",
        "reasons": [
          "SPATIAL_ANOMALY",
          "CYCLICAL_REVERSAL_DAMPENED"
        ],
        "overall_anomaly": 0.7,
        "headline": "Pronounced localized spectral change anomaly"
      }
    },
    {
      "type": "Feature",
      "geometry": {
        "type": "Point",
        "coordinates": [
          78.394541,
          17.358374
        ]
      },
      "properties": {
        "grid_id": "HYD_1343",
        "rank": 741,
        "priority_score": 0.4097,
        "priority_level": "LOW",
        "recommendation": "ROUTINE_OBSERVATION",
        "period": "2020_2026",
        "reasons": [
          "SPATIAL_ANOMALY",
          "CYCLICAL_REVERSAL_DAMPENED"
        ],
        "overall_anomaly": 0.6956,
        "headline": "Minor baseline surface variation"
      }
    },
    {
      "type": "Feature",
      "geometry": {
        "type": "Point",
        "coordinates": [
          78.544576,
          17.391887
        ]
      },
      "properties": {
        "grid_id": "HYD_1074",
        "rank": 742,
        "priority_score": 0.4097,
        "priority_level": "LOW",
        "recommendation": "ROUTINE_OBSERVATION",
        "period": "2020_2026",
        "reasons": [
          "SPATIAL_ANOMALY",
          "CYCLICAL_REVERSAL_DAMPENED"
        ],
        "overall_anomaly": 0.6876,
        "headline": "Minor baseline surface variation"
      }
    },
    {
      "type": "Feature",
      "geometry": {
        "type": "Point",
        "coordinates": [
          78.459303,
          17.435979
        ]
      },
      "properties": {
        "grid_id": "HYD_0626",
        "rank": 743,
        "priority_score": 0.4096,
        "priority_level": "LOW",
        "recommendation": "ROUTINE_OBSERVATION",
        "period": "2020_2026",
        "reasons": [
          "SPATIAL_ANOMALY",
          "VEGETATION_LOSS",
          "CYCLICAL_REVERSAL_DAMPENED"
        ],
        "overall_anomaly": 0.6885,
        "headline": "Minor baseline surface variation"
      }
    },
    {
      "type": "Feature",
      "geometry": {
        "type": "Point",
        "coordinates": [
          78.387977,
          17.489244
        ]
      },
      "properties": {
        "grid_id": "HYD_0095",
        "rank": 744,
        "priority_score": 0.4096,
        "priority_level": "LOW",
        "recommendation": "ROUTINE_OBSERVATION",
        "period": "2020_2026",
        "reasons": [
          "SPATIAL_ANOMALY",
          "VEGETATION_LOSS",
          "CYCLICAL_REVERSAL_DAMPENED"
        ],
        "overall_anomaly": 0.6796,
        "headline": "Minor baseline surface variation"
      }
    },
    {
      "type": "Feature",
      "geometry": {
        "type": "Point",
        "coordinates": [
          78.445066,
          17.444828
        ]
      },
      "properties": {
        "grid_id": "HYD_0537",
        "rank": 745,
        "priority_score": 0.4094,
        "priority_level": "LOW",
        "recommendation": "ROUTINE_OBSERVATION",
        "period": "2020_2026",
        "reasons": [
          "SPATIAL_ANOMALY",
          "VEGETATION_LOSS",
          "CYCLICAL_REVERSAL_DAMPENED"
        ],
        "overall_anomaly": 0.6687,
        "headline": "Minor baseline surface variation"
      }
    },
    {
      "type": "Feature",
      "geometry": {
        "type": "Point",
        "coordinates": [
          78.389583,
          17.376372
        ]
      },
      "properties": {
        "grid_id": "HYD_1170",
        "rank": 746,
        "priority_score": 0.4091,
        "priority_level": "LOW",
        "recommendation": "ROUTINE_OBSERVATION",
        "period": "2020_2026",
        "reasons": [
          "SPATIAL_ANOMALY",
          "CYCLICAL_REVERSAL_DAMPENED"
        ],
        "overall_anomaly": 0.6771,
        "headline": "Minor baseline surface variation"
      }
    },
    {
      "type": "Feature",
      "geometry": {
        "type": "Point",
        "coordinates": [
          78.469333,
          17.390947
        ]
      },
      "properties": {
        "grid_id": "HYD_1058",
        "rank": 747,
        "priority_score": 0.409,
        "priority_level": "LOW",
        "recommendation": "ROUTINE_OBSERVATION",
        "period": "2020_2026",
        "reasons": [
          "SPATIAL_ANOMALY",
          "CYCLICAL_REVERSAL_DAMPENED"
        ],
        "overall_anomaly": 0.6797,
        "headline": "Minor baseline surface variation"
      }
    },
    {
      "type": "Feature",
      "geometry": {
        "type": "Point",
        "coordinates": [
          78.478614,
          17.400096
        ]
      },
      "properties": {
        "grid_id": "HYD_0974",
        "rank": 748,
        "priority_score": 0.409,
        "priority_level": "LOW",
        "recommendation": "ROUTINE_OBSERVATION",
        "period": "2020_2026",
        "reasons": [
          "SPATIAL_ANOMALY",
          "CYCLICAL_REVERSAL_DAMPENED"
        ],
        "overall_anomaly": 0.6776,
        "headline": "Minor baseline surface variation"
      }
    },
    {
      "type": "Feature",
      "geometry": {
        "type": "Point",
        "coordinates": [
          78.40286,
          17.43525
        ]
      },
      "properties": {
        "grid_id": "HYD_0614",
        "rank": 749,
        "priority_score": 0.4088,
        "priority_level": "LOW",
        "recommendation": "ROUTINE_OBSERVATION",
        "period": "2020_2026",
        "reasons": [
          "SPATIAL_ANOMALY",
          "CYCLICAL_REVERSAL_DAMPENED"
        ],
        "overall_anomaly": 0.6787,
        "headline": "Minor baseline surface variation"
      }
    },
    {
      "type": "Feature",
      "geometry": {
        "type": "Point",
        "coordinates": [
          78.407563,
          17.435312
        ]
      },
      "properties": {
        "grid_id": "HYD_0615",
        "rank": 750,
        "priority_score": 0.4087,
        "priority_level": "LOW",
        "recommendation": "ROUTINE_OBSERVATION",
        "period": "2020_2026",
        "reasons": [
          "SPATIAL_ANOMALY",
          "CYCLICAL_REVERSAL_DAMPENED"
        ],
        "overall_anomaly": 0.6762,
        "headline": "Minor baseline surface variation"
      }
    },
    {
      "type": "Feature",
      "geometry": {
        "type": "Point",
        "coordinates": [
          78.436792,
          17.363436
        ]
      },
      "properties": {
        "grid_id": "HYD_1309",
        "rank": 751,
        "priority_score": 0.4086,
        "priority_level": "LOW",
        "recommendation": "ROUTINE_OBSERVATION",
        "period": "2020_2026",
        "reasons": [
          "SPATIAL_ANOMALY"
        ],
        "overall_anomaly": 0.6753,
        "headline": "Minor baseline surface variation"
      }
    },
    {
      "type": "Feature",
      "geometry": {
        "type": "Point",
        "coordinates": [
          78.435911,
          17.426647
        ]
      },
      "properties": {
        "grid_id": "HYD_0707",
        "rank": 752,
        "priority_score": 0.4085,
        "priority_level": "LOW",
        "recommendation": "ROUTINE_OBSERVATION",
        "period": "2020_2026",
        "reasons": [
          "SPATIAL_ANOMALY",
          "VEGETATION_LOSS",
          "CYCLICAL_REVERSAL_DAMPENED"
        ],
        "overall_anomaly": 0.6815,
        "headline": "Minor baseline surface variation"
      }
    },
    {
      "type": "Feature",
      "geometry": {
        "type": "Point",
        "coordinates": [
          78.496872,
          17.440971
        ]
      },
      "properties": {
        "grid_id": "HYD_0591",
        "rank": 753,
        "priority_score": 0.4083,
        "priority_level": "LOW",
        "recommendation": "ROUTINE_OBSERVATION",
        "period": "2020_2026",
        "reasons": [
          "SPATIAL_ANOMALY",
          "CYCLICAL_REVERSAL_DAMPENED"
        ],
        "overall_anomaly": 0.6872,
        "headline": "Minor baseline surface variation"
      }
    },
    {
      "type": "Feature",
      "geometry": {
        "type": "Point",
        "coordinates": [
          78.516115,
          17.409599
        ]
      },
      "properties": {
        "grid_id": "HYD_0896",
        "rank": 754,
        "priority_score": 0.4083,
        "priority_level": "LOW",
        "recommendation": "ROUTINE_OBSERVATION",
        "period": "2020_2026",
        "reasons": [
          "SPATIAL_ANOMALY",
          "VEG_BUILTUP_COHERENCE",
          "VEGETATION_LOSS",
          "CYCLICAL_REVERSAL_DAMPENED"
        ],
        "overall_anomaly": 0.6721,
        "headline": "Minor baseline surface variation"
      }
    },
    {
      "type": "Feature",
      "geometry": {
        "type": "Point",
        "coordinates": [
          78.477994,
          17.445248
        ]
      },
      "properties": {
        "grid_id": "HYD_0544",
        "rank": 755,
        "priority_score": 0.4081,
        "priority_level": "LOW",
        "recommendation": "ROUTINE_OBSERVATION",
        "period": "2020_2026",
        "reasons": [
          "SPATIAL_ANOMALY"
        ],
        "overall_anomaly": 0.6748,
        "headline": "Minor baseline surface variation"
      }
    },
    {
      "type": "Feature",
      "geometry": {
        "type": "Point",
        "coordinates": [
          78.365168,
          17.439271
        ]
      },
      "properties": {
        "grid_id": "HYD_0563",
        "rank": 756,
        "priority_score": 0.408,
        "priority_level": "LOW",
        "recommendation": "ROUTINE_OBSERVATION",
        "period": "2020_2026",
        "reasons": [
          "HIGH_SCENE_ANOMALY",
          "SPATIAL_ANOMALY",
          "CYCLICAL_REVERSAL_DAMPENED"
        ],
        "overall_anomaly": 0.7068,
        "headline": "Pronounced localized spectral change anomaly"
      }
    },
    {
      "type": "Feature",
      "geometry": {
        "type": "Point",
        "coordinates": [
          78.482139,
          17.485944
        ]
      },
      "properties": {
        "grid_id": "HYD_0158",
        "rank": 757,
        "priority_score": 0.408,
        "priority_level": "LOW",
        "recommendation": "ROUTINE_OBSERVATION",
        "period": "2020_2026",
        "reasons": [
          "SPATIAL_ANOMALY",
          "CYCLICAL_REVERSAL_DAMPENED"
        ],
        "overall_anomaly": 0.677,
        "headline": "Minor baseline surface variation"
      }
    },
    {
      "type": "Feature",
      "geometry": {
        "type": "Point",
        "coordinates": [
          78.501144,
          17.472636
        ]
      },
      "properties": {
        "grid_id": "HYD_0291",
        "rank": 758,
        "priority_score": 0.408,
        "priority_level": "LOW",
        "recommendation": "ROUTINE_OBSERVATION",
        "period": "2020_2026",
        "reasons": [
          "SPATIAL_ANOMALY",
          "VEG_BUILTUP_COHERENCE",
          "VEGETATION_LOSS",
          "CYCLICAL_REVERSAL_DAMPENED"
        ],
        "overall_anomaly": 0.6699,
        "headline": "Minor baseline surface variation"
      }
    },
    {
      "type": "Feature",
      "geometry": {
        "type": "Point",
        "coordinates": [
          78.383466,
          17.475637
        ]
      },
      "properties": {
        "grid_id": "HYD_0223",
        "rank": 759,
        "priority_score": 0.4079,
        "priority_level": "LOW",
        "recommendation": "ROUTINE_OBSERVATION",
        "period": "2020_2026",
        "reasons": [
          "SPATIAL_ANOMALY",
          "CYCLICAL_REVERSAL_DAMPENED"
        ],
        "overall_anomaly": 0.6757,
        "headline": "Minor baseline surface variation"
      }
    },
    {
      "type": "Feature",
      "geometry": {
        "type": "Point",
        "coordinates": [
          78.502128,
          17.400392
        ]
      },
      "properties": {
        "grid_id": "HYD_0979",
        "rank": 760,
        "priority_score": 0.4079,
        "priority_level": "LOW",
        "recommendation": "ROUTINE_OBSERVATION",
        "period": "2020_2026",
        "reasons": [
          "SPATIAL_ANOMALY",
          "CYCLICAL_REVERSAL_DAMPENED"
        ],
        "overall_anomaly": 0.6664,
        "headline": "Minor baseline surface variation"
      }
    },
    {
      "type": "Feature",
      "geometry": {
        "type": "Point",
        "coordinates": [
          78.361437,
          17.371487
        ]
      },
      "properties": {
        "grid_id": "HYD_1207",
        "rank": 761,
        "priority_score": 0.4078,
        "priority_level": "LOW",
        "recommendation": "ROUTINE_OBSERVATION",
        "period": "2020_2026",
        "reasons": [
          "SPATIAL_ANOMALY",
          "CYCLICAL_REVERSAL_DAMPENED"
        ],
        "overall_anomaly": 0.6894,
        "headline": "Minor baseline surface variation"
      }
    },
    {
      "type": "Feature",
      "geometry": {
        "type": "Point",
        "coordinates": [
          78.516786,
          17.35993
        ]
      },
      "properties": {
        "grid_id": "HYD_1369",
        "rank": 762,
        "priority_score": 0.4077,
        "priority_level": "LOW",
        "recommendation": "ROUTINE_OBSERVATION",
        "period": "2020_2026",
        "reasons": [
          "SPATIAL_ANOMALY",
          "VEGETATION_LOSS",
          "CYCLICAL_REVERSAL_DAMPENED"
        ],
        "overall_anomaly": 0.6851,
        "headline": "Minor baseline surface variation"
      }
    },
    {
      "type": "Feature",
      "geometry": {
        "type": "Point",
        "coordinates": [
          78.373733,
          17.498087
        ]
      },
      "properties": {
        "grid_id": "HYD_0006",
        "rank": 763,
        "priority_score": 0.4075,
        "priority_level": "LOW",
        "recommendation": "ROUTINE_OBSERVATION",
        "period": "2020_2026",
        "reasons": [
          "SPATIAL_ANOMALY",
          "CYCLICAL_REVERSAL_DAMPENED"
        ],
        "overall_anomaly": 0.6927,
        "headline": "Minor baseline surface variation"
      }
    },
    {
      "type": "Feature",
      "geometry": {
        "type": "Point",
        "coordinates": [
          78.454599,
          17.435918
        ]
      },
      "properties": {
        "grid_id": "HYD_0625",
        "rank": 764,
        "priority_score": 0.4073,
        "priority_level": "LOW",
        "recommendation": "ROUTINE_OBSERVATION",
        "period": "2020_2026",
        "reasons": [
          "SPATIAL_ANOMALY",
          "CYCLICAL_REVERSAL_DAMPENED"
        ],
        "overall_anomaly": 0.6826,
        "headline": "Minor baseline surface variation"
      }
    },
    {
      "type": "Feature",
      "geometry": {
        "type": "Point",
        "coordinates": [
          78.41233,
          17.430858
        ]
      },
      "properties": {
        "grid_id": "HYD_0659",
        "rank": 765,
        "priority_score": 0.4073,
        "priority_level": "LOW",
        "recommendation": "ROUTINE_OBSERVATION",
        "period": "2020_2026",
        "reasons": [
          "SPATIAL_ANOMALY",
          "CYCLICAL_REVERSAL_DAMPENED"
        ],
        "overall_anomaly": 0.6808,
        "headline": "Minor baseline surface variation"
      }
    },
    {
      "type": "Feature",
      "geometry": {
        "type": "Point",
        "coordinates": [
          78.394221,
          17.380949
        ]
      },
      "properties": {
        "grid_id": "HYD_1128",
        "rank": 766,
        "priority_score": 0.4073,
        "priority_level": "LOW",
        "recommendation": "ROUTINE_OBSERVATION",
        "period": "2020_2026",
        "reasons": [
          "SPATIAL_ANOMALY",
          "CYCLICAL_REVERSAL_DAMPENED"
        ],
        "overall_anomaly": 0.672,
        "headline": "Minor baseline surface variation"
      }
    },
    {
      "type": "Feature",
      "geometry": {
        "type": "Point",
        "coordinates": [
          78.473973,
          17.395522
        ]
      },
      "properties": {
        "grid_id": "HYD_1016",
        "rank": 767,
        "priority_score": 0.4071,
        "priority_level": "LOW",
        "recommendation": "ROUTINE_OBSERVATION",
        "period": "2020_2026",
        "reasons": [
          "SPATIAL_ANOMALY",
          "CYCLICAL_REVERSAL_DAMPENED"
        ],
        "overall_anomaly": 0.6748,
        "headline": "Minor baseline surface variation"
      }
    },
    {
      "type": "Feature",
      "geometry": {
        "type": "Point",
        "coordinates": [
          78.446258,
          17.359042
        ]
      },
      "properties": {
        "grid_id": "HYD_1354",
        "rank": 768,
        "priority_score": 0.4068,
        "priority_level": "LOW",
        "recommendation": "ROUTINE_OBSERVATION",
        "period": "2020_2026",
        "reasons": [
          "SPATIAL_ANOMALY"
        ],
        "overall_anomaly": 0.6747,
        "headline": "Minor baseline surface variation"
      }
    },
    {
      "type": "Feature",
      "geometry": {
        "type": "Point",
        "coordinates": [
          78.539692,
          17.405375
        ]
      },
      "properties": {
        "grid_id": "HYD_0944",
        "rank": 769,
        "priority_score": 0.4068,
        "priority_level": "LOW",
        "recommendation": "ROUTINE_OBSERVATION",
        "period": "2020_2026",
        "reasons": [
          "SPATIAL_ANOMALY",
          "CYCLICAL_REVERSAL_DAMPENED"
        ],
        "overall_anomaly": 0.6743,
        "headline": "Minor baseline surface variation"
      }
    },
    {
      "type": "Feature",
      "geometry": {
        "type": "Point",
        "coordinates": [
          78.370389,
          17.403214
        ]
      },
      "properties": {
        "grid_id": "HYD_0908",
        "rank": 770,
        "priority_score": 0.406,
        "priority_level": "LOW",
        "recommendation": "ROUTINE_OBSERVATION",
        "period": "2020_2026",
        "reasons": [
          "SPATIAL_ANOMALY",
          "CYCLICAL_REVERSAL_DAMPENED"
        ],
        "overall_anomaly": 0.6756,
        "headline": "Minor baseline surface variation"
      }
    },
    {
      "type": "Feature",
      "geometry": {
        "type": "Point",
        "coordinates": [
          78.430955,
          17.444646
        ]
      },
      "properties": {
        "grid_id": "HYD_0534",
        "rank": 771,
        "priority_score": 0.4059,
        "priority_level": "LOW",
        "recommendation": "ROUTINE_OBSERVATION",
        "period": "2020_2026",
        "reasons": [
          "SPATIAL_ANOMALY",
          "VEGETATION_LOSS",
          "CYCLICAL_REVERSAL_DAMPENED"
        ],
        "overall_anomaly": 0.6692,
        "headline": "Minor baseline surface variation"
      }
    },
    {
      "type": "Feature",
      "geometry": {
        "type": "Point",
        "coordinates": [
          78.478428,
          17.413642
        ]
      },
      "properties": {
        "grid_id": "HYD_0845",
        "rank": 772,
        "priority_score": 0.4057,
        "priority_level": "LOW",
        "recommendation": "ROUTINE_OBSERVATION",
        "period": "2020_2026",
        "reasons": [
          "SPATIAL_ANOMALY",
          "CYCLICAL_REVERSAL_DAMPENED"
        ],
        "overall_anomaly": 0.6887,
        "headline": "Minor baseline surface variation"
      }
    },
    {
      "type": "Feature",
      "geometry": {
        "type": "Point",
        "coordinates": [
          78.393773,
          17.412553
        ]
      },
      "properties": {
        "grid_id": "HYD_0827",
        "rank": 773,
        "priority_score": 0.4057,
        "priority_level": "LOW",
        "recommendation": "ROUTINE_OBSERVATION",
        "period": "2020_2026",
        "reasons": [
          "SPATIAL_ANOMALY",
          "CYCLICAL_REVERSAL_DAMPENED"
        ],
        "overall_anomaly": 0.6732,
        "headline": "Minor baseline surface variation"
      }
    },
    {
      "type": "Feature",
      "geometry": {
        "type": "Point",
        "coordinates": [
          78.474345,
          17.368431
        ]
      },
      "properties": {
        "grid_id": "HYD_1274",
        "rank": 774,
        "priority_score": 0.4055,
        "priority_level": "LOW",
        "recommendation": "ROUTINE_OBSERVATION",
        "period": "2020_2026",
        "reasons": [
          "SPATIAL_ANOMALY",
          "CYCLICAL_REVERSAL_DAMPENED"
        ],
        "overall_anomaly": 0.6933,
        "headline": "Minor baseline surface variation"
      }
    },
    {
      "type": "Feature",
      "geometry": {
        "type": "Point",
        "coordinates": [
          78.512145,
          17.355357
        ]
      },
      "properties": {
        "grid_id": "HYD_1411",
        "rank": 775,
        "priority_score": 0.4055,
        "priority_level": "LOW",
        "recommendation": "ROUTINE_OBSERVATION",
        "period": "2020_2026",
        "reasons": [
          "SPATIAL_ANOMALY",
          "CYCLICAL_REVERSAL_DAMPENED"
        ],
        "overall_anomaly": 0.6856,
        "headline": "Minor baseline surface variation"
      }
    },
    {
      "type": "Feature",
      "geometry": {
        "type": "Point",
        "coordinates": [
          78.389327,
          17.394432
        ]
      },
      "properties": {
        "grid_id": "HYD_0998",
        "rank": 776,
        "priority_score": 0.4055,
        "priority_level": "LOW",
        "recommendation": "ROUTINE_OBSERVATION",
        "period": "2020_2026",
        "reasons": [
          "SPATIAL_ANOMALY",
          "CYCLICAL_REVERSAL_DAMPENED"
        ],
        "overall_anomaly": 0.6839,
        "headline": "Minor baseline surface variation"
      }
    },
    {
      "type": "Feature",
      "geometry": {
        "type": "Point",
        "coordinates": [
          78.364518,
          17.484418
        ]
      },
      "properties": {
        "grid_id": "HYD_0133",
        "rank": 777,
        "priority_score": 0.4054,
        "priority_level": "LOW",
        "recommendation": "ROUTINE_OBSERVATION",
        "period": "2020_2026",
        "reasons": [
          "SPATIAL_ANOMALY",
          "CYCLICAL_REVERSAL_DAMPENED"
        ],
        "overall_anomaly": 0.6783,
        "headline": "Minor baseline surface variation"
      }
    },
    {
      "type": "Feature",
      "geometry": {
        "type": "Point",
        "coordinates": [
          78.355891,
          17.430116
        ]
      },
      "properties": {
        "grid_id": "HYD_0647",
        "rank": 778,
        "priority_score": 0.4054,
        "priority_level": "LOW",
        "recommendation": "ROUTINE_OBSERVATION",
        "period": "2020_2026",
        "reasons": [
          "SPATIAL_ANOMALY",
          "CYCLICAL_REVERSAL_DAMPENED"
        ],
        "overall_anomaly": 0.6665,
        "headline": "Minor baseline surface variation"
      }
    },
    {
      "type": "Feature",
      "geometry": {
        "type": "Point",
        "coordinates": [
          78.464256,
          17.417978
        ]
      },
      "properties": {
        "grid_id": "HYD_0799",
        "rank": 779,
        "priority_score": 0.405,
        "priority_level": "LOW",
        "recommendation": "ROUTINE_OBSERVATION",
        "period": "2020_2026",
        "reasons": [
          "SPATIAL_ANOMALY",
          "VEGETATION_LOSS",
          "CYCLICAL_REVERSAL_DAMPENED"
        ],
        "overall_anomaly": 0.6566,
        "headline": "Minor baseline surface variation"
      }
    },
    {
      "type": "Feature",
      "geometry": {
        "type": "Point",
        "coordinates": [
          78.375606,
          17.367158
        ]
      },
      "properties": {
        "grid_id": "HYD_1253",
        "rank": 780,
        "priority_score": 0.4049,
        "priority_level": "LOW",
        "recommendation": "ROUTINE_OBSERVATION",
        "period": "2020_2026",
        "reasons": [
          "SPATIAL_ANOMALY"
        ],
        "overall_anomaly": 0.6772,
        "headline": "Minor baseline surface variation"
      }
    },
    {
      "type": "Feature",
      "geometry": {
        "type": "Point",
        "coordinates": [
          78.543852,
          17.446072
        ]
      },
      "properties": {
        "grid_id": "HYD_0558",
        "rank": 781,
        "priority_score": 0.4049,
        "priority_level": "LOW",
        "recommendation": "ROUTINE_OBSERVATION",
        "period": "2020_2026",
        "reasons": [
          "SPATIAL_ANOMALY",
          "CYCLICAL_REVERSAL_DAMPENED"
        ],
        "overall_anomaly": 0.6652,
        "headline": "Minor baseline surface variation"
      }
    },
    {
      "type": "Feature",
      "geometry": {
        "type": "Point",
        "coordinates": [
          78.373927,
          17.484543
        ]
      },
      "properties": {
        "grid_id": "HYD_0135",
        "rank": 782,
        "priority_score": 0.4046,
        "priority_level": "LOW",
        "recommendation": "ROUTINE_OBSERVATION",
        "period": "2020_2026",
        "reasons": [
          "SPATIAL_ANOMALY",
          "CYCLICAL_REVERSAL_DAMPENED"
        ],
        "overall_anomaly": 0.6981,
        "headline": "Minor baseline surface variation"
      }
    },
    {
      "type": "Feature",
      "geometry": {
        "type": "Point",
        "coordinates": [
          78.407691,
          17.426282
        ]
      },
      "properties": {
        "grid_id": "HYD_0701",
        "rank": 783,
        "priority_score": 0.4046,
        "priority_level": "LOW",
        "recommendation": "ROUTINE_OBSERVATION",
        "period": "2020_2026",
        "reasons": [
          "SPATIAL_ANOMALY",
          "CYCLICAL_REVERSAL_DAMPENED"
        ],
        "overall_anomaly": 0.6771,
        "headline": "Minor baseline surface variation"
      }
    },
    {
      "type": "Feature",
      "geometry": {
        "type": "Point",
        "coordinates": [
          78.548569,
          17.441614
        ]
      },
      "properties": {
        "grid_id": "HYD_0602",
        "rank": 784,
        "priority_score": 0.4046,
        "priority_level": "LOW",
        "recommendation": "ROUTINE_OBSERVATION",
        "period": "2020_2026",
        "reasons": [
          "SPATIAL_ANOMALY",
          "CYCLICAL_REVERSAL_DAMPENED"
        ],
        "overall_anomaly": 0.6769,
        "headline": "Minor baseline surface variation"
      }
    },
    {
      "type": "Feature",
      "geometry": {
        "type": "Point",
        "coordinates": [
          78.491859,
          17.463487
        ]
      },
      "properties": {
        "grid_id": "HYD_0375",
        "rank": 785,
        "priority_score": 0.4046,
        "priority_level": "LOW",
        "recommendation": "ROUTINE_OBSERVATION",
        "period": "2020_2026",
        "reasons": [
          "SPATIAL_ANOMALY",
          "VEGETATION_LOSS",
          "CYCLICAL_REVERSAL_DAMPENED"
        ],
        "overall_anomaly": 0.6715,
        "headline": "Minor baseline surface variation"
      }
    },
    {
      "type": "Feature",
      "geometry": {
        "type": "Point",
        "coordinates": [
          78.493092,
          17.373183
        ]
      },
      "properties": {
        "grid_id": "HYD_1235",
        "rank": 786,
        "priority_score": 0.4045,
        "priority_level": "LOW",
        "recommendation": "ROUTINE_OBSERVATION",
        "period": "2020_2026",
        "reasons": [
          "SPATIAL_ANOMALY",
          "CYCLICAL_REVERSAL_DAMPENED"
        ],
        "overall_anomaly": 0.6838,
        "headline": "Minor baseline surface variation"
      }
    },
    {
      "type": "Feature",
      "geometry": {
        "type": "Point",
        "coordinates": [
          78.543306,
          17.486711
        ]
      },
      "properties": {
        "grid_id": "HYD_0171",
        "rank": 787,
        "priority_score": 0.4043,
        "priority_level": "LOW",
        "recommendation": "ROUTINE_OBSERVATION",
        "period": "2020_2026",
        "reasons": [
          "SPATIAL_ANOMALY",
          "VEGETATION_LOSS",
          "CYCLICAL_REVERSAL_DAMPENED"
        ],
        "overall_anomaly": 0.6768,
        "headline": "Minor baseline surface variation"
      }
    },
    {
      "type": "Feature",
      "geometry": {
        "type": "Point",
        "coordinates": [
          78.351969,
          17.375877
        ]
      },
      "properties": {
        "grid_id": "HYD_1162",
        "rank": 788,
        "priority_score": 0.4042,
        "priority_level": "LOW",
        "recommendation": "ROUTINE_OBSERVATION",
        "period": "2020_2026",
        "reasons": [
          "SPATIAL_ANOMALY",
          "CYCLICAL_REVERSAL_DAMPENED"
        ],
        "overall_anomaly": 0.682,
        "headline": "Minor baseline surface variation"
      }
    },
    {
      "type": "Feature",
      "geometry": {
        "type": "Point",
        "coordinates": [
          78.482263,
          17.476914
        ]
      },
      "properties": {
        "grid_id": "HYD_0244",
        "rank": 789,
        "priority_score": 0.4042,
        "priority_level": "LOW",
        "recommendation": "ROUTINE_OBSERVATION",
        "period": "2020_2026",
        "reasons": [
          "SPATIAL_ANOMALY",
          "VEGETATION_LOSS",
          "CYCLICAL_REVERSAL_DAMPENED"
        ],
        "overall_anomaly": 0.6625,
        "headline": "Minor baseline surface variation"
      }
    },
    {
      "type": "Feature",
      "geometry": {
        "type": "Point",
        "coordinates": [
          78.392553,
          17.498335
        ]
      },
      "properties": {
        "grid_id": "HYD_0010",
        "rank": 790,
        "priority_score": 0.4041,
        "priority_level": "LOW",
        "recommendation": "ROUTINE_OBSERVATION",
        "period": "2020_2026",
        "reasons": [
          "SPATIAL_ANOMALY",
          "CYCLICAL_REVERSAL_DAMPENED"
        ],
        "overall_anomaly": 0.6892,
        "headline": "Minor baseline surface variation"
      }
    },
    {
      "type": "Feature",
      "geometry": {
        "type": "Point",
        "coordinates": [
          78.510984,
          17.441148
        ]
      },
      "properties": {
        "grid_id": "HYD_0594",
        "rank": 791,
        "priority_score": 0.404,
        "priority_level": "LOW",
        "recommendation": "ROUTINE_OBSERVATION",
        "period": "2020_2026",
        "reasons": [
          "SPATIAL_ANOMALY",
          "CYCLICAL_REVERSAL_DAMPENED"
        ],
        "overall_anomaly": 0.6679,
        "headline": "Minor baseline surface variation"
      }
    },
    {
      "type": "Feature",
      "geometry": {
        "type": "Point",
        "coordinates": [
          78.450021,
          17.426828
        ]
      },
      "properties": {
        "grid_id": "HYD_0710",
        "rank": 792,
        "priority_score": 0.404,
        "priority_level": "LOW",
        "recommendation": "ROUTINE_OBSERVATION",
        "period": "2020_2026",
        "reasons": [
          "SPATIAL_ANOMALY",
          "CYCLICAL_REVERSAL_DAMPENED"
        ],
        "overall_anomaly": 0.6599,
        "headline": "Minor baseline surface variation"
      }
    },
    {
      "type": "Feature",
      "geometry": {
        "type": "Point",
        "coordinates": [
          78.355956,
          17.425602
        ]
      },
      "properties": {
        "grid_id": "HYD_0690",
        "rank": 793,
        "priority_score": 0.4037,
        "priority_level": "LOW",
        "recommendation": "ROUTINE_OBSERVATION",
        "period": "2020_2026",
        "reasons": [
          "HIGH_SCENE_ANOMALY",
          "SPATIAL_ANOMALY",
          "CYCLICAL_REVERSAL_DAMPENED"
        ],
        "overall_anomaly": 0.7151,
        "headline": "Pronounced localized spectral change anomaly"
      }
    },
    {
      "type": "Feature",
      "geometry": {
        "type": "Point",
        "coordinates": [
          78.543124,
          17.500257
        ]
      },
      "properties": {
        "grid_id": "HYD_0042",
        "rank": 794,
        "priority_score": 0.4037,
        "priority_level": "LOW",
        "recommendation": "ROUTINE_OBSERVATION",
        "period": "2020_2026",
        "reasons": [
          "SPATIAL_ANOMALY",
          "CYCLICAL_REVERSAL_DAMPENED"
        ],
        "overall_anomaly": 0.6753,
        "headline": "Minor baseline surface variation"
      }
    },
    {
      "type": "Feature",
      "geometry": {
        "type": "Point",
        "coordinates": [
          78.413283,
          17.363133
        ]
      },
      "properties": {
        "grid_id": "HYD_1304",
        "rank": 795,
        "priority_score": 0.4037,
        "priority_level": "LOW",
        "recommendation": "ROUTINE_OBSERVATION",
        "period": "2020_2026",
        "reasons": [
          "SPATIAL_ANOMALY",
          "CYCLICAL_REVERSAL_DAMPENED"
        ],
        "overall_anomaly": 0.6712,
        "headline": "Minor baseline surface variation"
      }
    },
    {
      "type": "Feature",
      "geometry": {
        "type": "Point",
        "coordinates": [
          78.459615,
          17.413403
        ]
      },
      "properties": {
        "grid_id": "HYD_0841",
        "rank": 796,
        "priority_score": 0.4035,
        "priority_level": "LOW",
        "recommendation": "ROUTINE_OBSERVATION",
        "period": "2020_2026",
        "reasons": [
          "SPATIAL_ANOMALY",
          "CYCLICAL_REVERSAL_DAMPENED"
        ],
        "overall_anomaly": 0.6761,
        "headline": "Minor baseline surface variation"
      }
    },
    {
      "type": "Feature",
      "geometry": {
        "type": "Point",
        "coordinates": [
          78.412712,
          17.403768
        ]
      },
      "properties": {
        "grid_id": "HYD_0917",
        "rank": 797,
        "priority_score": 0.4035,
        "priority_level": "LOW",
        "recommendation": "ROUTINE_OBSERVATION",
        "period": "2020_2026",
        "reasons": [
          "SPATIAL_ANOMALY"
        ],
        "overall_anomaly": 0.6592,
        "headline": "Minor baseline surface variation"
      }
    },
    {
      "type": "Feature",
      "geometry": {
        "type": "Point",
        "coordinates": [
          78.51184,
          17.377933
        ]
      },
      "properties": {
        "grid_id": "HYD_1196",
        "rank": 798,
        "priority_score": 0.4033,
        "priority_level": "LOW",
        "recommendation": "ROUTINE_OBSERVATION",
        "period": "2020_2026",
        "reasons": [
          "HIGH_SCENE_ANOMALY",
          "SPATIAL_ANOMALY",
          "CYCLICAL_REVERSAL_DAMPENED"
        ],
        "overall_anomaly": 0.7012,
        "headline": "Pronounced localized spectral change anomaly"
      }
    },
    {
      "type": "Feature",
      "geometry": {
        "type": "Point",
        "coordinates": [
          78.355044,
          17.488808
        ]
      },
      "properties": {
        "grid_id": "HYD_0088",
        "rank": 799,
        "priority_score": 0.4032,
        "priority_level": "LOW",
        "recommendation": "ROUTINE_OBSERVATION",
        "period": "2020_2026",
        "reasons": [
          "SPATIAL_ANOMALY",
          "CYCLICAL_REVERSAL_DAMPENED"
        ],
        "overall_anomaly": 0.6767,
        "headline": "Minor baseline surface variation"
      }
    },
    {
      "type": "Feature",
      "geometry": {
        "type": "Point",
        "coordinates": [
          78.465127,
          17.354766
        ]
      },
      "properties": {
        "grid_id": "HYD_1401",
        "rank": 800,
        "priority_score": 0.4032,
        "priority_level": "LOW",
        "recommendation": "ROUTINE_OBSERVATION",
        "period": "2020_2026",
        "reasons": [
          "SPATIAL_ANOMALY"
        ],
        "overall_anomaly": 0.665,
        "headline": "Minor baseline surface variation"
      }
    },
    {
      "type": "Feature",
      "geometry": {
        "type": "Point",
        "coordinates": [
          78.502557,
          17.368785
        ]
      },
      "properties": {
        "grid_id": "HYD_1280",
        "rank": 801,
        "priority_score": 0.4031,
        "priority_level": "LOW",
        "recommendation": "ROUTINE_OBSERVATION",
        "period": "2020_2026",
        "reasons": [
          "SPATIAL_ANOMALY",
          "CYCLICAL_REVERSAL_DAMPENED"
        ],
        "overall_anomaly": 0.6734,
        "headline": "Minor baseline surface variation"
      }
    },
    {
      "type": "Feature",
      "geometry": {
        "type": "Point",
        "coordinates": [
          78.374381,
          17.452939
        ]
      },
      "properties": {
        "grid_id": "HYD_0436",
        "rank": 802,
        "priority_score": 0.403,
        "priority_level": "LOW",
        "recommendation": "ROUTINE_OBSERVATION",
        "period": "2020_2026",
        "reasons": [
          "SPATIAL_ANOMALY",
          "CYCLICAL_REVERSAL_DAMPENED"
        ],
        "overall_anomaly": 0.6741,
        "headline": "Minor baseline surface variation"
      }
    },
    {
      "type": "Feature",
      "geometry": {
        "type": "Point",
        "coordinates": [
          78.529191,
          17.486535
        ]
      },
      "properties": {
        "grid_id": "HYD_0168",
        "rank": 803,
        "priority_score": 0.4029,
        "priority_level": "LOW",
        "recommendation": "ROUTINE_OBSERVATION",
        "period": "2020_2026",
        "reasons": [
          "SPATIAL_ANOMALY",
          "CYCLICAL_REVERSAL_DAMPENED"
        ],
        "overall_anomaly": 0.6853,
        "headline": "Minor baseline surface variation"
      }
    },
    {
      "type": "Feature",
      "geometry": {
        "type": "Point",
        "coordinates": [
          78.436037,
          17.417617
        ]
      },
      "properties": {
        "grid_id": "HYD_0793",
        "rank": 804,
        "priority_score": 0.4028,
        "priority_level": "LOW",
        "recommendation": "ROUTINE_OBSERVATION",
        "period": "2020_2026",
        "reasons": [
          "SPATIAL_ANOMALY",
          "CYCLICAL_REVERSAL_DAMPENED"
        ],
        "overall_anomaly": 0.661,
        "headline": "Minor baseline surface variation"
      }
    },
    {
      "type": "Feature",
      "geometry": {
        "type": "Point",
        "coordinates": [
          78.421038,
          17.480644
        ]
      },
      "properties": {
        "grid_id": "HYD_0188",
        "rank": 805,
        "priority_score": 0.4027,
        "priority_level": "LOW",
        "recommendation": "ROUTINE_OBSERVATION",
        "period": "2020_2026",
        "reasons": [
          "SPATIAL_ANOMALY",
          "CYCLICAL_REVERSAL_DAMPENED"
        ],
        "overall_anomaly": 0.6702,
        "headline": "Minor baseline surface variation"
      }
    },
    {
      "type": "Feature",
      "geometry": {
        "type": "Point",
        "coordinates": [
          78.474283,
          17.372946
        ]
      },
      "properties": {
        "grid_id": "HYD_1231",
        "rank": 806,
        "priority_score": 0.4027,
        "priority_level": "LOW",
        "recommendation": "ROUTINE_OBSERVATION",
        "period": "2020_2026",
        "reasons": [
          "SPATIAL_ANOMALY",
          "CYCLICAL_REVERSAL_DAMPENED"
        ],
        "overall_anomaly": 0.6602,
        "headline": "Minor baseline surface variation"
      }
    },
    {
      "type": "Feature",
      "geometry": {
        "type": "Point",
        "coordinates": [
          78.449393,
          17.471979
        ]
      },
      "properties": {
        "grid_id": "HYD_0280",
        "rank": 807,
        "priority_score": 0.4027,
        "priority_level": "LOW",
        "recommendation": "ROUTINE_OBSERVATION",
        "period": "2020_2026",
        "reasons": [
          "SPATIAL_ANOMALY",
          "CYCLICAL_REVERSAL_DAMPENED"
        ],
        "overall_anomaly": 0.6573,
        "headline": "Minor baseline surface variation"
      }
    },
    {
      "type": "Feature",
      "geometry": {
        "type": "Point",
        "coordinates": [
          78.535533,
          17.364679
        ]
      },
      "properties": {
        "grid_id": "HYD_1330",
        "rank": 808,
        "priority_score": 0.4024,
        "priority_level": "LOW",
        "recommendation": "ROUTINE_OBSERVATION",
        "period": "2020_2026",
        "reasons": [
          "SPATIAL_ANOMALY",
          "CYCLICAL_REVERSAL_DAMPENED"
        ],
        "overall_anomaly": 0.6656,
        "headline": "Minor baseline surface variation"
      }
    },
    {
      "type": "Feature",
      "geometry": {
        "type": "Point",
        "coordinates": [
          78.549473,
          17.373883
        ]
      },
      "properties": {
        "grid_id": "HYD_1247",
        "rank": 809,
        "priority_score": 0.4024,
        "priority_level": "LOW",
        "recommendation": "ROUTINE_OBSERVATION",
        "period": "2020_2026",
        "reasons": [
          "SPATIAL_ANOMALY",
          "CYCLICAL_REVERSAL_DAMPENED"
        ],
        "overall_anomaly": 0.6655,
        "headline": "Minor baseline surface variation"
      }
    },
    {
      "type": "Feature",
      "geometry": {
        "type": "Point",
        "coordinates": [
          78.548267,
          17.464191
        ]
      },
      "properties": {
        "grid_id": "HYD_0387",
        "rank": 810,
        "priority_score": 0.4024,
        "priority_level": "LOW",
        "recommendation": "ROUTINE_OBSERVATION",
        "period": "2020_2026",
        "reasons": [
          "SPATIAL_ANOMALY",
          "VEGETATION_LOSS",
          "CYCLICAL_REVERSAL_DAMPENED"
        ],
        "overall_anomaly": 0.6646,
        "headline": "Minor baseline surface variation"
      }
    },
    {
      "type": "Feature",
      "geometry": {
        "type": "Point",
        "coordinates": [
          78.468523,
          17.449644
        ]
      },
      "properties": {
        "grid_id": "HYD_0499",
        "rank": 811,
        "priority_score": 0.4022,
        "priority_level": "LOW",
        "recommendation": "ROUTINE_OBSERVATION",
        "period": "2020_2026",
        "reasons": [
          "SPATIAL_ANOMALY",
          "CYCLICAL_REVERSAL_DAMPENED"
        ],
        "overall_anomaly": 0.6775,
        "headline": "Minor baseline surface variation"
      }
    },
    {
      "type": "Feature",
      "geometry": {
        "type": "Point",
        "coordinates": [
          78.549713,
          17.355821
        ]
      },
      "properties": {
        "grid_id": "HYD_1419",
        "rank": 812,
        "priority_score": 0.402,
        "priority_level": "LOW",
        "recommendation": "ROUTINE_OBSERVATION",
        "period": "2020_2026",
        "reasons": [
          "SPATIAL_ANOMALY",
          "VEGETATION_LOSS",
          "CYCLICAL_REVERSAL_DAMPENED"
        ],
        "overall_anomaly": 0.6644,
        "headline": "Minor baseline surface variation"
      }
    },
    {
      "type": "Feature",
      "geometry": {
        "type": "Point",
        "coordinates": [
          78.44538,
          17.422253
        ]
      },
      "properties": {
        "grid_id": "HYD_0752",
        "rank": 813,
        "priority_score": 0.4018,
        "priority_level": "LOW",
        "recommendation": "ROUTINE_OBSERVATION",
        "period": "2020_2026",
        "reasons": [
          "SPATIAL_ANOMALY",
          "CYCLICAL_REVERSAL_DAMPENED"
        ],
        "overall_anomaly": 0.6762,
        "headline": "Minor baseline surface variation"
      }
    },
    {
      "type": "Feature",
      "geometry": {
        "type": "Point",
        "coordinates": [
          78.383917,
          17.444034
        ]
      },
      "properties": {
        "grid_id": "HYD_0524",
        "rank": 814,
        "priority_score": 0.4018,
        "priority_level": "LOW",
        "recommendation": "ROUTINE_OBSERVATION",
        "period": "2020_2026",
        "reasons": [
          "SPATIAL_ANOMALY",
          "CYCLICAL_REVERSAL_DAMPENED"
        ],
        "overall_anomaly": 0.6758,
        "headline": "Minor baseline surface variation"
      }
    },
    {
      "type": "Feature",
      "geometry": {
        "type": "Point",
        "coordinates": [
          78.3796,
          17.416883
        ]
      },
      "properties": {
        "grid_id": "HYD_0781",
        "rank": 815,
        "priority_score": 0.4018,
        "priority_level": "LOW",
        "recommendation": "ROUTINE_OBSERVATION",
        "period": "2020_2026",
        "reasons": [
          "SPATIAL_ANOMALY",
          "CYCLICAL_REVERSAL_DAMPENED"
        ],
        "overall_anomaly": 0.6735,
        "headline": "Minor baseline surface variation"
      }
    },
    {
      "type": "Feature",
      "geometry": {
        "type": "Point",
        "coordinates": [
          78.421801,
          17.426465
        ]
      },
      "properties": {
        "grid_id": "HYD_0704",
        "rank": 816,
        "priority_score": 0.4017,
        "priority_level": "LOW",
        "recommendation": "ROUTINE_OBSERVATION",
        "period": "2020_2026",
        "reasons": [
          "SPATIAL_ANOMALY",
          "CYCLICAL_REVERSAL_DAMPENED"
        ],
        "overall_anomaly": 0.6701,
        "headline": "Minor baseline surface variation"
      }
    },
    {
      "type": "Feature",
      "geometry": {
        "type": "Point",
        "coordinates": [
          78.521366,
          17.36902
        ]
      },
      "properties": {
        "grid_id": "HYD_1284",
        "rank": 817,
        "priority_score": 0.4011,
        "priority_level": "LOW",
        "recommendation": "ROUTINE_OBSERVATION",
        "period": "2020_2026",
        "reasons": [
          "SPATIAL_ANOMALY",
          "CYCLICAL_REVERSAL_DAMPENED"
        ],
        "overall_anomaly": 0.6594,
        "headline": "Minor baseline surface variation"
      }
    },
    {
      "type": "Feature",
      "geometry": {
        "type": "Point",
        "coordinates": [
          78.430891,
          17.449161
        ]
      },
      "properties": {
        "grid_id": "HYD_0491",
        "rank": 818,
        "priority_score": 0.401,
        "priority_level": "LOW",
        "recommendation": "ROUTINE_OBSERVATION",
        "period": "2020_2026",
        "reasons": [
          "SPATIAL_ANOMALY",
          "CYCLICAL_REVERSAL_DAMPENED"
        ],
        "overall_anomaly": 0.6662,
        "headline": "Minor baseline surface variation"
      }
    },
    {
      "type": "Feature",
      "geometry": {
        "type": "Point",
        "coordinates": [
          78.530225,
          17.409774
        ]
      },
      "properties": {
        "grid_id": "HYD_0899",
        "rank": 819,
        "priority_score": 0.401,
        "priority_level": "LOW",
        "recommendation": "ROUTINE_OBSERVATION",
        "period": "2020_2026",
        "reasons": [
          "VEG_BUILTUP_COHERENCE",
          "VEGETATION_LOSS",
          "BUILTUP_SENSITIVE_CHANGE",
          "CYCLICAL_REVERSAL_DAMPENED"
        ],
        "overall_anomaly": 0.6511,
        "headline": "Minor baseline surface variation"
      }
    },
    {
      "type": "Feature",
      "geometry": {
        "type": "Point",
        "coordinates": [
          78.427326,
          17.36783
        ]
      },
      "properties": {
        "grid_id": "HYD_1264",
        "rank": 820,
        "priority_score": 0.4009,
        "priority_level": "LOW",
        "recommendation": "ROUTINE_OBSERVATION",
        "period": "2020_2026",
        "reasons": [
          "SPATIAL_ANOMALY",
          "CYCLICAL_REVERSAL_DAMPENED"
        ],
        "overall_anomaly": 0.6693,
        "headline": "Minor baseline surface variation"
      }
    },
    {
      "type": "Feature",
      "geometry": {
        "type": "Point",
        "coordinates": [
          78.454537,
          17.440434
        ]
      },
      "properties": {
        "grid_id": "HYD_0582",
        "rank": 821,
        "priority_score": 0.4009,
        "priority_level": "LOW",
        "recommendation": "ROUTINE_OBSERVATION",
        "period": "2020_2026",
        "reasons": [
          "SPATIAL_ANOMALY",
          "CYCLICAL_REVERSAL_DAMPENED"
        ],
        "overall_anomaly": 0.6578,
        "headline": "Minor baseline surface variation"
      }
    },
    {
      "type": "Feature",
      "geometry": {
        "type": "Point",
        "coordinates": [
          78.464443,
          17.404433
        ]
      },
      "properties": {
        "grid_id": "HYD_0928",
        "rank": 822,
        "priority_score": 0.4006,
        "priority_level": "LOW",
        "recommendation": "ROUTINE_OBSERVATION",
        "period": "2020_2026",
        "reasons": [
          "SPATIAL_ANOMALY",
          "CYCLICAL_REVERSAL_DAMPENED"
        ],
        "overall_anomaly": 0.6715,
        "headline": "Minor baseline surface variation"
      }
    },
    {
      "type": "Feature",
      "geometry": {
        "type": "Point",
        "coordinates": [
          78.539087,
          17.450529
        ]
      },
      "properties": {
        "grid_id": "HYD_0514",
        "rank": 823,
        "priority_score": 0.4006,
        "priority_level": "LOW",
        "recommendation": "ROUTINE_OBSERVATION",
        "period": "2020_2026",
        "reasons": [
          "SPATIAL_ANOMALY",
          "CYCLICAL_REVERSAL_DAMPENED"
        ],
        "overall_anomaly": 0.659,
        "headline": "Minor baseline surface variation"
      }
    },
    {
      "type": "Feature",
      "geometry": {
        "type": "Point",
        "coordinates": [
          78.420847,
          17.494189
        ]
      },
      "properties": {
        "grid_id": "HYD_0059",
        "rank": 824,
        "priority_score": 0.4005,
        "priority_level": "LOW",
        "recommendation": "ROUTINE_OBSERVATION",
        "period": "2020_2026",
        "reasons": [
          "SPATIAL_ANOMALY",
          "CYCLICAL_REVERSAL_DAMPENED"
        ],
        "overall_anomaly": 0.6575,
        "headline": "Minor baseline surface variation"
      }
    },
    {
      "type": "Feature",
      "geometry": {
        "type": "Point",
        "coordinates": [
          78.474035,
          17.391006
        ]
      },
      "properties": {
        "grid_id": "HYD_1059",
        "rank": 825,
        "priority_score": 0.4004,
        "priority_level": "LOW",
        "recommendation": "ROUTINE_OBSERVATION",
        "period": "2020_2026",
        "reasons": [
          "SPATIAL_ANOMALY",
          "CYCLICAL_REVERSAL_DAMPENED"
        ],
        "overall_anomaly": 0.6452,
        "headline": "Minor baseline surface variation"
      }
    },
    {
      "type": "Feature",
      "geometry": {
        "type": "Point",
        "coordinates": [
          78.421991,
          17.41292
        ]
      },
      "properties": {
        "grid_id": "HYD_0833",
        "rank": 826,
        "priority_score": 0.4001,
        "priority_level": "LOW",
        "recommendation": "ROUTINE_OBSERVATION",
        "period": "2020_2026",
        "reasons": [
          "SPATIAL_ANOMALY",
          "CYCLICAL_REVERSAL_DAMPENED"
        ],
        "overall_anomaly": 0.6621,
        "headline": "Minor baseline surface variation"
      }
    },
    {
      "type": "Feature",
      "geometry": {
        "type": "Point",
        "coordinates": [
          78.41697,
          17.435434
        ]
      },
      "properties": {
        "grid_id": "HYD_0617",
        "rank": 827,
        "priority_score": 0.4,
        "priority_level": "LOW",
        "recommendation": "ROUTINE_OBSERVATION",
        "period": "2020_2026",
        "reasons": [
          "SPATIAL_ANOMALY",
          "VEGETATION_LOSS",
          "CYCLICAL_REVERSAL_DAMPENED"
        ],
        "overall_anomaly": 0.6424,
        "headline": "Minor baseline surface variation"
      }
    },
    {
      "type": "Feature",
      "geometry": {
        "type": "Point",
        "coordinates": [
          78.375735,
          17.358128
        ]
      },
      "properties": {
        "grid_id": "HYD_1339",
        "rank": 828,
        "priority_score": 0.3999,
        "priority_level": "LOW",
        "recommendation": "ROUTINE_OBSERVATION",
        "period": "2020_2026",
        "reasons": [
          "SPATIAL_ANOMALY",
          "CYCLICAL_REVERSAL_DAMPENED"
        ],
        "overall_anomaly": 0.6721,
        "headline": "Minor baseline surface variation"
      }
    },
    {
      "type": "Feature",
      "geometry": {
        "type": "Point",
        "coordinates": [
          78.355631,
          17.448175
        ]
      },
      "properties": {
        "grid_id": "HYD_0475",
        "rank": 829,
        "priority_score": 0.3998,
        "priority_level": "LOW",
        "recommendation": "ROUTINE_OBSERVATION",
        "period": "2020_2026",
        "reasons": [
          "SPATIAL_ANOMALY",
          "CYCLICAL_REVERSAL_DAMPENED"
        ],
        "overall_anomaly": 0.6683,
        "headline": "Minor baseline surface variation"
      }
    },
    {
      "type": "Feature",
      "geometry": {
        "type": "Point",
        "coordinates": [
          78.534322,
          17.454986
        ]
      },
      "properties": {
        "grid_id": "HYD_0470",
        "rank": 830,
        "priority_score": 0.3997,
        "priority_level": "LOW",
        "recommendation": "ROUTINE_OBSERVATION",
        "period": "2020_2026",
        "reasons": [
          "SPATIAL_ANOMALY",
          "VEGETATION_LOSS",
          "CYCLICAL_REVERSAL_DAMPENED"
        ],
        "overall_anomaly": 0.68,
        "headline": "Minor baseline surface variation"
      }
    },
    {
      "type": "Feature",
      "geometry": {
        "type": "Point",
        "coordinates": [
          78.520269,
          17.450296
        ]
      },
      "properties": {
        "grid_id": "HYD_0510",
        "rank": 831,
        "priority_score": 0.3996,
        "priority_level": "LOW",
        "recommendation": "ROUTINE_OBSERVATION",
        "period": "2020_2026",
        "reasons": [
          "SPATIAL_ANOMALY",
          "CYCLICAL_REVERSAL_DAMPENED"
        ],
        "overall_anomaly": 0.6635,
        "headline": "Minor baseline surface variation"
      }
    },
    {
      "type": "Feature",
      "geometry": {
        "type": "Point",
        "coordinates": [
          78.44933,
          17.476494
        ]
      },
      "properties": {
        "grid_id": "HYD_0237",
        "rank": 832,
        "priority_score": 0.3995,
        "priority_level": "LOW",
        "recommendation": "ROUTINE_OBSERVATION",
        "period": "2020_2026",
        "reasons": [
          "SPATIAL_ANOMALY",
          "CYCLICAL_REVERSAL_DAMPENED"
        ],
        "overall_anomaly": 0.6731,
        "headline": "Minor baseline surface variation"
      }
    },
    {
      "type": "Feature",
      "geometry": {
        "type": "Point",
        "coordinates": [
          78.488081,
          17.3957
        ]
      },
      "properties": {
        "grid_id": "HYD_1019",
        "rank": 833,
        "priority_score": 0.3995,
        "priority_level": "LOW",
        "recommendation": "ROUTINE_OBSERVATION",
        "period": "2020_2026",
        "reasons": [
          "SPATIAL_ANOMALY"
        ],
        "overall_anomaly": 0.6661,
        "headline": "Minor baseline surface variation"
      }
    },
    {
      "type": "Feature",
      "geometry": {
        "type": "Point",
        "coordinates": [
          78.445694,
          17.399677
        ]
      },
      "properties": {
        "grid_id": "HYD_0967",
        "rank": 834,
        "priority_score": 0.3995,
        "priority_level": "LOW",
        "recommendation": "ROUTINE_OBSERVATION",
        "period": "2020_2026",
        "reasons": [
          "SPATIAL_ANOMALY"
        ],
        "overall_anomaly": 0.6554,
        "headline": "Minor baseline surface variation"
      }
    },
    {
      "type": "Feature",
      "geometry": {
        "type": "Point",
        "coordinates": [
          78.538966,
          17.45956
        ]
      },
      "properties": {
        "grid_id": "HYD_0428",
        "rank": 835,
        "priority_score": 0.3994,
        "priority_level": "LOW",
        "recommendation": "ROUTINE_OBSERVATION",
        "period": "2020_2026",
        "reasons": [
          "SPATIAL_ANOMALY",
          "CYCLICAL_REVERSAL_DAMPENED"
        ],
        "overall_anomaly": 0.6803,
        "headline": "Minor baseline surface variation"
      }
    },
    {
      "type": "Feature",
      "geometry": {
        "type": "Point",
        "coordinates": [
          78.48344,
          17.391125
        ]
      },
      "properties": {
        "grid_id": "HYD_1061",
        "rank": 836,
        "priority_score": 0.3994,
        "priority_level": "LOW",
        "recommendation": "ROUTINE_OBSERVATION",
        "period": "2020_2026",
        "reasons": [
          "SPATIAL_ANOMALY",
          "CYCLICAL_REVERSAL_DAMPENED"
        ],
        "overall_anomaly": 0.6514,
        "headline": "Minor baseline surface variation"
      }
    },
    {
      "type": "Feature",
      "geometry": {
        "type": "Point",
        "coordinates": [
          78.383853,
          17.448548
        ]
      },
      "properties": {
        "grid_id": "HYD_0481",
        "rank": 837,
        "priority_score": 0.3993,
        "priority_level": "LOW",
        "recommendation": "ROUTINE_OBSERVATION",
        "period": "2020_2026",
        "reasons": [
          "SPATIAL_ANOMALY",
          "CYCLICAL_REVERSAL_DAMPENED"
        ],
        "overall_anomaly": 0.6748,
        "headline": "Minor baseline surface variation"
      }
    },
    {
      "type": "Feature",
      "geometry": {
        "type": "Point",
        "coordinates": [
          78.543246,
          17.491226
        ]
      },
      "properties": {
        "grid_id": "HYD_0128",
        "rank": 838,
        "priority_score": 0.3992,
        "priority_level": "LOW",
        "recommendation": "ROUTINE_OBSERVATION",
        "period": "2020_2026",
        "reasons": [
          "SPATIAL_ANOMALY",
          "VEGETATION_LOSS",
          "CYCLICAL_REVERSAL_DAMPENED"
        ],
        "overall_anomaly": 0.6706,
        "headline": "Minor baseline surface variation"
      }
    },
    {
      "type": "Feature",
      "geometry": {
        "type": "Point",
        "coordinates": [
          78.463569,
          17.467644
        ]
      },
      "properties": {
        "grid_id": "HYD_0326",
        "rank": 839,
        "priority_score": 0.3991,
        "priority_level": "LOW",
        "recommendation": "ROUTINE_OBSERVATION",
        "period": "2020_2026",
        "reasons": [
          "HIGH_SCENE_ANOMALY",
          "SPATIAL_ANOMALY",
          "CYCLICAL_REVERSAL_DAMPENED"
        ],
        "overall_anomaly": 0.7361,
        "headline": "Pronounced localized spectral change anomaly"
      }
    },
    {
      "type": "Feature",
      "geometry": {
        "type": "Point",
        "coordinates": [
          78.407499,
          17.439826
        ]
      },
      "properties": {
        "grid_id": "HYD_0572",
        "rank": 840,
        "priority_score": 0.3991,
        "priority_level": "LOW",
        "recommendation": "ROUTINE_OBSERVATION",
        "period": "2020_2026",
        "reasons": [
          "SPATIAL_ANOMALY",
          "VEGETATION_LOSS",
          "CYCLICAL_REVERSAL_DAMPENED"
        ],
        "overall_anomaly": 0.6659,
        "headline": "Minor baseline surface variation"
      }
    },
    {
      "type": "Feature",
      "geometry": {
        "type": "Point",
        "coordinates": [
          78.45046,
          17.395222
        ]
      },
      "properties": {
        "grid_id": "HYD_1011",
        "rank": 841,
        "priority_score": 0.3989,
        "priority_level": "LOW",
        "recommendation": "ROUTINE_OBSERVATION",
        "period": "2020_2026",
        "reasons": [
          "SPATIAL_ANOMALY",
          "CYCLICAL_REVERSAL_DAMPENED"
        ],
        "overall_anomaly": 0.6583,
        "headline": "Minor baseline surface variation"
      }
    },
    {
      "type": "Feature",
      "geometry": {
        "type": "Point",
        "coordinates": [
          78.351253,
          17.425539
        ]
      },
      "properties": {
        "grid_id": "HYD_0689",
        "rank": 842,
        "priority_score": 0.3989,
        "priority_level": "LOW",
        "recommendation": "ROUTINE_OBSERVATION",
        "period": "2020_2026",
        "reasons": [
          "SPATIAL_ANOMALY",
          "CYCLICAL_REVERSAL_DAMPENED"
        ],
        "overall_anomaly": 0.6569,
        "headline": "Minor baseline surface variation"
      }
    },
    {
      "type": "Feature",
      "geometry": {
        "type": "Point",
        "coordinates": [
          78.538905,
          17.464075
        ]
      },
      "properties": {
        "grid_id": "HYD_0385",
        "rank": 843,
        "priority_score": 0.3989,
        "priority_level": "LOW",
        "recommendation": "ROUTINE_OBSERVATION",
        "period": "2020_2026",
        "reasons": [
          "SPATIAL_ANOMALY",
          "CYCLICAL_REVERSAL_DAMPENED"
        ],
        "overall_anomaly": 0.6438,
        "headline": "Minor baseline surface variation"
      }
    },
    {
      "type": "Feature",
      "geometry": {
        "type": "Point",
        "coordinates": [
          78.41627,
          17.485098
        ]
      },
      "properties": {
        "grid_id": "HYD_0144",
        "rank": 844,
        "priority_score": 0.3988,
        "priority_level": "LOW",
        "recommendation": "ROUTINE_OBSERVATION",
        "period": "2020_2026",
        "reasons": [
          "SPATIAL_ANOMALY",
          "CYCLICAL_REVERSAL_DAMPENED"
        ],
        "overall_anomaly": 0.6698,
        "headline": "Minor baseline surface variation"
      }
    },
    {
      "type": "Feature",
      "geometry": {
        "type": "Point",
        "coordinates": [
          78.375156,
          17.398761
        ]
      },
      "properties": {
        "grid_id": "HYD_0952",
        "rank": 845,
        "priority_score": 0.3985,
        "priority_level": "LOW",
        "recommendation": "ROUTINE_OBSERVATION",
        "period": "2020_2026",
        "reasons": [
          "SPATIAL_ANOMALY"
        ],
        "overall_anomaly": 0.6598,
        "headline": "Minor baseline surface variation"
      }
    },
    {
      "type": "Feature",
      "geometry": {
        "type": "Point",
        "coordinates": [
          78.439668,
          17.494433
        ]
      },
      "properties": {
        "grid_id": "HYD_0063",
        "rank": 846,
        "priority_score": 0.3985,
        "priority_level": "LOW",
        "recommendation": "ROUTINE_OBSERVATION",
        "period": "2020_2026",
        "reasons": [
          "SPATIAL_ANOMALY",
          "CYCLICAL_REVERSAL_DAMPENED"
        ],
        "overall_anomaly": 0.6564,
        "headline": "Minor baseline surface variation"
      }
    },
    {
      "type": "Feature",
      "geometry": {
        "type": "Point",
        "coordinates": [
          78.548146,
          17.473222
        ]
      },
      "properties": {
        "grid_id": "HYD_0301",
        "rank": 847,
        "priority_score": 0.3983,
        "priority_level": "LOW",
        "recommendation": "ROUTINE_OBSERVATION",
        "period": "2020_2026",
        "reasons": [
          "SPATIAL_ANOMALY",
          "CYCLICAL_REVERSAL_DAMPENED"
        ],
        "overall_anomaly": 0.66,
        "headline": "Minor baseline surface variation"
      }
    },
    {
      "type": "Feature",
      "geometry": {
        "type": "Point",
        "coordinates": [
          78.384561,
          17.398885
        ]
      },
      "properties": {
        "grid_id": "HYD_0954",
        "rank": 848,
        "priority_score": 0.3982,
        "priority_level": "LOW",
        "recommendation": "ROUTINE_OBSERVATION",
        "period": "2020_2026",
        "reasons": [
          "SPATIAL_ANOMALY",
          "CYCLICAL_REVERSAL_DAMPENED"
        ],
        "overall_anomaly": 0.6759,
        "headline": "Minor baseline surface variation"
      }
    },
    {
      "type": "Feature",
      "geometry": {
        "type": "Point",
        "coordinates": [
          78.360594,
          17.430179
        ]
      },
      "properties": {
        "grid_id": "HYD_0648",
        "rank": 849,
        "priority_score": 0.3981,
        "priority_level": "LOW",
        "recommendation": "ROUTINE_OBSERVATION",
        "period": "2020_2026",
        "reasons": [
          "SPATIAL_ANOMALY",
          "CYCLICAL_REVERSAL_DAMPENED"
        ],
        "overall_anomaly": 0.6684,
        "headline": "Minor baseline surface variation"
      }
    },
    {
      "type": "Feature",
      "geometry": {
        "type": "Point",
        "coordinates": [
          78.505849,
          17.472695
        ]
      },
      "properties": {
        "grid_id": "HYD_0292",
        "rank": 850,
        "priority_score": 0.3981,
        "priority_level": "LOW",
        "recommendation": "ROUTINE_OBSERVATION",
        "period": "2020_2026",
        "reasons": [
          "SPATIAL_ANOMALY",
          "CYCLICAL_REVERSAL_DAMPENED"
        ],
        "overall_anomaly": 0.6598,
        "headline": "Minor baseline surface variation"
      }
    },
    {
      "type": "Feature",
      "geometry": {
        "type": "Point",
        "coordinates": [
          78.426377,
          17.435556
        ]
      },
      "properties": {
        "grid_id": "HYD_0619",
        "rank": 851,
        "priority_score": 0.398,
        "priority_level": "LOW",
        "recommendation": "ROUTINE_OBSERVATION",
        "period": "2020_2026",
        "reasons": [
          "SPATIAL_ANOMALY",
          "CYCLICAL_REVERSAL_DAMPENED"
        ],
        "overall_anomaly": 0.6655,
        "headline": "Minor baseline surface variation"
      }
    },
    {
      "type": "Feature",
      "geometry": {
        "type": "Point",
        "coordinates": [
          78.543367,
          17.482195
        ]
      },
      "properties": {
        "grid_id": "HYD_0214",
        "rank": 852,
        "priority_score": 0.3979,
        "priority_level": "LOW",
        "recommendation": "ROUTINE_OBSERVATION",
        "period": "2020_2026",
        "reasons": [
          "SPATIAL_ANOMALY",
          "CYCLICAL_REVERSAL_DAMPENED"
        ],
        "overall_anomaly": 0.6565,
        "headline": "Minor baseline surface variation"
      }
    },
    {
      "type": "Feature",
      "geometry": {
        "type": "Point",
        "coordinates": [
          78.436415,
          17.390527
        ]
      },
      "properties": {
        "grid_id": "HYD_1051",
        "rank": 853,
        "priority_score": 0.3978,
        "priority_level": "LOW",
        "recommendation": "ROUTINE_OBSERVATION",
        "period": "2020_2026",
        "reasons": [
          "SPATIAL_ANOMALY",
          "CYCLICAL_REVERSAL_DAMPENED"
        ],
        "overall_anomaly": 0.647,
        "headline": "Minor baseline surface variation"
      }
    },
    {
      "type": "Feature",
      "geometry": {
        "type": "Point",
        "coordinates": [
          78.538601,
          17.486652
        ]
      },
      "properties": {
        "grid_id": "HYD_0170",
        "rank": 854,
        "priority_score": 0.3977,
        "priority_level": "LOW",
        "recommendation": "ROUTINE_OBSERVATION",
        "period": "2020_2026",
        "reasons": [
          "SPATIAL_ANOMALY",
          "CYCLICAL_REVERSAL_DAMPENED"
        ],
        "overall_anomaly": 0.6558,
        "headline": "Minor baseline surface variation"
      }
    },
    {
      "type": "Feature",
      "geometry": {
        "type": "Point",
        "coordinates": [
          78.478738,
          17.391066
        ]
      },
      "properties": {
        "grid_id": "HYD_1060",
        "rank": 855,
        "priority_score": 0.3975,
        "priority_level": "LOW",
        "recommendation": "ROUTINE_OBSERVATION",
        "period": "2020_2026",
        "reasons": [
          "SPATIAL_ANOMALY",
          "CYCLICAL_REVERSAL_DAMPENED"
        ],
        "overall_anomaly": 0.6607,
        "headline": "Minor baseline surface variation"
      }
    },
    {
      "type": "Feature",
      "geometry": {
        "type": "Point",
        "coordinates": [
          78.51037,
          17.4863
        ]
      },
      "properties": {
        "grid_id": "HYD_0164",
        "rank": 856,
        "priority_score": 0.3974,
        "priority_level": "LOW",
        "recommendation": "ROUTINE_OBSERVATION",
        "period": "2020_2026",
        "reasons": [
          "SPATIAL_ANOMALY",
          "VEG_BUILTUP_COHERENCE",
          "VEGETATION_LOSS",
          "CYCLICAL_REVERSAL_DAMPENED"
        ],
        "overall_anomaly": 0.6632,
        "headline": "Minor baseline surface variation"
      }
    },
    {
      "type": "Feature",
      "geometry": {
        "type": "Point",
        "coordinates": [
          78.481952,
          17.49949
        ]
      },
      "properties": {
        "grid_id": "HYD_0029",
        "rank": 857,
        "priority_score": 0.3974,
        "priority_level": "LOW",
        "recommendation": "ROUTINE_OBSERVATION",
        "period": "2020_2026",
        "reasons": [
          "VEG_BUILTUP_COHERENCE",
          "VEGETATION_LOSS",
          "CYCLICAL_REVERSAL_DAMPENED"
        ],
        "overall_anomaly": 0.6297,
        "headline": "Minor baseline surface variation"
      }
    },
    {
      "type": "Feature",
      "geometry": {
        "type": "Point",
        "coordinates": [
          78.412267,
          17.435373
        ]
      },
      "properties": {
        "grid_id": "HYD_0616",
        "rank": 858,
        "priority_score": 0.3972,
        "priority_level": "LOW",
        "recommendation": "ROUTINE_OBSERVATION",
        "period": "2020_2026",
        "reasons": [
          "SPATIAL_ANOMALY",
          "CYCLICAL_REVERSAL_DAMPENED"
        ],
        "overall_anomaly": 0.6659,
        "headline": "Minor baseline surface variation"
      }
    },
    {
      "type": "Feature",
      "geometry": {
        "type": "Point",
        "coordinates": [
          78.496131,
          17.495153
        ]
      },
      "properties": {
        "grid_id": "HYD_0075",
        "rank": 859,
        "priority_score": 0.3972,
        "priority_level": "LOW",
        "recommendation": "ROUTINE_OBSERVATION",
        "period": "2020_2026",
        "reasons": [
          "SPATIAL_ANOMALY",
          "CYCLICAL_REVERSAL_DAMPENED"
        ],
        "overall_anomaly": 0.6622,
        "headline": "Minor baseline surface variation"
      }
    },
    {
      "type": "Feature",
      "geometry": {
        "type": "Point",
        "coordinates": [
          78.506464,
          17.427543
        ]
      },
      "properties": {
        "grid_id": "HYD_0722",
        "rank": 860,
        "priority_score": 0.3971,
        "priority_level": "LOW",
        "recommendation": "ROUTINE_OBSERVATION",
        "period": "2020_2026",
        "reasons": [
          "SPATIAL_ANOMALY",
          "CYCLICAL_REVERSAL_DAMPENED"
        ],
        "overall_anomaly": 0.6687,
        "headline": "Minor baseline surface variation"
      }
    },
    {
      "type": "Feature",
      "geometry": {
        "type": "Point",
        "coordinates": [
          78.398092,
          17.439704
        ]
      },
      "properties": {
        "grid_id": "HYD_0570",
        "rank": 861,
        "priority_score": 0.397,
        "priority_level": "LOW",
        "recommendation": "ROUTINE_OBSERVATION",
        "period": "2020_2026",
        "reasons": [
          "SPATIAL_ANOMALY",
          "CYCLICAL_REVERSAL_DAMPENED"
        ],
        "overall_anomaly": 0.6642,
        "headline": "Minor baseline surface variation"
      }
    },
    {
      "type": "Feature",
      "geometry": {
        "type": "Point",
        "coordinates": [
          78.384689,
          17.389855
        ]
      },
      "properties": {
        "grid_id": "HYD_1040",
        "rank": 862,
        "priority_score": 0.397,
        "priority_level": "LOW",
        "recommendation": "ROUTINE_OBSERVATION",
        "period": "2020_2026",
        "reasons": [
          "SPATIAL_ANOMALY"
        ],
        "overall_anomaly": 0.6579,
        "headline": "Minor baseline surface variation"
      }
    },
    {
      "type": "Feature",
      "geometry": {
        "type": "Point",
        "coordinates": [
          78.44431,
          17.499009
        ]
      },
      "properties": {
        "grid_id": "HYD_0021",
        "rank": 863,
        "priority_score": 0.3969,
        "priority_level": "LOW",
        "recommendation": "ROUTINE_OBSERVATION",
        "period": "2020_2026",
        "reasons": [
          "HIGH_SCENE_ANOMALY",
          "CYCLICAL_REVERSAL_DAMPENED"
        ],
        "overall_anomaly": 0.7384,
        "headline": "Pronounced scene-level change anomaly"
      }
    },
    {
      "type": "Feature",
      "geometry": {
        "type": "Point",
        "coordinates": [
          78.52619,
          17.360047
        ]
      },
      "properties": {
        "grid_id": "HYD_1371",
        "rank": 864,
        "priority_score": 0.3967,
        "priority_level": "LOW",
        "recommendation": "ROUTINE_OBSERVATION",
        "period": "2020_2026",
        "reasons": [
          "SPATIAL_ANOMALY",
          "CYCLICAL_REVERSAL_DAMPENED"
        ],
        "overall_anomaly": 0.6674,
        "headline": "Minor baseline surface variation"
      }
    },
    {
      "type": "Feature",
      "geometry": {
        "type": "Point",
        "coordinates": [
          78.436604,
          17.376981
        ]
      },
      "properties": {
        "grid_id": "HYD_1180",
        "rank": 865,
        "priority_score": 0.3966,
        "priority_level": "LOW",
        "recommendation": "ROUTINE_OBSERVATION",
        "period": "2020_2026",
        "reasons": [
          "SPATIAL_ANOMALY"
        ],
        "overall_anomaly": 0.657,
        "headline": "Minor baseline surface variation"
      }
    },
    {
      "type": "Feature",
      "geometry": {
        "type": "Point",
        "coordinates": [
          78.459365,
          17.431463
        ]
      },
      "properties": {
        "grid_id": "HYD_0669",
        "rank": 866,
        "priority_score": 0.3966,
        "priority_level": "LOW",
        "recommendation": "ROUTINE_OBSERVATION",
        "period": "2020_2026",
        "reasons": [
          "VEG_BUILTUP_COHERENCE",
          "VEGETATION_LOSS",
          "CYCLICAL_REVERSAL_DAMPENED"
        ],
        "overall_anomaly": 0.6521,
        "headline": "Minor baseline surface variation"
      }
    },
    {
      "type": "Feature",
      "geometry": {
        "type": "Point",
        "coordinates": [
          78.454662,
          17.431403
        ]
      },
      "properties": {
        "grid_id": "HYD_0668",
        "rank": 867,
        "priority_score": 0.3965,
        "priority_level": "LOW",
        "recommendation": "ROUTINE_OBSERVATION",
        "period": "2020_2026",
        "reasons": [
          "SPATIAL_ANOMALY",
          "CYCLICAL_REVERSAL_DAMPENED"
        ],
        "overall_anomaly": 0.6572,
        "headline": "Minor baseline surface variation"
      }
    },
    {
      "type": "Feature",
      "geometry": {
        "type": "Point",
        "coordinates": [
          78.431334,
          17.417556
        ]
      },
      "properties": {
        "grid_id": "HYD_0792",
        "rank": 868,
        "priority_score": 0.3961,
        "priority_level": "LOW",
        "recommendation": "ROUTINE_OBSERVATION",
        "period": "2020_2026",
        "reasons": [
          "SPATIAL_ANOMALY",
          "CYCLICAL_REVERSAL_DAMPENED"
        ],
        "overall_anomaly": 0.6565,
        "headline": "Minor baseline surface variation"
      }
    },
    {
      "type": "Feature",
      "geometry": {
        "type": "Point",
        "coordinates": [
          78.500774,
          17.499728
        ]
      },
      "properties": {
        "grid_id": "HYD_0033",
        "rank": 869,
        "priority_score": 0.396,
        "priority_level": "LOW",
        "recommendation": "ROUTINE_OBSERVATION",
        "period": "2020_2026",
        "reasons": [
          "SPATIAL_ANOMALY",
          "CYCLICAL_REVERSAL_DAMPENED"
        ],
        "overall_anomaly": 0.6608,
        "headline": "Minor baseline surface variation"
      }
    },
    {
      "type": "Feature",
      "geometry": {
        "type": "Point",
        "coordinates": [
          78.408264,
          17.385647
        ]
      },
      "properties": {
        "grid_id": "HYD_1088",
        "rank": 870,
        "priority_score": 0.3958,
        "priority_level": "LOW",
        "recommendation": "ROUTINE_OBSERVATION",
        "period": "2020_2026",
        "reasons": [
          "SPATIAL_ANOMALY"
        ],
        "overall_anomaly": 0.6458,
        "headline": "Minor baseline surface variation"
      }
    },
    {
      "type": "Feature",
      "geometry": {
        "type": "Point",
        "coordinates": [
          78.378438,
          17.498149
        ]
      },
      "properties": {
        "grid_id": "HYD_0007",
        "rank": 871,
        "priority_score": 0.3957,
        "priority_level": "LOW",
        "recommendation": "ROUTINE_OBSERVATION",
        "period": "2020_2026",
        "reasons": [
          "SPATIAL_ANOMALY",
          "CYCLICAL_REVERSAL_DAMPENED"
        ],
        "overall_anomaly": 0.6703,
        "headline": "Minor baseline surface variation"
      }
    },
    {
      "type": "Feature",
      "geometry": {
        "type": "Point",
        "coordinates": [
          78.472791,
          17.48131
        ]
      },
      "properties": {
        "grid_id": "HYD_0199",
        "rank": 872,
        "priority_score": 0.3955,
        "priority_level": "LOW",
        "recommendation": "ROUTINE_OBSERVATION",
        "period": "2020_2026",
        "reasons": [
          "SPATIAL_ANOMALY",
          "VEGETATION_LOSS",
          "CYCLICAL_REVERSAL_DAMPENED"
        ],
        "overall_anomaly": 0.6651,
        "headline": "Minor baseline surface variation"
      }
    },
    {
      "type": "Feature",
      "geometry": {
        "type": "Point",
        "coordinates": [
          78.520147,
          17.459326
        ]
      },
      "properties": {
        "grid_id": "HYD_0424",
        "rank": 873,
        "priority_score": 0.3953,
        "priority_level": "LOW",
        "recommendation": "ROUTINE_OBSERVATION",
        "period": "2020_2026",
        "reasons": [
          "SPATIAL_ANOMALY",
          "VEGETATION_LOSS",
          "CYCLICAL_REVERSAL_DAMPENED"
        ],
        "overall_anomaly": 0.6611,
        "headline": "Minor baseline surface variation"
      }
    },
    {
      "type": "Feature",
      "geometry": {
        "type": "Point",
        "coordinates": [
          78.459865,
          17.395342
        ]
      },
      "properties": {
        "grid_id": "HYD_1013",
        "rank": 874,
        "priority_score": 0.3952,
        "priority_level": "LOW",
        "recommendation": "ROUTINE_OBSERVATION",
        "period": "2020_2026",
        "reasons": [
          "SPATIAL_ANOMALY",
          "CYCLICAL_REVERSAL_DAMPENED"
        ],
        "overall_anomaly": 0.6616,
        "headline": "Minor baseline surface variation"
      }
    },
    {
      "type": "Feature",
      "geometry": {
        "type": "Point",
        "coordinates": [
          78.417669,
          17.385769
        ]
      },
      "properties": {
        "grid_id": "HYD_1090",
        "rank": 875,
        "priority_score": 0.3951,
        "priority_level": "LOW",
        "recommendation": "ROUTINE_OBSERVATION",
        "period": "2020_2026",
        "reasons": [
          "SPATIAL_ANOMALY",
          "CYCLICAL_REVERSAL_DAMPENED"
        ],
        "overall_anomaly": 0.6607,
        "headline": "Minor baseline surface variation"
      }
    },
    {
      "type": "Feature",
      "geometry": {
        "type": "Point",
        "coordinates": [
          78.398284,
          17.426159
        ]
      },
      "properties": {
        "grid_id": "HYD_0699",
        "rank": 876,
        "priority_score": 0.3951,
        "priority_level": "LOW",
        "recommendation": "ROUTINE_OBSERVATION",
        "period": "2020_2026",
        "reasons": [
          "SPATIAL_ANOMALY",
          "VEGETATION_LOSS",
          "CYCLICAL_REVERSAL_DAMPENED"
        ],
        "overall_anomaly": 0.6563,
        "headline": "Minor baseline surface variation"
      }
    },
    {
      "type": "Feature",
      "geometry": {
        "type": "Point",
        "coordinates": [
          78.493276,
          17.359637
        ]
      },
      "properties": {
        "grid_id": "HYD_1364",
        "rank": 877,
        "priority_score": 0.3948,
        "priority_level": "LOW",
        "recommendation": "ROUTINE_OBSERVATION",
        "period": "2020_2026",
        "reasons": [
          "SPATIAL_ANOMALY"
        ],
        "overall_anomaly": 0.6655,
        "headline": "Minor baseline surface variation"
      }
    },
    {
      "type": "Feature",
      "geometry": {
        "type": "Point",
        "coordinates": [
          78.44582,
          17.390647
        ]
      },
      "properties": {
        "grid_id": "HYD_1053",
        "rank": 878,
        "priority_score": 0.3947,
        "priority_level": "LOW",
        "recommendation": "ROUTINE_OBSERVATION",
        "period": "2020_2026",
        "reasons": [
          "SPATIAL_ANOMALY"
        ],
        "overall_anomaly": 0.6514,
        "headline": "Minor baseline surface variation"
      }
    },
    {
      "type": "Feature",
      "geometry": {
        "type": "Point",
        "coordinates": [
          78.365103,
          17.443785
        ]
      },
      "properties": {
        "grid_id": "HYD_0520",
        "rank": 879,
        "priority_score": 0.3945,
        "priority_level": "LOW",
        "recommendation": "ROUTINE_OBSERVATION",
        "period": "2020_2026",
        "reasons": [
          "SPATIAL_ANOMALY",
          "CYCLICAL_REVERSAL_DAMPENED"
        ],
        "overall_anomaly": 0.6803,
        "headline": "Minor baseline surface variation"
      }
    },
    {
      "type": "Feature",
      "geometry": {
        "type": "Point",
        "coordinates": [
          78.449456,
          17.467464
        ]
      },
      "properties": {
        "grid_id": "HYD_0323",
        "rank": 880,
        "priority_score": 0.3945,
        "priority_level": "LOW",
        "recommendation": "ROUTINE_OBSERVATION",
        "period": "2020_2026",
        "reasons": [
          "SPATIAL_ANOMALY",
          "CYCLICAL_REVERSAL_DAMPENED"
        ],
        "overall_anomaly": 0.6533,
        "headline": "Minor baseline surface variation"
      }
    },
    {
      "type": "Feature",
      "geometry": {
        "type": "Point",
        "coordinates": [
          78.449958,
          17.431343
        ]
      },
      "properties": {
        "grid_id": "HYD_0667",
        "rank": 881,
        "priority_score": 0.3944,
        "priority_level": "LOW",
        "recommendation": "ROUTINE_OBSERVATION",
        "period": "2020_2026",
        "reasons": [
          "SPATIAL_ANOMALY",
          "CYCLICAL_REVERSAL_DAMPENED"
        ],
        "overall_anomaly": 0.6476,
        "headline": "Minor baseline surface variation"
      }
    },
    {
      "type": "Feature",
      "geometry": {
        "type": "Point",
        "coordinates": [
          78.444625,
          17.476433
        ]
      },
      "properties": {
        "grid_id": "HYD_0236",
        "rank": 882,
        "priority_score": 0.3943,
        "priority_level": "LOW",
        "recommendation": "ROUTINE_OBSERVATION",
        "period": "2020_2026",
        "reasons": [
          "SPATIAL_ANOMALY",
          "VEGETATION_LOSS",
          "CYCLICAL_REVERSAL_DAMPENED"
        ],
        "overall_anomaly": 0.6778,
        "headline": "Minor baseline surface variation"
      }
    },
    {
      "type": "Feature",
      "geometry": {
        "type": "Point",
        "coordinates": [
          78.369093,
          17.49351
        ]
      },
      "properties": {
        "grid_id": "HYD_0048",
        "rank": 883,
        "priority_score": 0.3943,
        "priority_level": "LOW",
        "recommendation": "ROUTINE_OBSERVATION",
        "period": "2020_2026",
        "reasons": [
          "SPATIAL_ANOMALY",
          "CYCLICAL_REVERSAL_DAMPENED"
        ],
        "overall_anomaly": 0.6645,
        "headline": "Minor baseline surface variation"
      }
    },
    {
      "type": "Feature",
      "geometry": {
        "type": "Point",
        "coordinates": [
          78.383337,
          17.484667
        ]
      },
      "properties": {
        "grid_id": "HYD_0137",
        "rank": 884,
        "priority_score": 0.3941,
        "priority_level": "LOW",
        "recommendation": "ROUTINE_OBSERVATION",
        "period": "2020_2026",
        "reasons": [
          "SPATIAL_ANOMALY",
          "CYCLICAL_REVERSAL_DAMPENED"
        ],
        "overall_anomaly": 0.6603,
        "headline": "Minor baseline surface variation"
      }
    },
    {
      "type": "Feature",
      "geometry": {
        "type": "Point",
        "coordinates": [
          78.445192,
          17.435798
        ]
      },
      "properties": {
        "grid_id": "HYD_0623",
        "rank": 885,
        "priority_score": 0.394,
        "priority_level": "LOW",
        "recommendation": "ROUTINE_OBSERVATION",
        "period": "2020_2026",
        "reasons": [
          "SPATIAL_ANOMALY",
          "CYCLICAL_REVERSAL_DAMPENED"
        ],
        "overall_anomaly": 0.6493,
        "headline": "Minor baseline surface variation"
      }
    },
    {
      "type": "Feature",
      "geometry": {
        "type": "Point",
        "coordinates": [
          78.432216,
          17.354346
        ]
      },
      "properties": {
        "grid_id": "HYD_1394",
        "rank": 886,
        "priority_score": 0.394,
        "priority_level": "LOW",
        "recommendation": "ROUTINE_OBSERVATION",
        "period": "2020_2026",
        "reasons": [
          "SPATIAL_ANOMALY"
        ],
        "overall_anomaly": 0.6291,
        "headline": "Minor baseline surface variation"
      }
    },
    {
      "type": "Feature",
      "geometry": {
        "type": "Point",
        "coordinates": [
          78.492846,
          17.391244
        ]
      },
      "properties": {
        "grid_id": "HYD_1063",
        "rank": 887,
        "priority_score": 0.3937,
        "priority_level": "LOW",
        "recommendation": "ROUTINE_OBSERVATION",
        "period": "2020_2026",
        "reasons": [
          "SPATIAL_ANOMALY"
        ],
        "overall_anomaly": 0.6612,
        "headline": "Minor baseline surface variation"
      }
    },
    {
      "type": "Feature",
      "geometry": {
        "type": "Point",
        "coordinates": [
          78.496501,
          17.468062
        ]
      },
      "properties": {
        "grid_id": "HYD_0333",
        "rank": 888,
        "priority_score": 0.3937,
        "priority_level": "LOW",
        "recommendation": "ROUTINE_OBSERVATION",
        "period": "2020_2026",
        "reasons": [
          "SPATIAL_ANOMALY",
          "VEG_BUILTUP_COHERENCE",
          "VEGETATION_LOSS",
          "CYCLICAL_REVERSAL_DAMPENED"
        ],
        "overall_anomaly": 0.632,
        "headline": "Minor baseline surface variation"
      }
    },
    {
      "type": "Feature",
      "geometry": {
        "type": "Point",
        "coordinates": [
          78.469208,
          17.399977
        ]
      },
      "properties": {
        "grid_id": "HYD_0972",
        "rank": 889,
        "priority_score": 0.3936,
        "priority_level": "LOW",
        "recommendation": "ROUTINE_OBSERVATION",
        "period": "2020_2026",
        "reasons": [
          "SPATIAL_ANOMALY",
          "CYCLICAL_REVERSAL_DAMPENED"
        ],
        "overall_anomaly": 0.6675,
        "headline": "Minor baseline surface variation"
      }
    },
    {
      "type": "Feature",
      "geometry": {
        "type": "Point",
        "coordinates": [
          78.47329,
          17.445188
        ]
      },
      "properties": {
        "grid_id": "HYD_0543",
        "rank": 890,
        "priority_score": 0.3935,
        "priority_level": "LOW",
        "recommendation": "ROUTINE_OBSERVATION",
        "period": "2020_2026",
        "reasons": [
          "SPATIAL_ANOMALY",
          "VEGETATION_LOSS",
          "CYCLICAL_REVERSAL_DAMPENED"
        ],
        "overall_anomaly": 0.6554,
        "headline": "Minor baseline surface variation"
      }
    },
    {
      "type": "Feature",
      "geometry": {
        "type": "Point",
        "coordinates": [
          78.53854,
          17.491168
        ]
      },
      "properties": {
        "grid_id": "HYD_0127",
        "rank": 891,
        "priority_score": 0.3931,
        "priority_level": "LOW",
        "recommendation": "ROUTINE_OBSERVATION",
        "period": "2020_2026",
        "reasons": [
          "SPATIAL_ANOMALY",
          "CYCLICAL_REVERSAL_DAMPENED"
        ],
        "overall_anomaly": 0.6575,
        "headline": "Minor baseline surface variation"
      }
    },
    {
      "type": "Feature",
      "geometry": {
        "type": "Point",
        "coordinates": [
          78.524546,
          17.481961
        ]
      },
      "properties": {
        "grid_id": "HYD_0210",
        "rank": 892,
        "priority_score": 0.393,
        "priority_level": "LOW",
        "recommendation": "ROUTINE_OBSERVATION",
        "period": "2020_2026",
        "reasons": [
          "SPATIAL_ANOMALY",
          "VEGETATION_LOSS",
          "CYCLICAL_REVERSAL_DAMPENED"
        ],
        "overall_anomaly": 0.669,
        "headline": "Minor baseline surface variation"
      }
    },
    {
      "type": "Feature",
      "geometry": {
        "type": "Point",
        "coordinates": [
          78.436478,
          17.386012
        ]
      },
      "properties": {
        "grid_id": "HYD_1094",
        "rank": 893,
        "priority_score": 0.393,
        "priority_level": "LOW",
        "recommendation": "ROUTINE_OBSERVATION",
        "period": "2020_2026",
        "reasons": [
          "SPATIAL_ANOMALY"
        ],
        "overall_anomaly": 0.6402,
        "headline": "Minor baseline surface variation"
      }
    },
    {
      "type": "Feature",
      "geometry": {
        "type": "Point",
        "coordinates": [
          78.407818,
          17.417252
        ]
      },
      "properties": {
        "grid_id": "HYD_0787",
        "rank": 894,
        "priority_score": 0.3926,
        "priority_level": "LOW",
        "recommendation": "ROUTINE_OBSERVATION",
        "period": "2020_2026",
        "reasons": [
          "SPATIAL_ANOMALY",
          "CYCLICAL_REVERSAL_DAMPENED"
        ],
        "overall_anomaly": 0.6572,
        "headline": "Minor baseline surface variation"
      }
    },
    {
      "type": "Feature",
      "geometry": {
        "type": "Point",
        "coordinates": [
          78.497548,
          17.391303
        ]
      },
      "properties": {
        "grid_id": "HYD_1064",
        "rank": 895,
        "priority_score": 0.3923,
        "priority_level": "LOW",
        "recommendation": "ROUTINE_OBSERVATION",
        "period": "2020_2026",
        "reasons": [
          "SPATIAL_ANOMALY",
          "CYCLICAL_REVERSAL_DAMPENED"
        ],
        "overall_anomaly": 0.6607,
        "headline": "Minor baseline surface variation"
      }
    },
    {
      "type": "Feature",
      "geometry": {
        "type": "Point",
        "coordinates": [
          78.421737,
          17.43098
        ]
      },
      "properties": {
        "grid_id": "HYD_0661",
        "rank": 896,
        "priority_score": 0.3922,
        "priority_level": "LOW",
        "recommendation": "ROUTINE_OBSERVATION",
        "period": "2020_2026",
        "reasons": [
          "SPATIAL_ANOMALY",
          "CYCLICAL_REVERSAL_DAMPENED"
        ],
        "overall_anomaly": 0.6439,
        "headline": "Minor baseline surface variation"
      }
    },
    {
      "type": "Feature",
      "geometry": {
        "type": "Point",
        "coordinates": [
          78.483317,
          17.400156
        ]
      },
      "properties": {
        "grid_id": "HYD_0975",
        "rank": 897,
        "priority_score": 0.3921,
        "priority_level": "LOW",
        "recommendation": "ROUTINE_OBSERVATION",
        "period": "2020_2026",
        "reasons": [
          "SPATIAL_ANOMALY",
          "CYCLICAL_REVERSAL_DAMPENED"
        ],
        "overall_anomaly": 0.6658,
        "headline": "Minor baseline surface variation"
      }
    },
    {
      "type": "Feature",
      "geometry": {
        "type": "Point",
        "coordinates": [
          78.360269,
          17.452752
        ]
      },
      "properties": {
        "grid_id": "HYD_0433",
        "rank": 898,
        "priority_score": 0.3919,
        "priority_level": "LOW",
        "recommendation": "ROUTINE_OBSERVATION",
        "period": "2020_2026",
        "reasons": [
          "HIGH_SCENE_ANOMALY",
          "SPATIAL_ANOMALY",
          "CYCLICAL_REVERSAL_DAMPENED"
        ],
        "overall_anomaly": 0.7191,
        "headline": "Pronounced localized spectral change anomaly"
      }
    },
    {
      "type": "Feature",
      "geometry": {
        "type": "Point",
        "coordinates": [
          78.464007,
          17.436039
        ]
      },
      "properties": {
        "grid_id": "HYD_0627",
        "rank": 899,
        "priority_score": 0.3919,
        "priority_level": "LOW",
        "recommendation": "ROUTINE_OBSERVATION",
        "period": "2020_2026",
        "reasons": [
          "SPATIAL_ANOMALY",
          "CYCLICAL_REVERSAL_DAMPENED"
        ],
        "overall_anomaly": 0.6638,
        "headline": "Minor baseline surface variation"
      }
    },
    {
      "type": "Feature",
      "geometry": {
        "type": "Point",
        "coordinates": [
          78.427073,
          17.385891
        ]
      },
      "properties": {
        "grid_id": "HYD_1092",
        "rank": 900,
        "priority_score": 0.3915,
        "priority_level": "LOW",
        "recommendation": "ROUTINE_OBSERVATION",
        "period": "2020_2026",
        "reasons": [
          "SPATIAL_ANOMALY",
          "CYCLICAL_REVERSAL_DAMPENED"
        ],
        "overall_anomaly": 0.64,
        "headline": "Minor baseline surface variation"
      }
    },
    {
      "type": "Feature",
      "geometry": {
        "type": "Point",
        "coordinates": [
          78.464879,
          17.372827
        ]
      },
      "properties": {
        "grid_id": "HYD_1229",
        "rank": 901,
        "priority_score": 0.3912,
        "priority_level": "LOW",
        "recommendation": "ROUTINE_OBSERVATION",
        "period": "2020_2026",
        "reasons": [
          "SPATIAL_ANOMALY",
          "CYCLICAL_REVERSAL_DAMPENED"
        ],
        "overall_anomaly": 0.6529,
        "headline": "Minor baseline surface variation"
      }
    },
    {
      "type": "Feature",
      "geometry": {
        "type": "Point",
        "coordinates": [
          78.389839,
          17.358313
        ]
      },
      "properties": {
        "grid_id": "HYD_1342",
        "rank": 902,
        "priority_score": 0.3911,
        "priority_level": "LOW",
        "recommendation": "ROUTINE_OBSERVATION",
        "period": "2020_2026",
        "reasons": [
          "SPATIAL_ANOMALY",
          "CYCLICAL_REVERSAL_DAMPENED"
        ],
        "overall_anomaly": 0.6758,
        "headline": "Minor baseline surface variation"
      }
    },
    {
      "type": "Feature",
      "geometry": {
        "type": "Point",
        "coordinates": [
          78.458865,
          17.467584
        ]
      },
      "properties": {
        "grid_id": "HYD_0325",
        "rank": 903,
        "priority_score": 0.3911,
        "priority_level": "LOW",
        "recommendation": "ROUTINE_OBSERVATION",
        "period": "2020_2026",
        "reasons": [
          "SPATIAL_ANOMALY"
        ],
        "overall_anomaly": 0.646,
        "headline": "Minor baseline surface variation"
      }
    },
    {
      "type": "Feature",
      "geometry": {
        "type": "Point",
        "coordinates": [
          78.463819,
          17.449584
        ]
      },
      "properties": {
        "grid_id": "HYD_0498",
        "rank": 904,
        "priority_score": 0.391,
        "priority_level": "LOW",
        "recommendation": "ROUTINE_OBSERVATION",
        "period": "2020_2026",
        "reasons": [
          "SPATIAL_ANOMALY"
        ],
        "overall_anomaly": 0.6641,
        "headline": "Minor baseline surface variation"
      }
    },
    {
      "type": "Feature",
      "geometry": {
        "type": "Point",
        "coordinates": [
          78.454286,
          17.458494
        ]
      },
      "properties": {
        "grid_id": "HYD_0410",
        "rank": 905,
        "priority_score": 0.391,
        "priority_level": "LOW",
        "recommendation": "ROUTINE_OBSERVATION",
        "period": "2020_2026",
        "reasons": [
          "SPATIAL_ANOMALY",
          "CYCLICAL_REVERSAL_DAMPENED"
        ],
        "overall_anomaly": 0.6544,
        "headline": "Minor baseline surface variation"
      }
    },
    {
      "type": "Feature",
      "geometry": {
        "type": "Point",
        "coordinates": [
          78.422244,
          17.39486
        ]
      },
      "properties": {
        "grid_id": "HYD_1005",
        "rank": 906,
        "priority_score": 0.391,
        "priority_level": "LOW",
        "recommendation": "ROUTINE_OBSERVATION",
        "period": "2020_2026",
        "reasons": [
          "SPATIAL_ANOMALY",
          "CYCLICAL_REVERSAL_DAMPENED"
        ],
        "overall_anomaly": 0.6401,
        "headline": "Minor baseline surface variation"
      }
    },
    {
      "type": "Feature",
      "geometry": {
        "type": "Point",
        "coordinates": [
          78.440047,
          17.467343
        ]
      },
      "properties": {
        "grid_id": "HYD_0321",
        "rank": 907,
        "priority_score": 0.3908,
        "priority_level": "LOW",
        "recommendation": "ROUTINE_OBSERVATION",
        "period": "2020_2026",
        "reasons": [
          "SPATIAL_ANOMALY",
          "CYCLICAL_REVERSAL_DAMPENED"
        ],
        "overall_anomaly": 0.6575,
        "headline": "Minor baseline surface variation"
      }
    },
    {
      "type": "Feature",
      "geometry": {
        "type": "Point",
        "coordinates": [
          78.525826,
          17.387139
        ]
      },
      "properties": {
        "grid_id": "HYD_1113",
        "rank": 908,
        "priority_score": 0.3904,
        "priority_level": "LOW",
        "recommendation": "ROUTINE_OBSERVATION",
        "period": "2020_2026",
        "reasons": [
          "SPATIAL_ANOMALY",
          "VEGETATION_LOSS",
          "CYCLICAL_REVERSAL_DAMPENED"
        ],
        "overall_anomaly": 0.6672,
        "headline": "Minor baseline surface variation"
      }
    },
    {
      "type": "Feature",
      "geometry": {
        "type": "Point",
        "coordinates": [
          78.361502,
          17.366972
        ]
      },
      "properties": {
        "grid_id": "HYD_1250",
        "rank": 909,
        "priority_score": 0.3903,
        "priority_level": "LOW",
        "recommendation": "ROUTINE_OBSERVATION",
        "period": "2020_2026",
        "reasons": [
          "SPATIAL_ANOMALY",
          "CYCLICAL_REVERSAL_DAMPENED"
        ],
        "overall_anomaly": 0.6416,
        "headline": "Minor baseline surface variation"
      }
    },
    {
      "type": "Feature",
      "geometry": {
        "type": "Point",
        "coordinates": [
          78.497364,
          17.404849
        ]
      },
      "properties": {
        "grid_id": "HYD_0935",
        "rank": 910,
        "priority_score": 0.3901,
        "priority_level": "LOW",
        "recommendation": "ROUTINE_OBSERVATION",
        "period": "2020_2026",
        "reasons": [
          "SPATIAL_ANOMALY"
        ],
        "overall_anomaly": 0.6573,
        "headline": "Minor baseline surface variation"
      }
    },
    {
      "type": "Feature",
      "geometry": {
        "type": "Point",
        "coordinates": [
          78.383207,
          17.493697
        ]
      },
      "properties": {
        "grid_id": "HYD_0051",
        "rank": 911,
        "priority_score": 0.39,
        "priority_level": "LOW",
        "recommendation": "ROUTINE_OBSERVATION",
        "period": "2020_2026",
        "reasons": [
          "SPATIAL_ANOMALY",
          "CYCLICAL_REVERSAL_DAMPENED"
        ],
        "overall_anomaly": 0.6532,
        "headline": "Minor baseline surface variation"
      }
    },
    {
      "type": "Feature",
      "geometry": {
        "type": "Point",
        "coordinates": [
          78.412585,
          17.412798
        ]
      },
      "properties": {
        "grid_id": "HYD_0831",
        "rank": 912,
        "priority_score": 0.3898,
        "priority_level": "LOW",
        "recommendation": "ROUTINE_OBSERVATION",
        "period": "2020_2026",
        "reasons": [
          "SPATIAL_ANOMALY",
          "CYCLICAL_REVERSAL_DAMPENED"
        ],
        "overall_anomaly": 0.6418,
        "headline": "Minor baseline surface variation"
      }
    },
    {
      "type": "Feature",
      "geometry": {
        "type": "Point",
        "coordinates": [
          78.364323,
          17.497962
        ]
      },
      "properties": {
        "grid_id": "HYD_0004",
        "rank": 913,
        "priority_score": 0.3897,
        "priority_level": "LOW",
        "recommendation": "ROUTINE_OBSERVATION",
        "period": "2020_2026",
        "reasons": [
          "SPATIAL_ANOMALY",
          "CYCLICAL_REVERSAL_DAMPENED"
        ],
        "overall_anomaly": 0.6473,
        "headline": "Minor baseline surface variation"
      }
    },
    {
      "type": "Feature",
      "geometry": {
        "type": "Point",
        "coordinates": [
          78.365038,
          17.4483
        ]
      },
      "properties": {
        "grid_id": "HYD_0477",
        "rank": 914,
        "priority_score": 0.3896,
        "priority_level": "LOW",
        "recommendation": "ROUTINE_OBSERVATION",
        "period": "2020_2026",
        "reasons": [
          "SPATIAL_ANOMALY",
          "CYCLICAL_REVERSAL_DAMPENED"
        ],
        "overall_anomaly": 0.6686,
        "headline": "Minor baseline surface variation"
      }
    },
    {
      "type": "Feature",
      "geometry": {
        "type": "Point",
        "coordinates": [
          78.538723,
          17.477622
        ]
      },
      "properties": {
        "grid_id": "HYD_0256",
        "rank": 915,
        "priority_score": 0.3896,
        "priority_level": "LOW",
        "recommendation": "ROUTINE_OBSERVATION",
        "period": "2020_2026",
        "reasons": [
          "SPATIAL_ANOMALY",
          "CYCLICAL_REVERSAL_DAMPENED"
        ],
        "overall_anomaly": 0.6402,
        "headline": "Minor baseline surface variation"
      }
    },
    {
      "type": "Feature",
      "geometry": {
        "type": "Point",
        "coordinates": [
          78.3979,
          17.453248
        ]
      },
      "properties": {
        "grid_id": "HYD_0441",
        "rank": 916,
        "priority_score": 0.3895,
        "priority_level": "LOW",
        "recommendation": "ROUTINE_OBSERVATION",
        "period": "2020_2026",
        "reasons": [
          "SPATIAL_ANOMALY",
          "CYCLICAL_REVERSAL_DAMPENED"
        ],
        "overall_anomaly": 0.6475,
        "headline": "Minor baseline surface variation"
      }
    },
    {
      "type": "Feature",
      "geometry": {
        "type": "Point",
        "coordinates": [
          78.398796,
          17.39004
        ]
      },
      "properties": {
        "grid_id": "HYD_1043",
        "rank": 917,
        "priority_score": 0.3895,
        "priority_level": "LOW",
        "recommendation": "ROUTINE_OBSERVATION",
        "period": "2020_2026",
        "reasons": [
          "SPATIAL_ANOMALY"
        ],
        "overall_anomaly": 0.6348,
        "headline": "Minor baseline surface variation"
      }
    },
    {
      "type": "Feature",
      "geometry": {
        "type": "Point",
        "coordinates": [
          78.455287,
          17.386252
        ]
      },
      "properties": {
        "grid_id": "HYD_1098",
        "rank": 918,
        "priority_score": 0.3895,
        "priority_level": "LOW",
        "recommendation": "ROUTINE_OBSERVATION",
        "period": "2020_2026",
        "reasons": [
          "SPATIAL_ANOMALY"
        ],
        "overall_anomaly": 0.6293,
        "headline": "Minor baseline surface variation"
      }
    },
    {
      "type": "Feature",
      "geometry": {
        "type": "Point",
        "coordinates": [
          78.44118,
          17.386072
        ]
      },
      "properties": {
        "grid_id": "HYD_1095",
        "rank": 919,
        "priority_score": 0.3894,
        "priority_level": "LOW",
        "recommendation": "ROUTINE_OBSERVATION",
        "period": "2020_2026",
        "reasons": [
          "SPATIAL_ANOMALY",
          "CYCLICAL_REVERSAL_DAMPENED"
        ],
        "overall_anomaly": 0.6499,
        "headline": "Minor baseline surface variation"
      }
    },
    {
      "type": "Feature",
      "geometry": {
        "type": "Point",
        "coordinates": [
          78.477745,
          17.463309
        ]
      },
      "properties": {
        "grid_id": "HYD_0372",
        "rank": 920,
        "priority_score": 0.3894,
        "priority_level": "LOW",
        "recommendation": "ROUTINE_OBSERVATION",
        "period": "2020_2026",
        "reasons": [
          "SPATIAL_ANOMALY",
          "VEGETATION_LOSS",
          "CYCLICAL_REVERSAL_DAMPENED"
        ],
        "overall_anomaly": 0.6494,
        "headline": "Minor baseline surface variation"
      }
    },
    {
      "type": "Feature",
      "geometry": {
        "type": "Point",
        "coordinates": [
          78.450334,
          17.404253
        ]
      },
      "properties": {
        "grid_id": "HYD_0925",
        "rank": 921,
        "priority_score": 0.3893,
        "priority_level": "LOW",
        "recommendation": "ROUTINE_OBSERVATION",
        "period": "2020_2026",
        "reasons": [
          "SPATIAL_ANOMALY",
          "CYCLICAL_REVERSAL_DAMPENED"
        ],
        "overall_anomaly": 0.6634,
        "headline": "Minor baseline surface variation"
      }
    },
    {
      "type": "Feature",
      "geometry": {
        "type": "Point",
        "coordinates": [
          78.449141,
          17.490039
        ]
      },
      "properties": {
        "grid_id": "HYD_0108",
        "rank": 922,
        "priority_score": 0.3892,
        "priority_level": "LOW",
        "recommendation": "ROUTINE_OBSERVATION",
        "period": "2020_2026",
        "reasons": [
          "SPATIAL_ANOMALY",
          "CYCLICAL_REVERSAL_DAMPENED"
        ],
        "overall_anomaly": 0.6536,
        "headline": "Minor baseline surface variation"
      }
    },
    {
      "type": "Feature",
      "geometry": {
        "type": "Point",
        "coordinates": [
          78.529678,
          17.450413
        ]
      },
      "properties": {
        "grid_id": "HYD_0512",
        "rank": 923,
        "priority_score": 0.3891,
        "priority_level": "LOW",
        "recommendation": "ROUTINE_OBSERVATION",
        "period": "2020_2026",
        "reasons": [
          "SPATIAL_ANOMALY",
          "CYCLICAL_REVERSAL_DAMPENED"
        ],
        "overall_anomaly": 0.6468,
        "headline": "Minor baseline surface variation"
      }
    },
    {
      "type": "Feature",
      "geometry": {
        "type": "Point",
        "coordinates": [
          78.403562,
          17.385586
        ]
      },
      "properties": {
        "grid_id": "HYD_1087",
        "rank": 924,
        "priority_score": 0.3891,
        "priority_level": "LOW",
        "recommendation": "ROUTINE_OBSERVATION",
        "period": "2020_2026",
        "reasons": [
          "SPATIAL_ANOMALY"
        ],
        "overall_anomaly": 0.6373,
        "headline": "Minor baseline surface variation"
      }
    },
    {
      "type": "Feature",
      "geometry": {
        "type": "Point",
        "coordinates": [
          78.51978,
          17.486418
        ]
      },
      "properties": {
        "grid_id": "HYD_0166",
        "rank": 925,
        "priority_score": 0.389,
        "priority_level": "LOW",
        "recommendation": "ROUTINE_OBSERVATION",
        "period": "2020_2026",
        "reasons": [
          "SPATIAL_ANOMALY",
          "VEG_BUILTUP_COHERENCE",
          "VEGETATION_LOSS",
          "CYCLICAL_REVERSAL_DAMPENED"
        ],
        "overall_anomaly": 0.6432,
        "headline": "Minor baseline surface variation"
      }
    },
    {
      "type": "Feature",
      "geometry": {
        "type": "Point",
        "coordinates": [
          78.459678,
          17.408888
        ]
      },
      "properties": {
        "grid_id": "HYD_0884",
        "rank": 926,
        "priority_score": 0.3889,
        "priority_level": "LOW",
        "recommendation": "ROUTINE_OBSERVATION",
        "period": "2020_2026",
        "reasons": [
          "SPATIAL_ANOMALY"
        ],
        "overall_anomaly": 0.6347,
        "headline": "Minor baseline surface variation"
      }
    },
    {
      "type": "Feature",
      "geometry": {
        "type": "Point",
        "coordinates": [
          78.53071,
          17.373651
        ]
      },
      "properties": {
        "grid_id": "HYD_1243",
        "rank": 927,
        "priority_score": 0.3888,
        "priority_level": "LOW",
        "recommendation": "ROUTINE_OBSERVATION",
        "period": "2020_2026",
        "reasons": [
          "SPATIAL_ANOMALY",
          "CYCLICAL_REVERSAL_DAMPENED"
        ],
        "overall_anomaly": 0.655,
        "headline": "Minor baseline surface variation"
      }
    },
    {
      "type": "Feature",
      "geometry": {
        "type": "Point",
        "coordinates": [
          78.464568,
          17.395402
        ]
      },
      "properties": {
        "grid_id": "HYD_1014",
        "rank": 928,
        "priority_score": 0.3888,
        "priority_level": "LOW",
        "recommendation": "ROUTINE_OBSERVATION",
        "period": "2020_2026",
        "reasons": [
          "SPATIAL_ANOMALY",
          "CYCLICAL_REVERSAL_DAMPENED"
        ],
        "overall_anomaly": 0.6289,
        "headline": "Minor baseline surface variation"
      }
    },
    {
      "type": "Feature",
      "geometry": {
        "type": "Point",
        "coordinates": [
          78.439794,
          17.485403
        ]
      },
      "properties": {
        "grid_id": "HYD_0149",
        "rank": 929,
        "priority_score": 0.3887,
        "priority_level": "LOW",
        "recommendation": "ROUTINE_OBSERVATION",
        "period": "2020_2026",
        "reasons": [
          "SPATIAL_ANOMALY",
          "CYCLICAL_REVERSAL_DAMPENED"
        ],
        "overall_anomaly": 0.6767,
        "headline": "Minor baseline surface variation"
      }
    },
    {
      "type": "Feature",
      "geometry": {
        "type": "Point",
        "coordinates": [
          78.435848,
          17.431162
        ]
      },
      "properties": {
        "grid_id": "HYD_0664",
        "rank": 930,
        "priority_score": 0.3886,
        "priority_level": "LOW",
        "recommendation": "ROUTINE_OBSERVATION",
        "period": "2020_2026",
        "reasons": [
          "SPATIAL_ANOMALY",
          "CYCLICAL_REVERSAL_DAMPENED"
        ],
        "overall_anomaly": 0.6463,
        "headline": "Minor baseline surface variation"
      }
    },
    {
      "type": "Feature",
      "geometry": {
        "type": "Point",
        "coordinates": [
          78.491797,
          17.468003
        ]
      },
      "properties": {
        "grid_id": "HYD_0332",
        "rank": 931,
        "priority_score": 0.3886,
        "priority_level": "LOW",
        "recommendation": "ROUTINE_OBSERVATION",
        "period": "2020_2026",
        "reasons": [
          "SPATIAL_ANOMALY",
          "CYCLICAL_REVERSAL_DAMPENED"
        ],
        "overall_anomaly": 0.6331,
        "headline": "Minor baseline surface variation"
      }
    },
    {
      "type": "Feature",
      "geometry": {
        "type": "Point",
        "coordinates": [
          78.444373,
          17.494494
        ]
      },
      "properties": {
        "grid_id": "HYD_0064",
        "rank": 932,
        "priority_score": 0.3884,
        "priority_level": "LOW",
        "recommendation": "ROUTINE_OBSERVATION",
        "period": "2020_2026",
        "reasons": [
          "SPATIAL_ANOMALY",
          "CYCLICAL_REVERSAL_DAMPENED"
        ],
        "overall_anomaly": 0.644,
        "headline": "Minor baseline surface variation"
      }
    },
    {
      "type": "Feature",
      "geometry": {
        "type": "Point",
        "coordinates": [
          78.479047,
          17.36849
        ]
      },
      "properties": {
        "grid_id": "HYD_1275",
        "rank": 933,
        "priority_score": 0.3881,
        "priority_level": "LOW",
        "recommendation": "ROUTINE_OBSERVATION",
        "period": "2020_2026",
        "reasons": [
          "SPATIAL_ANOMALY",
          "CYCLICAL_REVERSAL_DAMPENED"
        ],
        "overall_anomaly": 0.6465,
        "headline": "Minor baseline surface variation"
      }
    },
    {
      "type": "Feature",
      "geometry": {
        "type": "Point",
        "coordinates": [
          78.417351,
          17.408344
        ]
      },
      "properties": {
        "grid_id": "HYD_0875",
        "rank": 934,
        "priority_score": 0.388,
        "priority_level": "LOW",
        "recommendation": "ROUTINE_OBSERVATION",
        "period": "2020_2026",
        "reasons": [
          "SPATIAL_ANOMALY",
          "CYCLICAL_REVERSAL_DAMPENED"
        ],
        "overall_anomaly": 0.651,
        "headline": "Minor baseline surface variation"
      }
    },
    {
      "type": "Feature",
      "geometry": {
        "type": "Point",
        "coordinates": [
          78.501883,
          17.418453
        ]
      },
      "properties": {
        "grid_id": "HYD_0807",
        "rank": 935,
        "priority_score": 0.388,
        "priority_level": "LOW",
        "recommendation": "ROUTINE_OBSERVATION",
        "period": "2020_2026",
        "reasons": [
          "SPATIAL_ANOMALY",
          "CYCLICAL_REVERSAL_DAMPENED"
        ],
        "overall_anomaly": 0.6434,
        "headline": "Minor baseline surface variation"
      }
    },
    {
      "type": "Feature",
      "geometry": {
        "type": "Point",
        "coordinates": [
          78.431586,
          17.399496
        ]
      },
      "properties": {
        "grid_id": "HYD_0964",
        "rank": 936,
        "priority_score": 0.388,
        "priority_level": "LOW",
        "recommendation": "ROUTINE_OBSERVATION",
        "period": "2020_2026",
        "reasons": [
          "SPATIAL_ANOMALY",
          "VEG_BUILTUP_COHERENCE",
          "VEGETATION_LOSS",
          "CYCLICAL_REVERSAL_DAMPENED"
        ],
        "overall_anomaly": 0.6385,
        "headline": "Minor baseline surface variation"
      }
    },
    {
      "type": "Feature",
      "geometry": {
        "type": "Point",
        "coordinates": [
          78.380308,
          17.367219
        ]
      },
      "properties": {
        "grid_id": "HYD_1254",
        "rank": 937,
        "priority_score": 0.3879,
        "priority_level": "LOW",
        "recommendation": "ROUTINE_OBSERVATION",
        "period": "2020_2026",
        "reasons": [
          "SPATIAL_ANOMALY"
        ],
        "overall_anomaly": 0.6531,
        "headline": "Minor baseline surface variation"
      }
    },
    {
      "type": "Feature",
      "geometry": {
        "type": "Point",
        "coordinates": [
          78.521305,
          17.373535
        ]
      },
      "properties": {
        "grid_id": "HYD_1241",
        "rank": 938,
        "priority_score": 0.3878,
        "priority_level": "LOW",
        "recommendation": "ROUTINE_OBSERVATION",
        "period": "2020_2026",
        "reasons": [
          "SPATIAL_ANOMALY",
          "CYCLICAL_REVERSAL_DAMPENED"
        ],
        "overall_anomaly": 0.6467,
        "headline": "Minor baseline surface variation"
      }
    },
    {
      "type": "Feature",
      "geometry": {
        "type": "Point",
        "coordinates": [
          78.364713,
          17.470874
        ]
      },
      "properties": {
        "grid_id": "HYD_0262",
        "rank": 939,
        "priority_score": 0.3876,
        "priority_level": "LOW",
        "recommendation": "ROUTINE_OBSERVATION",
        "period": "2020_2026",
        "reasons": [
          "SPATIAL_ANOMALY",
          "CYCLICAL_REVERSAL_DAMPENED"
        ],
        "overall_anomaly": 0.6477,
        "headline": "Minor baseline surface variation"
      }
    },
    {
      "type": "Feature",
      "geometry": {
        "type": "Point",
        "coordinates": [
          78.510677,
          17.463724
        ]
      },
      "properties": {
        "grid_id": "HYD_0379",
        "rank": 940,
        "priority_score": 0.3875,
        "priority_level": "LOW",
        "recommendation": "ROUTINE_OBSERVATION",
        "period": "2020_2026",
        "reasons": [
          "SPATIAL_ANOMALY",
          "VEGETATION_LOSS",
          "CYCLICAL_REVERSAL_DAMPENED"
        ],
        "overall_anomaly": 0.6354,
        "headline": "Minor baseline surface variation"
      }
    },
    {
      "type": "Feature",
      "geometry": {
        "type": "Point",
        "coordinates": [
          78.521184,
          17.382566
        ]
      },
      "properties": {
        "grid_id": "HYD_1155",
        "rank": 941,
        "priority_score": 0.3873,
        "priority_level": "LOW",
        "recommendation": "ROUTINE_OBSERVATION",
        "period": "2020_2026",
        "reasons": [
          "SPATIAL_ANOMALY",
          "CYCLICAL_REVERSAL_DAMPENED"
        ],
        "overall_anomaly": 0.6624,
        "headline": "Minor baseline surface variation"
      }
    },
    {
      "type": "Feature",
      "geometry": {
        "type": "Point",
        "coordinates": [
          78.482698,
          17.445308
        ]
      },
      "properties": {
        "grid_id": "HYD_0545",
        "rank": 942,
        "priority_score": 0.3871,
        "priority_level": "LOW",
        "recommendation": "ROUTINE_OBSERVATION",
        "period": "2020_2026",
        "reasons": [
          "SPATIAL_ANOMALY",
          "CYCLICAL_REVERSAL_DAMPENED"
        ],
        "overall_anomaly": 0.6553,
        "headline": "Minor baseline surface variation"
      }
    },
    {
      "type": "Feature",
      "geometry": {
        "type": "Point",
        "coordinates": [
          78.491611,
          17.481548
        ]
      },
      "properties": {
        "grid_id": "HYD_0203",
        "rank": 943,
        "priority_score": 0.387,
        "priority_level": "LOW",
        "recommendation": "ROUTINE_OBSERVATION",
        "period": "2020_2026",
        "reasons": [
          "SPATIAL_ANOMALY",
          "CYCLICAL_REVERSAL_DAMPENED"
        ],
        "overall_anomaly": 0.6504,
        "headline": "Minor baseline surface variation"
      }
    },
    {
      "type": "Feature",
      "geometry": {
        "type": "Point",
        "coordinates": [
          78.529069,
          17.495566
        ]
      },
      "properties": {
        "grid_id": "HYD_0082",
        "rank": 944,
        "priority_score": 0.3869,
        "priority_level": "LOW",
        "recommendation": "ROUTINE_OBSERVATION",
        "period": "2020_2026",
        "reasons": [
          "VEG_BUILTUP_COHERENCE",
          "CYCLICAL_REVERSAL_DAMPENED"
        ],
        "overall_anomaly": 0.6488,
        "headline": "Minor baseline surface variation"
      }
    },
    {
      "type": "Feature",
      "geometry": {
        "type": "Point",
        "coordinates": [
          78.511901,
          17.373418
        ]
      },
      "properties": {
        "grid_id": "HYD_1239",
        "rank": 945,
        "priority_score": 0.3869,
        "priority_level": "LOW",
        "recommendation": "ROUTINE_OBSERVATION",
        "period": "2020_2026",
        "reasons": [
          "SPATIAL_ANOMALY",
          "CYCLICAL_REVERSAL_DAMPENED"
        ],
        "overall_anomaly": 0.6486,
        "headline": "Minor baseline surface variation"
      }
    },
    {
      "type": "Feature",
      "geometry": {
        "type": "Point",
        "coordinates": [
          78.510738,
          17.459209
        ]
      },
      "properties": {
        "grid_id": "HYD_0422",
        "rank": 946,
        "priority_score": 0.3869,
        "priority_level": "LOW",
        "recommendation": "ROUTINE_OBSERVATION",
        "period": "2020_2026",
        "reasons": [
          "SPATIAL_ANOMALY",
          "CYCLICAL_REVERSAL_DAMPENED"
        ],
        "overall_anomaly": 0.6331,
        "headline": "Minor baseline surface variation"
      }
    },
    {
      "type": "Feature",
      "geometry": {
        "type": "Point",
        "coordinates": [
          78.506831,
          17.400451
        ]
      },
      "properties": {
        "grid_id": "HYD_0980",
        "rank": 947,
        "priority_score": 0.3868,
        "priority_level": "LOW",
        "recommendation": "ROUTINE_OBSERVATION",
        "period": "2020_2026",
        "reasons": [
          "SPATIAL_ANOMALY",
          "CYCLICAL_REVERSAL_DAMPENED"
        ],
        "overall_anomaly": 0.6442,
        "headline": "Minor baseline surface variation"
      }
    },
    {
      "type": "Feature",
      "geometry": {
        "type": "Point",
        "coordinates": [
          78.440236,
          17.453798
        ]
      },
      "properties": {
        "grid_id": "HYD_0450",
        "rank": 948,
        "priority_score": 0.3868,
        "priority_level": "LOW",
        "recommendation": "ROUTINE_OBSERVATION",
        "period": "2020_2026",
        "reasons": [
          "SPATIAL_ANOMALY"
        ],
        "overall_anomaly": 0.6273,
        "headline": "Minor baseline surface variation"
      }
    },
    {
      "type": "Feature",
      "geometry": {
        "type": "Point",
        "coordinates": [
          78.549232,
          17.391944
        ]
      },
      "properties": {
        "grid_id": "HYD_1075",
        "rank": 949,
        "priority_score": 0.3867,
        "priority_level": "LOW",
        "recommendation": "ROUTINE_OBSERVATION",
        "period": "2020_2026",
        "reasons": [
          "SPATIAL_ANOMALY",
          "CYCLICAL_REVERSAL_DAMPENED"
        ],
        "overall_anomaly": 0.6612,
        "headline": "Minor baseline surface variation"
      }
    },
    {
      "type": "Feature",
      "geometry": {
        "type": "Point",
        "coordinates": [
          78.464505,
          17.399917
        ]
      },
      "properties": {
        "grid_id": "HYD_0971",
        "rank": 950,
        "priority_score": 0.3865,
        "priority_level": "LOW",
        "recommendation": "ROUTINE_OBSERVATION",
        "period": "2020_2026",
        "reasons": [
          "SPATIAL_ANOMALY",
          "CYCLICAL_REVERSAL_DAMPENED"
        ],
        "overall_anomaly": 0.6445,
        "headline": "Minor baseline surface variation"
      }
    },
    {
      "type": "Feature",
      "geometry": {
        "type": "Point",
        "coordinates": [
          78.455412,
          17.377222
        ]
      },
      "properties": {
        "grid_id": "HYD_1184",
        "rank": 951,
        "priority_score": 0.3865,
        "priority_level": "LOW",
        "recommendation": "ROUTINE_OBSERVATION",
        "period": "2020_2026",
        "reasons": [
          "SPATIAL_ANOMALY"
        ],
        "overall_anomaly": 0.6321,
        "headline": "Minor baseline surface variation"
      }
    },
    {
      "type": "Feature",
      "geometry": {
        "type": "Point",
        "coordinates": [
          78.530346,
          17.400744
        ]
      },
      "properties": {
        "grid_id": "HYD_0985",
        "rank": 952,
        "priority_score": 0.3864,
        "priority_level": "LOW",
        "recommendation": "ROUTINE_OBSERVATION",
        "period": "2020_2026",
        "reasons": [
          "SPATIAL_ANOMALY",
          "CYCLICAL_REVERSAL_DAMPENED"
        ],
        "overall_anomaly": 0.6444,
        "headline": "Minor baseline surface variation"
      }
    },
    {
      "type": "Feature",
      "geometry": {
        "type": "Point",
        "coordinates": [
          78.418169,
          17.350101
        ]
      },
      "properties": {
        "grid_id": "HYD_1434",
        "rank": 953,
        "priority_score": 0.3862,
        "priority_level": "LOW",
        "recommendation": "ROUTINE_OBSERVATION",
        "period": "2020_2026",
        "reasons": [
          "SPATIAL_ANOMALY",
          "CYCLICAL_REVERSAL_DAMPENED"
        ],
        "overall_anomaly": 0.6496,
        "headline": "Minor baseline surface variation"
      }
    },
    {
      "type": "Feature",
      "geometry": {
        "type": "Point",
        "coordinates": [
          78.388041,
          17.484729
        ]
      },
      "properties": {
        "grid_id": "HYD_0138",
        "rank": 954,
        "priority_score": 0.3862,
        "priority_level": "LOW",
        "recommendation": "ROUTINE_OBSERVATION",
        "period": "2020_2026",
        "reasons": [
          "SPATIAL_ANOMALY",
          "CYCLICAL_REVERSAL_DAMPENED"
        ],
        "overall_anomaly": 0.6471,
        "headline": "Minor baseline surface variation"
      }
    },
    {
      "type": "Feature",
      "geometry": {
        "type": "Point",
        "coordinates": [
          78.478923,
          17.37752
        ]
      },
      "properties": {
        "grid_id": "HYD_1189",
        "rank": 955,
        "priority_score": 0.386,
        "priority_level": "LOW",
        "recommendation": "ROUTINE_OBSERVATION",
        "period": "2020_2026",
        "reasons": [
          "SPATIAL_ANOMALY",
          "CYCLICAL_REVERSAL_DAMPENED"
        ],
        "overall_anomaly": 0.6396,
        "headline": "Minor baseline surface variation"
      }
    },
    {
      "type": "Feature",
      "geometry": {
        "type": "Point",
        "coordinates": [
          78.506586,
          17.418512
        ]
      },
      "properties": {
        "grid_id": "HYD_0808",
        "rank": 956,
        "priority_score": 0.386,
        "priority_level": "LOW",
        "recommendation": "ROUTINE_OBSERVATION",
        "period": "2020_2026",
        "reasons": [
          "SPATIAL_ANOMALY"
        ],
        "overall_anomaly": 0.6387,
        "headline": "Minor baseline surface variation"
      }
    },
    {
      "type": "Feature",
      "geometry": {
        "type": "Point",
        "coordinates": [
          78.360074,
          17.466297
        ]
      },
      "properties": {
        "grid_id": "HYD_0304",
        "rank": 957,
        "priority_score": 0.386,
        "priority_level": "LOW",
        "recommendation": "ROUTINE_OBSERVATION",
        "period": "2020_2026",
        "reasons": [
          "SPATIAL_ANOMALY",
          "CYCLICAL_REVERSAL_DAMPENED"
        ],
        "overall_anomaly": 0.6352,
        "headline": "Minor baseline surface variation"
      }
    },
    {
      "type": "Feature",
      "geometry": {
        "type": "Point",
        "coordinates": [
          78.468336,
          17.463189
        ]
      },
      "properties": {
        "grid_id": "HYD_0370",
        "rank": 958,
        "priority_score": 0.3859,
        "priority_level": "LOW",
        "recommendation": "ROUTINE_OBSERVATION",
        "period": "2020_2026",
        "reasons": [
          "SPATIAL_ANOMALY",
          "CYCLICAL_REVERSAL_DAMPENED"
        ],
        "overall_anomaly": 0.651,
        "headline": "Minor baseline surface variation"
      }
    },
    {
      "type": "Feature",
      "geometry": {
        "type": "Point",
        "coordinates": [
          78.505603,
          17.490756
        ]
      },
      "properties": {
        "grid_id": "HYD_0120",
        "rank": 959,
        "priority_score": 0.3859,
        "priority_level": "LOW",
        "recommendation": "ROUTINE_OBSERVATION",
        "period": "2020_2026",
        "reasons": [
          "SPATIAL_ANOMALY",
          "CYCLICAL_REVERSAL_DAMPENED"
        ],
        "overall_anomaly": 0.633,
        "headline": "Minor baseline surface variation"
      }
    },
    {
      "type": "Feature",
      "geometry": {
        "type": "Point",
        "coordinates": [
          78.458551,
          17.49016
        ]
      },
      "properties": {
        "grid_id": "HYD_0110",
        "rank": 960,
        "priority_score": 0.3858,
        "priority_level": "LOW",
        "recommendation": "ROUTINE_OBSERVATION",
        "period": "2020_2026",
        "reasons": [
          "SPATIAL_ANOMALY"
        ],
        "overall_anomaly": 0.6402,
        "headline": "Minor baseline surface variation"
      }
    },
    {
      "type": "Feature",
      "geometry": {
        "type": "Point",
        "coordinates": [
          78.511962,
          17.368903
        ]
      },
      "properties": {
        "grid_id": "HYD_1282",
        "rank": 961,
        "priority_score": 0.3857,
        "priority_level": "LOW",
        "recommendation": "ROUTINE_OBSERVATION",
        "period": "2020_2026",
        "reasons": [
          "SPATIAL_ANOMALY",
          "VEGETATION_LOSS",
          "CYCLICAL_REVERSAL_DAMPENED"
        ],
        "overall_anomaly": 0.6474,
        "headline": "Minor baseline surface variation"
      }
    },
    {
      "type": "Feature",
      "geometry": {
        "type": "Point",
        "coordinates": [
          78.478676,
          17.395581
        ]
      },
      "properties": {
        "grid_id": "HYD_1017",
        "rank": 962,
        "priority_score": 0.3856,
        "priority_level": "LOW",
        "recommendation": "ROUTINE_OBSERVATION",
        "period": "2020_2026",
        "reasons": [
          "SPATIAL_ANOMALY",
          "CYCLICAL_REVERSAL_DAMPENED"
        ],
        "overall_anomaly": 0.6437,
        "headline": "Minor baseline surface variation"
      }
    },
    {
      "type": "Feature",
      "geometry": {
        "type": "Point",
        "coordinates": [
          78.416525,
          17.467038
        ]
      },
      "properties": {
        "grid_id": "HYD_0316",
        "rank": 963,
        "priority_score": 0.3852,
        "priority_level": "LOW",
        "recommendation": "ROUTINE_OBSERVATION",
        "period": "2020_2026",
        "reasons": [
          "SPATIAL_ANOMALY",
          "CYCLICAL_REVERSAL_DAMPENED"
        ],
        "overall_anomaly": 0.6615,
        "headline": "Minor baseline surface variation"
      }
    },
    {
      "type": "Feature",
      "geometry": {
        "type": "Point",
        "coordinates": [
          78.421356,
          17.45807
        ]
      },
      "properties": {
        "grid_id": "HYD_0403",
        "rank": 964,
        "priority_score": 0.3852,
        "priority_level": "LOW",
        "recommendation": "ROUTINE_OBSERVATION",
        "period": "2020_2026",
        "reasons": [
          "SPATIAL_ANOMALY",
          "CYCLICAL_REVERSAL_DAMPENED"
        ],
        "overall_anomaly": 0.6351,
        "headline": "Minor baseline surface variation"
      }
    },
    {
      "type": "Feature",
      "geometry": {
        "type": "Point",
        "coordinates": [
          78.444751,
          17.467403
        ]
      },
      "properties": {
        "grid_id": "HYD_0322",
        "rank": 965,
        "priority_score": 0.3851,
        "priority_level": "LOW",
        "recommendation": "ROUTINE_OBSERVATION",
        "period": "2020_2026",
        "reasons": [
          "SPATIAL_ANOMALY",
          "CYCLICAL_REVERSAL_DAMPENED"
        ],
        "overall_anomaly": 0.6453,
        "headline": "Minor baseline surface variation"
      }
    },
    {
      "type": "Feature",
      "geometry": {
        "type": "Point",
        "coordinates": [
          78.458488,
          17.494675
        ]
      },
      "properties": {
        "grid_id": "HYD_0067",
        "rank": 966,
        "priority_score": 0.3851,
        "priority_level": "LOW",
        "recommendation": "ROUTINE_OBSERVATION",
        "period": "2020_2026",
        "reasons": [
          "SPATIAL_ANOMALY",
          "CYCLICAL_REVERSAL_DAMPENED"
        ],
        "overall_anomaly": 0.6354,
        "headline": "Minor baseline surface variation"
      }
    },
    {
      "type": "Feature",
      "geometry": {
        "type": "Point",
        "coordinates": [
          78.360529,
          17.434693
        ]
      },
      "properties": {
        "grid_id": "HYD_0605",
        "rank": 967,
        "priority_score": 0.385,
        "priority_level": "LOW",
        "recommendation": "ROUTINE_OBSERVATION",
        "period": "2020_2026",
        "reasons": [
          "SPATIAL_ANOMALY",
          "CYCLICAL_REVERSAL_DAMPENED"
        ],
        "overall_anomaly": 0.657,
        "headline": "Minor baseline surface variation"
      }
    },
    {
      "type": "Feature",
      "geometry": {
        "type": "Point",
        "coordinates": [
          78.501391,
          17.454575
        ]
      },
      "properties": {
        "grid_id": "HYD_0463",
        "rank": 968,
        "priority_score": 0.385,
        "priority_level": "LOW",
        "recommendation": "ROUTINE_OBSERVATION",
        "period": "2020_2026",
        "reasons": [
          "SPATIAL_ANOMALY"
        ],
        "overall_anomaly": 0.6264,
        "headline": "Minor baseline surface variation"
      }
    },
    {
      "type": "Feature",
      "geometry": {
        "type": "Point",
        "coordinates": [
          78.355435,
          17.461719
        ]
      },
      "properties": {
        "grid_id": "HYD_0346",
        "rank": 969,
        "priority_score": 0.3849,
        "priority_level": "LOW",
        "recommendation": "ROUTINE_OBSERVATION",
        "period": "2020_2026",
        "reasons": [
          "SPATIAL_ANOMALY",
          "CYCLICAL_REVERSAL_DAMPENED"
        ],
        "overall_anomaly": 0.6503,
        "headline": "Minor baseline surface variation"
      }
    },
    {
      "type": "Feature",
      "geometry": {
        "type": "Point",
        "coordinates": [
          78.389519,
          17.380887
        ]
      },
      "properties": {
        "grid_id": "HYD_1127",
        "rank": 970,
        "priority_score": 0.3849,
        "priority_level": "LOW",
        "recommendation": "ROUTINE_OBSERVATION",
        "period": "2020_2026",
        "reasons": [
          "SPATIAL_ANOMALY",
          "CYCLICAL_REVERSAL_DAMPENED"
        ],
        "overall_anomaly": 0.6481,
        "headline": "Minor baseline surface variation"
      }
    },
    {
      "type": "Feature",
      "geometry": {
        "type": "Point",
        "coordinates": [
          78.422054,
          17.408405
        ]
      },
      "properties": {
        "grid_id": "HYD_0876",
        "rank": 971,
        "priority_score": 0.3849,
        "priority_level": "LOW",
        "recommendation": "ROUTINE_OBSERVATION",
        "period": "2020_2026",
        "reasons": [
          "SPATIAL_ANOMALY",
          "CYCLICAL_REVERSAL_DAMPENED"
        ],
        "overall_anomaly": 0.6299,
        "headline": "Minor baseline surface variation"
      }
    },
    {
      "type": "Feature",
      "geometry": {
        "type": "Point",
        "coordinates": [
          78.398923,
          17.38101
        ]
      },
      "properties": {
        "grid_id": "HYD_1129",
        "rank": 972,
        "priority_score": 0.3848,
        "priority_level": "LOW",
        "recommendation": "ROUTINE_OBSERVATION",
        "period": "2020_2026",
        "reasons": [
          "SPATIAL_ANOMALY",
          "CYCLICAL_REVERSAL_DAMPENED"
        ],
        "overall_anomaly": 0.6686,
        "headline": "Minor baseline surface variation"
      }
    },
    {
      "type": "Feature",
      "geometry": {
        "type": "Point",
        "coordinates": [
          78.496995,
          17.43194
        ]
      },
      "properties": {
        "grid_id": "HYD_0677",
        "rank": 973,
        "priority_score": 0.3848,
        "priority_level": "LOW",
        "recommendation": "ROUTINE_OBSERVATION",
        "period": "2020_2026",
        "reasons": [
          "SPATIAL_ANOMALY",
          "CYCLICAL_REVERSAL_DAMPENED"
        ],
        "overall_anomaly": 0.6407,
        "headline": "Minor baseline surface variation"
      }
    },
    {
      "type": "Feature",
      "geometry": {
        "type": "Point",
        "coordinates": [
          78.514952,
          17.49539
        ]
      },
      "properties": {
        "grid_id": "HYD_0079",
        "rank": 974,
        "priority_score": 0.3847,
        "priority_level": "LOW",
        "recommendation": "ROUTINE_OBSERVATION",
        "period": "2020_2026",
        "reasons": [
          "SPATIAL_ANOMALY",
          "CYCLICAL_REVERSAL_DAMPENED"
        ],
        "overall_anomaly": 0.6448,
        "headline": "Minor baseline surface variation"
      }
    },
    {
      "type": "Feature",
      "geometry": {
        "type": "Point",
        "coordinates": [
          78.544998,
          17.360279
        ]
      },
      "properties": {
        "grid_id": "HYD_1375",
        "rank": 975,
        "priority_score": 0.3846,
        "priority_level": "LOW",
        "recommendation": "ROUTINE_OBSERVATION",
        "period": "2020_2026",
        "reasons": [
          "SPATIAL_ANOMALY",
          "CYCLICAL_REVERSAL_DAMPENED"
        ],
        "overall_anomaly": 0.6496,
        "headline": "Minor baseline surface variation"
      }
    },
    {
      "type": "Feature",
      "geometry": {
        "type": "Point",
        "coordinates": [
          78.492784,
          17.395759
        ]
      },
      "properties": {
        "grid_id": "HYD_1020",
        "rank": 976,
        "priority_score": 0.3846,
        "priority_level": "LOW",
        "recommendation": "ROUTINE_OBSERVATION",
        "period": "2020_2026",
        "reasons": [
          "SPATIAL_ANOMALY",
          "CYCLICAL_REVERSAL_DAMPENED"
        ],
        "overall_anomaly": 0.639,
        "headline": "Minor baseline surface variation"
      }
    },
    {
      "type": "Feature",
      "geometry": {
        "type": "Point",
        "coordinates": [
          78.355565,
          17.45269
        ]
      },
      "properties": {
        "grid_id": "HYD_0432",
        "rank": 977,
        "priority_score": 0.3845,
        "priority_level": "LOW",
        "recommendation": "ROUTINE_OBSERVATION",
        "period": "2020_2026",
        "reasons": [
          "SPATIAL_ANOMALY",
          "CYCLICAL_REVERSAL_DAMPENED"
        ],
        "overall_anomaly": 0.6639,
        "headline": "Minor baseline surface variation"
      }
    },
    {
      "type": "Feature",
      "geometry": {
        "type": "Point",
        "coordinates": [
          78.392682,
          17.489306
        ]
      },
      "properties": {
        "grid_id": "HYD_0096",
        "rank": 978,
        "priority_score": 0.3845,
        "priority_level": "LOW",
        "recommendation": "ROUTINE_OBSERVATION",
        "period": "2020_2026",
        "reasons": [
          "SPATIAL_ANOMALY",
          "CYCLICAL_REVERSAL_DAMPENED"
        ],
        "overall_anomaly": 0.6418,
        "headline": "Minor baseline surface variation"
      }
    },
    {
      "type": "Feature",
      "geometry": {
        "type": "Point",
        "coordinates": [
          78.3555,
          17.457205
        ]
      },
      "properties": {
        "grid_id": "HYD_0389",
        "rank": 979,
        "priority_score": 0.3843,
        "priority_level": "LOW",
        "recommendation": "ROUTINE_OBSERVATION",
        "period": "2020_2026",
        "reasons": [
          "SPATIAL_ANOMALY",
          "CYCLICAL_REVERSAL_DAMPENED"
        ],
        "overall_anomaly": 0.6632,
        "headline": "Minor baseline surface variation"
      }
    },
    {
      "type": "Feature",
      "geometry": {
        "type": "Point",
        "coordinates": [
          78.355696,
          17.443661
        ]
      },
      "properties": {
        "grid_id": "HYD_0518",
        "rank": 980,
        "priority_score": 0.3843,
        "priority_level": "LOW",
        "recommendation": "ROUTINE_OBSERVATION",
        "period": "2020_2026",
        "reasons": [
          "SPATIAL_ANOMALY",
          "CYCLICAL_REVERSAL_DAMPENED"
        ],
        "overall_anomaly": 0.6484,
        "headline": "Minor baseline surface variation"
      }
    },
    {
      "type": "Feature",
      "geometry": {
        "type": "Point",
        "coordinates": [
          78.45949,
          17.422433
        ]
      },
      "properties": {
        "grid_id": "HYD_0755",
        "rank": 981,
        "priority_score": 0.3843,
        "priority_level": "LOW",
        "recommendation": "ROUTINE_OBSERVATION",
        "period": "2020_2026",
        "reasons": [
          "SPATIAL_ANOMALY",
          "CYCLICAL_REVERSAL_DAMPENED"
        ],
        "overall_anomaly": 0.6407,
        "headline": "Minor baseline surface variation"
      }
    },
    {
      "type": "Feature",
      "geometry": {
        "type": "Point",
        "coordinates": [
          78.48839,
          17.373124
        ]
      },
      "properties": {
        "grid_id": "HYD_1234",
        "rank": 982,
        "priority_score": 0.3842,
        "priority_level": "LOW",
        "recommendation": "ROUTINE_OBSERVATION",
        "period": "2020_2026",
        "reasons": [
          "SPATIAL_ANOMALY",
          "CYCLICAL_REVERSAL_DAMPENED"
        ],
        "overall_anomaly": 0.6304,
        "headline": "Minor baseline surface variation"
      }
    },
    {
      "type": "Feature",
      "geometry": {
        "type": "Point",
        "coordinates": [
          78.477496,
          17.481369
        ]
      },
      "properties": {
        "grid_id": "HYD_0200",
        "rank": 983,
        "priority_score": 0.3842,
        "priority_level": "LOW",
        "recommendation": "ROUTINE_OBSERVATION",
        "period": "2020_2026",
        "reasons": [
          "SPATIAL_ANOMALY",
          "CYCLICAL_REVERSAL_DAMPENED"
        ],
        "overall_anomaly": 0.6297,
        "headline": "Minor baseline surface variation"
      }
    },
    {
      "type": "Feature",
      "geometry": {
        "type": "Point",
        "coordinates": [
          78.356541,
          17.384969
        ]
      },
      "properties": {
        "grid_id": "HYD_1077",
        "rank": 984,
        "priority_score": 0.3841,
        "priority_level": "LOW",
        "recommendation": "ROUTINE_OBSERVATION",
        "period": "2020_2026",
        "reasons": [
          "SPATIAL_ANOMALY"
        ],
        "overall_anomaly": 0.6593,
        "headline": "Minor baseline surface variation"
      }
    },
    {
      "type": "Feature",
      "geometry": {
        "type": "Point",
        "coordinates": [
          78.366332,
          17.358004
        ]
      },
      "properties": {
        "grid_id": "HYD_1337",
        "rank": 985,
        "priority_score": 0.3841,
        "priority_level": "LOW",
        "recommendation": "ROUTINE_OBSERVATION",
        "period": "2020_2026",
        "reasons": [
          "SPATIAL_ANOMALY",
          "CYCLICAL_REVERSAL_DAMPENED"
        ],
        "overall_anomaly": 0.6478,
        "headline": "Minor baseline surface variation"
      }
    },
    {
      "type": "Feature",
      "geometry": {
        "type": "Point",
        "coordinates": [
          78.468149,
          17.476735
        ]
      },
      "properties": {
        "grid_id": "HYD_0241",
        "rank": 986,
        "priority_score": 0.384,
        "priority_level": "LOW",
        "recommendation": "ROUTINE_OBSERVATION",
        "period": "2020_2026",
        "reasons": [
          "SPATIAL_ANOMALY",
          "CYCLICAL_REVERSAL_DAMPENED"
        ],
        "overall_anomaly": 0.6582,
        "headline": "Minor baseline surface variation"
      }
    },
    {
      "type": "Feature",
      "geometry": {
        "type": "Point",
        "coordinates": [
          78.530831,
          17.364621
        ]
      },
      "properties": {
        "grid_id": "HYD_1329",
        "rank": 987,
        "priority_score": 0.384,
        "priority_level": "LOW",
        "recommendation": "ROUTINE_OBSERVATION",
        "period": "2020_2026",
        "reasons": [
          "SPATIAL_ANOMALY",
          "CYCLICAL_REVERSAL_DAMPENED"
        ],
        "overall_anomaly": 0.6383,
        "headline": "Minor baseline surface variation"
      }
    },
    {
      "type": "Feature",
      "geometry": {
        "type": "Point",
        "coordinates": [
          78.383982,
          17.439519
        ]
      },
      "properties": {
        "grid_id": "HYD_0567",
        "rank": 988,
        "priority_score": 0.3839,
        "priority_level": "LOW",
        "recommendation": "ROUTINE_OBSERVATION",
        "period": "2020_2026",
        "reasons": [
          "SPATIAL_ANOMALY",
          "CYCLICAL_REVERSAL_DAMPENED"
        ],
        "overall_anomaly": 0.6611,
        "headline": "Minor baseline surface variation"
      }
    },
    {
      "type": "Feature",
      "geometry": {
        "type": "Point",
        "coordinates": [
          78.412458,
          17.421828
        ]
      },
      "properties": {
        "grid_id": "HYD_0745",
        "rank": 989,
        "priority_score": 0.3839,
        "priority_level": "LOW",
        "recommendation": "ROUTINE_OBSERVATION",
        "period": "2020_2026",
        "reasons": [
          "SPATIAL_ANOMALY",
          "CYCLICAL_REVERSAL_DAMPENED"
        ],
        "overall_anomaly": 0.6359,
        "headline": "Minor baseline surface variation"
      }
    },
    {
      "type": "Feature",
      "geometry": {
        "type": "Point",
        "coordinates": [
          78.505788,
          17.477211
        ]
      },
      "properties": {
        "grid_id": "HYD_0249",
        "rank": 990,
        "priority_score": 0.3839,
        "priority_level": "LOW",
        "recommendation": "ROUTINE_OBSERVATION",
        "period": "2020_2026",
        "reasons": [
          "SPATIAL_ANOMALY",
          "CYCLICAL_REVERSAL_DAMPENED"
        ],
        "overall_anomaly": 0.6352,
        "headline": "Minor baseline surface variation"
      }
    },
    {
      "type": "Feature",
      "geometry": {
        "type": "Point",
        "coordinates": [
          78.492414,
          17.42285
        ]
      },
      "properties": {
        "grid_id": "HYD_0762",
        "rank": 991,
        "priority_score": 0.3839,
        "priority_level": "LOW",
        "recommendation": "ROUTINE_OBSERVATION",
        "period": "2020_2026",
        "reasons": [
          "SPATIAL_ANOMALY"
        ],
        "overall_anomaly": 0.6254,
        "headline": "Minor baseline surface variation"
      }
    },
    {
      "type": "Feature",
      "geometry": {
        "type": "Point",
        "coordinates": [
          78.501083,
          17.477152
        ]
      },
      "properties": {
        "grid_id": "HYD_0248",
        "rank": 992,
        "priority_score": 0.3837,
        "priority_level": "LOW",
        "recommendation": "ROUTINE_OBSERVATION",
        "period": "2020_2026",
        "reasons": [
          "SPATIAL_ANOMALY",
          "VEGETATION_LOSS",
          "CYCLICAL_REVERSAL_DAMPENED"
        ],
        "overall_anomaly": 0.6348,
        "headline": "Minor baseline surface variation"
      }
    },
    {
      "type": "Feature",
      "geometry": {
        "type": "Point",
        "coordinates": [
          78.535654,
          17.355648
        ]
      },
      "properties": {
        "grid_id": "HYD_1416",
        "rank": 993,
        "priority_score": 0.3836,
        "priority_level": "LOW",
        "recommendation": "ROUTINE_OBSERVATION",
        "period": "2020_2026",
        "reasons": [
          "SPATIAL_ANOMALY"
        ],
        "overall_anomaly": 0.6312,
        "headline": "Minor baseline surface variation"
      }
    },
    {
      "type": "Feature",
      "geometry": {
        "type": "Point",
        "coordinates": [
          78.540296,
          17.360221
        ]
      },
      "properties": {
        "grid_id": "HYD_1374",
        "rank": 994,
        "priority_score": 0.3835,
        "priority_level": "LOW",
        "recommendation": "ROUTINE_OBSERVATION",
        "period": "2020_2026",
        "reasons": [
          "SPATIAL_ANOMALY",
          "VEGETATION_LOSS",
          "CYCLICAL_REVERSAL_DAMPENED"
        ],
        "overall_anomaly": 0.6557,
        "headline": "Minor baseline surface variation"
      }
    },
    {
      "type": "Feature",
      "geometry": {
        "type": "Point",
        "coordinates": [
          78.361113,
          17.394061
        ]
      },
      "properties": {
        "grid_id": "HYD_0992",
        "rank": 995,
        "priority_score": 0.3831,
        "priority_level": "LOW",
        "recommendation": "ROUTINE_OBSERVATION",
        "period": "2020_2026",
        "reasons": [
          "SPATIAL_ANOMALY"
        ],
        "overall_anomaly": 0.6393,
        "headline": "Minor baseline surface variation"
      }
    },
    {
      "type": "Feature",
      "geometry": {
        "type": "Point",
        "coordinates": [
          78.48276,
          17.440793
        ]
      },
      "properties": {
        "grid_id": "HYD_0588",
        "rank": 996,
        "priority_score": 0.3831,
        "priority_level": "LOW",
        "recommendation": "ROUTINE_OBSERVATION",
        "period": "2020_2026",
        "reasons": [
          "SPATIAL_ANOMALY",
          "CYCLICAL_REVERSAL_DAMPENED"
        ],
        "overall_anomaly": 0.6369,
        "headline": "Minor baseline surface variation"
      }
    },
    {
      "type": "Feature",
      "geometry": {
        "type": "Point",
        "coordinates": [
          78.468086,
          17.48125
        ]
      },
      "properties": {
        "grid_id": "HYD_0198",
        "rank": 997,
        "priority_score": 0.383,
        "priority_level": "LOW",
        "recommendation": "ROUTINE_OBSERVATION",
        "period": "2020_2026",
        "reasons": [
          "SPATIAL_ANOMALY",
          "CYCLICAL_REVERSAL_DAMPENED"
        ],
        "overall_anomaly": 0.6536,
        "headline": "Minor baseline surface variation"
      }
    },
    {
      "type": "Feature",
      "geometry": {
        "type": "Point",
        "coordinates": [
          78.444499,
          17.485464
        ]
      },
      "properties": {
        "grid_id": "HYD_0150",
        "rank": 998,
        "priority_score": 0.383,
        "priority_level": "LOW",
        "recommendation": "ROUTINE_OBSERVATION",
        "period": "2020_2026",
        "reasons": [
          "SPATIAL_ANOMALY",
          "CYCLICAL_REVERSAL_DAMPENED"
        ],
        "overall_anomaly": 0.6528,
        "headline": "Minor baseline surface variation"
      }
    },
    {
      "type": "Feature",
      "geometry": {
        "type": "Point",
        "coordinates": [
          78.521427,
          17.364504
        ]
      },
      "properties": {
        "grid_id": "HYD_1327",
        "rank": 999,
        "priority_score": 0.383,
        "priority_level": "LOW",
        "recommendation": "ROUTINE_OBSERVATION",
        "period": "2020_2026",
        "reasons": [
          "SPATIAL_ANOMALY",
          "CYCLICAL_REVERSAL_DAMPENED"
        ],
        "overall_anomaly": 0.6383,
        "headline": "Minor baseline surface variation"
      }
    },
    {
      "type": "Feature",
      "geometry": {
        "type": "Point",
        "coordinates": [
          78.474469,
          17.3594
        ]
      },
      "properties": {
        "grid_id": "HYD_1360",
        "rank": 1000,
        "priority_score": 0.383,
        "priority_level": "LOW",
        "recommendation": "ROUTINE_OBSERVATION",
        "period": "2020_2026",
        "reasons": [
          "SPATIAL_ANOMALY"
        ],
        "overall_anomaly": 0.6285,
        "headline": "Minor baseline surface variation"
      }
    },
    {
      "type": "Feature",
      "geometry": {
        "type": "Point",
        "coordinates": [
          78.454223,
          17.463009
        ]
      },
      "properties": {
        "grid_id": "HYD_0367",
        "rank": 1001,
        "priority_score": 0.3828,
        "priority_level": "LOW",
        "recommendation": "ROUTINE_OBSERVATION",
        "period": "2020_2026",
        "reasons": [
          "SPATIAL_ANOMALY"
        ],
        "overall_anomaly": 0.6419,
        "headline": "Minor baseline surface variation"
      }
    },
    {
      "type": "Feature",
      "geometry": {
        "type": "Point",
        "coordinates": [
          78.5298,
          17.441382
        ]
      },
      "properties": {
        "grid_id": "HYD_0598",
        "rank": 1002,
        "priority_score": 0.3828,
        "priority_level": "LOW",
        "recommendation": "ROUTINE_OBSERVATION",
        "period": "2020_2026",
        "reasons": [
          "SPATIAL_ANOMALY",
          "CYCLICAL_REVERSAL_DAMPENED"
        ],
        "overall_anomaly": 0.6256,
        "headline": "Minor baseline surface variation"
      }
    },
    {
      "type": "Feature",
      "geometry": {
        "type": "Point",
        "coordinates": [
          78.416142,
          17.494128
        ]
      },
      "properties": {
        "grid_id": "HYD_0058",
        "rank": 1003,
        "priority_score": 0.3827,
        "priority_level": "LOW",
        "recommendation": "ROUTINE_OBSERVATION",
        "period": "2020_2026",
        "reasons": [
          "SPATIAL_ANOMALY",
          "CYCLICAL_REVERSAL_DAMPENED"
        ],
        "overall_anomaly": 0.6493,
        "headline": "Minor baseline surface variation"
      }
    },
    {
      "type": "Feature",
      "geometry": {
        "type": "Point",
        "coordinates": [
          78.473041,
          17.463249
        ]
      },
      "properties": {
        "grid_id": "HYD_0371",
        "rank": 1004,
        "priority_score": 0.3827,
        "priority_level": "LOW",
        "recommendation": "ROUTINE_OBSERVATION",
        "period": "2020_2026",
        "reasons": [
          "SPATIAL_ANOMALY",
          "VEGETATION_LOSS"
        ],
        "overall_anomaly": 0.635,
        "headline": "Minor baseline surface variation"
      }
    },
    {
      "type": "Feature",
      "geometry": {
        "type": "Point",
        "coordinates": [
          78.393709,
          17.417068
        ]
      },
      "properties": {
        "grid_id": "HYD_0784",
        "rank": 1005,
        "priority_score": 0.3826,
        "priority_level": "LOW",
        "recommendation": "ROUTINE_OBSERVATION",
        "period": "2020_2026",
        "reasons": [
          "SPATIAL_ANOMALY",
          "CYCLICAL_REVERSAL_DAMPENED"
        ],
        "overall_anomaly": 0.6863,
        "headline": "Minor baseline surface variation"
      }
    },
    {
      "type": "Feature",
      "geometry": {
        "type": "Point",
        "coordinates": [
          78.483255,
          17.404671
        ]
      },
      "properties": {
        "grid_id": "HYD_0932",
        "rank": 1006,
        "priority_score": 0.3826,
        "priority_level": "LOW",
        "recommendation": "ROUTINE_OBSERVATION",
        "period": "2020_2026",
        "reasons": [
          "SPATIAL_ANOMALY"
        ],
        "overall_anomaly": 0.6362,
        "headline": "Minor baseline surface variation"
      }
    },
    {
      "type": "Feature",
      "geometry": {
        "type": "Point",
        "coordinates": [
          78.486906,
          17.481489
        ]
      },
      "properties": {
        "grid_id": "HYD_0202",
        "rank": 1007,
        "priority_score": 0.3825,
        "priority_level": "LOW",
        "recommendation": "ROUTINE_OBSERVATION",
        "period": "2020_2026",
        "reasons": [
          "SPATIAL_ANOMALY",
          "CYCLICAL_REVERSAL_DAMPENED"
        ],
        "overall_anomaly": 0.6461,
        "headline": "Minor baseline surface variation"
      }
    },
    {
      "type": "Feature",
      "geometry": {
        "type": "Point",
        "coordinates": [
          78.483193,
          17.409186
        ]
      },
      "properties": {
        "grid_id": "HYD_0889",
        "rank": 1008,
        "priority_score": 0.3825,
        "priority_level": "LOW",
        "recommendation": "ROUTINE_OBSERVATION",
        "period": "2020_2026",
        "reasons": [
          "SPATIAL_ANOMALY",
          "CYCLICAL_REVERSAL_DAMPENED"
        ],
        "overall_anomaly": 0.6332,
        "headline": "Minor baseline surface variation"
      }
    },
    {
      "type": "Feature",
      "geometry": {
        "type": "Point",
        "coordinates": [
          78.478552,
          17.404612
        ]
      },
      "properties": {
        "grid_id": "HYD_0931",
        "rank": 1009,
        "priority_score": 0.3823,
        "priority_level": "LOW",
        "recommendation": "ROUTINE_OBSERVATION",
        "period": "2020_2026",
        "reasons": [
          "SPATIAL_ANOMALY",
          "CYCLICAL_REVERSAL_DAMPENED"
        ],
        "overall_anomaly": 0.6668,
        "headline": "Minor baseline surface variation"
      }
    },
    {
      "type": "Feature",
      "geometry": {
        "type": "Point",
        "coordinates": [
          78.440866,
          17.408647
        ]
      },
      "properties": {
        "grid_id": "HYD_0880",
        "rank": 1010,
        "priority_score": 0.3823,
        "priority_level": "LOW",
        "recommendation": "ROUTINE_OBSERVATION",
        "period": "2020_2026",
        "reasons": [
          "SPATIAL_ANOMALY",
          "CYCLICAL_REVERSAL_DAMPENED"
        ],
        "overall_anomaly": 0.6379,
        "headline": "Minor baseline surface variation"
      }
    },
    {
      "type": "Feature",
      "geometry": {
        "type": "Point",
        "coordinates": [
          78.393325,
          17.444157
        ]
      },
      "properties": {
        "grid_id": "HYD_0526",
        "rank": 1011,
        "priority_score": 0.3822,
        "priority_level": "LOW",
        "recommendation": "ROUTINE_OBSERVATION",
        "period": "2020_2026",
        "reasons": [
          "SPATIAL_ANOMALY",
          "CYCLICAL_REVERSAL_DAMPENED"
        ],
        "overall_anomaly": 0.6523,
        "headline": "Minor baseline surface variation"
      }
    },
    {
      "type": "Feature",
      "geometry": {
        "type": "Point",
        "coordinates": [
          78.549593,
          17.364852
        ]
      },
      "properties": {
        "grid_id": "HYD_1333",
        "rank": 1012,
        "priority_score": 0.3821,
        "priority_level": "LOW",
        "recommendation": "ROUTINE_OBSERVATION",
        "period": "2020_2026",
        "reasons": [
          "SPATIAL_ANOMALY",
          "CYCLICAL_REVERSAL_DAMPENED"
        ],
        "overall_anomaly": 0.6425,
        "headline": "Minor baseline surface variation"
      }
    },
    {
      "type": "Feature",
      "geometry": {
        "type": "Point",
        "coordinates": [
          78.352163,
          17.362333
        ]
      },
      "properties": {
        "grid_id": "HYD_1291",
        "rank": 1013,
        "priority_score": 0.3821,
        "priority_level": "LOW",
        "recommendation": "ROUTINE_OBSERVATION",
        "period": "2020_2026",
        "reasons": [
          "SPATIAL_ANOMALY",
          "CYCLICAL_REVERSAL_DAMPENED"
        ],
        "overall_anomaly": 0.6311,
        "headline": "Minor baseline surface variation"
      }
    },
    {
      "type": "Feature",
      "geometry": {
        "type": "Point",
        "coordinates": [
          78.47849,
          17.409127
        ]
      },
      "properties": {
        "grid_id": "HYD_0888",
        "rank": 1014,
        "priority_score": 0.382,
        "priority_level": "LOW",
        "recommendation": "ROUTINE_OBSERVATION",
        "period": "2020_2026",
        "reasons": [
          "SPATIAL_ANOMALY",
          "CYCLICAL_REVERSAL_DAMPENED"
        ],
        "overall_anomaly": 0.6371,
        "headline": "Minor baseline surface variation"
      }
    },
    {
      "type": "Feature",
      "geometry": {
        "type": "Point",
        "coordinates": [
          78.39403,
          17.394493
        ]
      },
      "properties": {
        "grid_id": "HYD_0999",
        "rank": 1015,
        "priority_score": 0.382,
        "priority_level": "LOW",
        "recommendation": "ROUTINE_OBSERVATION",
        "period": "2020_2026",
        "reasons": [
          "SPATIAL_ANOMALY",
          "CYCLICAL_REVERSAL_DAMPENED"
        ],
        "overall_anomaly": 0.6362,
        "headline": "Minor baseline surface variation"
      }
    },
    {
      "type": "Feature",
      "geometry": {
        "type": "Point",
        "coordinates": [
          78.538662,
          17.482137
        ]
      },
      "properties": {
        "grid_id": "HYD_0213",
        "rank": 1016,
        "priority_score": 0.382,
        "priority_level": "LOW",
        "recommendation": "ROUTINE_OBSERVATION",
        "period": "2020_2026",
        "reasons": [
          "SPATIAL_ANOMALY",
          "CYCLICAL_REVERSAL_DAMPENED"
        ],
        "overall_anomaly": 0.6245,
        "headline": "Minor baseline surface variation"
      }
    },
    {
      "type": "Feature",
      "geometry": {
        "type": "Point",
        "coordinates": [
          78.426757,
          17.408466
        ]
      },
      "properties": {
        "grid_id": "HYD_0877",
        "rank": 1017,
        "priority_score": 0.3819,
        "priority_level": "LOW",
        "recommendation": "ROUTINE_OBSERVATION",
        "period": "2020_2026",
        "reasons": [
          "SPATIAL_ANOMALY",
          "CYCLICAL_REVERSAL_DAMPENED"
        ],
        "overall_anomaly": 0.6377,
        "headline": "Minor baseline surface variation"
      }
    },
    {
      "type": "Feature",
      "geometry": {
        "type": "Point",
        "coordinates": [
          78.488636,
          17.355063
        ]
      },
      "properties": {
        "grid_id": "HYD_1406",
        "rank": 1018,
        "priority_score": 0.3819,
        "priority_level": "LOW",
        "recommendation": "ROUTINE_OBSERVATION",
        "period": "2020_2026",
        "reasons": [
          "SPATIAL_ANOMALY"
        ],
        "overall_anomaly": 0.6231,
        "headline": "Minor baseline surface variation"
      }
    },
    {
      "type": "Feature",
      "geometry": {
        "type": "Point",
        "coordinates": [
          78.355239,
          17.475264
        ]
      },
      "properties": {
        "grid_id": "HYD_0217",
        "rank": 1019,
        "priority_score": 0.3816,
        "priority_level": "LOW",
        "recommendation": "ROUTINE_OBSERVATION",
        "period": "2020_2026",
        "reasons": [
          "SPATIAL_ANOMALY"
        ],
        "overall_anomaly": 0.6447,
        "headline": "Minor baseline surface variation"
      }
    },
    {
      "type": "Feature",
      "geometry": {
        "type": "Point",
        "coordinates": [
          78.392746,
          17.484791
        ]
      },
      "properties": {
        "grid_id": "HYD_0139",
        "rank": 1020,
        "priority_score": 0.3816,
        "priority_level": "LOW",
        "recommendation": "ROUTINE_OBSERVATION",
        "period": "2020_2026",
        "reasons": [
          "SPATIAL_ANOMALY",
          "CYCLICAL_REVERSAL_DAMPENED"
        ],
        "overall_anomaly": 0.6427,
        "headline": "Minor baseline surface variation"
      }
    },
    {
      "type": "Feature",
      "geometry": {
        "type": "Point",
        "coordinates": [
          78.512023,
          17.364387
        ]
      },
      "properties": {
        "grid_id": "HYD_1325",
        "rank": 1021,
        "priority_score": 0.3816,
        "priority_level": "LOW",
        "recommendation": "ROUTINE_OBSERVATION",
        "period": "2020_2026",
        "reasons": [
          "SPATIAL_ANOMALY",
          "CYCLICAL_REVERSAL_DAMPENED"
        ],
        "overall_anomaly": 0.6239,
        "headline": "Minor baseline surface variation"
      }
    },
    {
      "type": "Feature",
      "geometry": {
        "type": "Point",
        "coordinates": [
          78.465003,
          17.363796
        ]
      },
      "properties": {
        "grid_id": "HYD_1315",
        "rank": 1022,
        "priority_score": 0.3815,
        "priority_level": "LOW",
        "recommendation": "ROUTINE_OBSERVATION",
        "period": "2020_2026",
        "reasons": [
          "SPATIAL_ANOMALY"
        ],
        "overall_anomaly": 0.627,
        "headline": "Minor baseline surface variation"
      }
    },
    {
      "type": "Feature",
      "geometry": {
        "type": "Point",
        "coordinates": [
          78.454724,
          17.426888
        ]
      },
      "properties": {
        "grid_id": "HYD_0711",
        "rank": 1023,
        "priority_score": 0.3814,
        "priority_level": "LOW",
        "recommendation": "ROUTINE_OBSERVATION",
        "period": "2020_2026",
        "reasons": [
          "SPATIAL_ANOMALY"
        ],
        "overall_anomaly": 0.6304,
        "headline": "Minor baseline surface variation"
      }
    },
    {
      "type": "Feature",
      "geometry": {
        "type": "Point",
        "coordinates": [
          78.458614,
          17.485645
        ]
      },
      "properties": {
        "grid_id": "HYD_0153",
        "rank": 1024,
        "priority_score": 0.3812,
        "priority_level": "LOW",
        "recommendation": "ROUTINE_OBSERVATION",
        "period": "2020_2026",
        "reasons": [
          "SPATIAL_ANOMALY",
          "CYCLICAL_REVERSAL_DAMPENED"
        ],
        "overall_anomaly": 0.643,
        "headline": "Minor baseline surface variation"
      }
    },
    {
      "type": "Feature",
      "geometry": {
        "type": "Point",
        "coordinates": [
          78.538419,
          17.500198
        ]
      },
      "properties": {
        "grid_id": "HYD_0041",
        "rank": 1025,
        "priority_score": 0.3812,
        "priority_level": "LOW",
        "recommendation": "ROUTINE_OBSERVATION",
        "period": "2020_2026",
        "reasons": [
          "SPATIAL_ANOMALY",
          "CYCLICAL_REVERSAL_DAMPENED"
        ],
        "overall_anomaly": 0.631,
        "headline": "Minor baseline surface variation"
      }
    },
    {
      "type": "Feature",
      "geometry": {
        "type": "Point",
        "coordinates": [
          78.407755,
          17.421767
        ]
      },
      "properties": {
        "grid_id": "HYD_0744",
        "rank": 1026,
        "priority_score": 0.3812,
        "priority_level": "LOW",
        "recommendation": "ROUTINE_OBSERVATION",
        "period": "2020_2026",
        "reasons": [
          "SPATIAL_ANOMALY",
          "CYCLICAL_REVERSAL_DAMPENED"
        ],
        "overall_anomaly": 0.6266,
        "headline": "Minor baseline surface variation"
      }
    },
    {
      "type": "Feature",
      "geometry": {
        "type": "Point",
        "coordinates": [
          78.446133,
          17.368072
        ]
      },
      "properties": {
        "grid_id": "HYD_1268",
        "rank": 1027,
        "priority_score": 0.3812,
        "priority_level": "LOW",
        "recommendation": "ROUTINE_OBSERVATION",
        "period": "2020_2026",
        "reasons": [
          "SPATIAL_ANOMALY"
        ],
        "overall_anomaly": 0.6223,
        "headline": "Minor baseline surface variation"
      }
    },
    {
      "type": "Feature",
      "geometry": {
        "type": "Point",
        "coordinates": [
          78.483502,
          17.38661
        ]
      },
      "properties": {
        "grid_id": "HYD_1104",
        "rank": 1028,
        "priority_score": 0.3811,
        "priority_level": "LOW",
        "recommendation": "ROUTINE_OBSERVATION",
        "period": "2020_2026",
        "reasons": [
          "SPATIAL_ANOMALY",
          "CYCLICAL_REVERSAL_DAMPENED"
        ],
        "overall_anomaly": 0.6375,
        "headline": "Minor baseline surface variation"
      }
    },
    {
      "type": "Feature",
      "geometry": {
        "type": "Point",
        "coordinates": [
          78.482325,
          17.472399
        ]
      },
      "properties": {
        "grid_id": "HYD_0287",
        "rank": 1029,
        "priority_score": 0.381,
        "priority_level": "LOW",
        "recommendation": "ROUTINE_OBSERVATION",
        "period": "2020_2026",
        "reasons": [
          "SPATIAL_ANOMALY",
          "CYCLICAL_REVERSAL_DAMPENED"
        ],
        "overall_anomaly": 0.6295,
        "headline": "Minor baseline surface variation"
      }
    },
    {
      "type": "Feature",
      "geometry": {
        "type": "Point",
        "coordinates": [
          78.406796,
          17.48949
        ]
      },
      "properties": {
        "grid_id": "HYD_0099",
        "rank": 1030,
        "priority_score": 0.3809,
        "priority_level": "LOW",
        "recommendation": "ROUTINE_OBSERVATION",
        "period": "2020_2026",
        "reasons": [
          "SPATIAL_ANOMALY",
          "CYCLICAL_REVERSAL_DAMPENED"
        ],
        "overall_anomaly": 0.6293,
        "headline": "Minor baseline surface variation"
      }
    },
    {
      "type": "Feature",
      "geometry": {
        "type": "Point",
        "coordinates": [
          78.430638,
          17.467221
        ]
      },
      "properties": {
        "grid_id": "HYD_0319",
        "rank": 1031,
        "priority_score": 0.3808,
        "priority_level": "LOW",
        "recommendation": "ROUTINE_OBSERVATION",
        "period": "2020_2026",
        "reasons": [
          "SPATIAL_ANOMALY",
          "CYCLICAL_REVERSAL_DAMPENED"
        ],
        "overall_anomaly": 0.6504,
        "headline": "Minor baseline surface variation"
      }
    },
    {
      "type": "Feature",
      "geometry": {
        "type": "Point",
        "coordinates": [
          78.407244,
          17.457886
        ]
      },
      "properties": {
        "grid_id": "HYD_0400",
        "rank": 1032,
        "priority_score": 0.3808,
        "priority_level": "LOW",
        "recommendation": "ROUTINE_OBSERVATION",
        "period": "2020_2026",
        "reasons": [
          "SPATIAL_ANOMALY"
        ],
        "overall_anomaly": 0.6207,
        "headline": "Minor baseline surface variation"
      }
    },
    {
      "type": "Feature",
      "geometry": {
        "type": "Point",
        "coordinates": [
          78.506218,
          17.445604
        ]
      },
      "properties": {
        "grid_id": "HYD_0550",
        "rank": 1033,
        "priority_score": 0.3807,
        "priority_level": "LOW",
        "recommendation": "ROUTINE_OBSERVATION",
        "period": "2020_2026",
        "reasons": [
          "SPATIAL_ANOMALY",
          "CYCLICAL_REVERSAL_DAMPENED"
        ],
        "overall_anomaly": 0.6378,
        "headline": "Minor baseline surface variation"
      }
    },
    {
      "type": "Feature",
      "geometry": {
        "type": "Point",
        "coordinates": [
          78.449896,
          17.435858
        ]
      },
      "properties": {
        "grid_id": "HYD_0624",
        "rank": 1034,
        "priority_score": 0.3807,
        "priority_level": "LOW",
        "recommendation": "ROUTINE_OBSERVATION",
        "period": "2020_2026",
        "reasons": [
          "SPATIAL_ANOMALY",
          "CYCLICAL_REVERSAL_DAMPENED"
        ],
        "overall_anomaly": 0.636,
        "headline": "Minor baseline surface variation"
      }
    },
    {
      "type": "Feature",
      "geometry": {
        "type": "Point",
        "coordinates": [
          78.464817,
          17.377342
        ]
      },
      "properties": {
        "grid_id": "HYD_1186",
        "rank": 1035,
        "priority_score": 0.3806,
        "priority_level": "LOW",
        "recommendation": "ROUTINE_OBSERVATION",
        "period": "2020_2026",
        "reasons": [
          "SPATIAL_ANOMALY"
        ],
        "overall_anomaly": 0.6318,
        "headline": "Minor baseline surface variation"
      }
    },
    {
      "type": "Feature",
      "geometry": {
        "type": "Point",
        "coordinates": [
          78.450397,
          17.399738
        ]
      },
      "properties": {
        "grid_id": "HYD_0968",
        "rank": 1036,
        "priority_score": 0.3805,
        "priority_level": "LOW",
        "recommendation": "ROUTINE_OBSERVATION",
        "period": "2020_2026",
        "reasons": [
          "SPATIAL_ANOMALY",
          "CYCLICAL_REVERSAL_DAMPENED"
        ],
        "overall_anomaly": 0.6365,
        "headline": "Minor baseline surface variation"
      }
    },
    {
      "type": "Feature",
      "geometry": {
        "type": "Point",
        "coordinates": [
          78.535413,
          17.373709
        ]
      },
      "properties": {
        "grid_id": "HYD_1244",
        "rank": 1037,
        "priority_score": 0.3805,
        "priority_level": "LOW",
        "recommendation": "ROUTINE_OBSERVATION",
        "period": "2020_2026",
        "reasons": [
          "SPATIAL_ANOMALY",
          "CYCLICAL_REVERSAL_DAMPENED"
        ],
        "overall_anomaly": 0.6286,
        "headline": "Minor baseline surface variation"
      }
    },
    {
      "type": "Feature",
      "geometry": {
        "type": "Point",
        "coordinates": [
          78.497733,
          17.377757
        ]
      },
      "properties": {
        "grid_id": "HYD_1193",
        "rank": 1038,
        "priority_score": 0.3804,
        "priority_level": "LOW",
        "recommendation": "ROUTINE_OBSERVATION",
        "period": "2020_2026",
        "reasons": [
          "SPATIAL_ANOMALY",
          "CYCLICAL_REVERSAL_DAMPENED"
        ],
        "overall_anomaly": 0.6396,
        "headline": "Minor baseline surface variation"
      }
    },
    {
      "type": "Feature",
      "geometry": {
        "type": "Point",
        "coordinates": [
          78.473663,
          17.418098
        ]
      },
      "properties": {
        "grid_id": "HYD_0801",
        "rank": 1039,
        "priority_score": 0.3804,
        "priority_level": "LOW",
        "recommendation": "ROUTINE_OBSERVATION",
        "period": "2020_2026",
        "reasons": [
          "SPATIAL_ANOMALY",
          "VEGETATION_LOSS"
        ],
        "overall_anomaly": 0.6287,
        "headline": "Minor baseline surface variation"
      }
    },
    {
      "type": "Feature",
      "geometry": {
        "type": "Point",
        "coordinates": [
          78.511167,
          17.427602
        ]
      },
      "properties": {
        "grid_id": "HYD_0723",
        "rank": 1040,
        "priority_score": 0.3804,
        "priority_level": "LOW",
        "recommendation": "ROUTINE_OBSERVATION",
        "period": "2020_2026",
        "reasons": [
          "SPATIAL_ANOMALY"
        ],
        "overall_anomaly": 0.6263,
        "headline": "Minor baseline surface variation"
      }
    },
    {
      "type": "Feature",
      "geometry": {
        "type": "Point",
        "coordinates": [
          78.530407,
          17.396228
        ]
      },
      "properties": {
        "grid_id": "HYD_1028",
        "rank": 1041,
        "priority_score": 0.3802,
        "priority_level": "LOW",
        "recommendation": "ROUTINE_OBSERVATION",
        "period": "2020_2026",
        "reasons": [
          "SPATIAL_ANOMALY",
          "CYCLICAL_REVERSAL_DAMPENED"
        ],
        "overall_anomaly": 0.6349,
        "headline": "Minor baseline surface variation"
      }
    },
    {
      "type": "Feature",
      "geometry": {
        "type": "Point",
        "coordinates": [
          78.539269,
          17.436983
        ]
      },
      "properties": {
        "grid_id": "HYD_0643",
        "rank": 1042,
        "priority_score": 0.3802,
        "priority_level": "LOW",
        "recommendation": "ROUTINE_OBSERVATION",
        "period": "2020_2026",
        "reasons": [
          "SPATIAL_ANOMALY"
        ],
        "overall_anomaly": 0.6238,
        "headline": "Minor baseline surface variation"
      }
    },
    {
      "type": "Feature",
      "geometry": {
        "type": "Point",
        "coordinates": [
          78.529739,
          17.445897
        ]
      },
      "properties": {
        "grid_id": "HYD_0555",
        "rank": 1043,
        "priority_score": 0.38,
        "priority_level": "LOW",
        "recommendation": "ROUTINE_OBSERVATION",
        "period": "2020_2026",
        "reasons": [
          "SPATIAL_ANOMALY",
          "CYCLICAL_REVERSAL_DAMPENED"
        ],
        "overall_anomaly": 0.6446,
        "headline": "Minor baseline surface variation"
      }
    },
    {
      "type": "Feature",
      "geometry": {
        "type": "Point",
        "coordinates": [
          78.50268,
          17.359755
        ]
      },
      "properties": {
        "grid_id": "HYD_1366",
        "rank": 1044,
        "priority_score": 0.38,
        "priority_level": "LOW",
        "recommendation": "ROUTINE_OBSERVATION",
        "period": "2020_2026",
        "reasons": [
          "SPATIAL_ANOMALY"
        ],
        "overall_anomaly": 0.6217,
        "headline": "Minor baseline surface variation"
      }
    },
    {
      "type": "Feature",
      "geometry": {
        "type": "Point",
        "coordinates": [
          78.53939,
          17.427952
        ]
      },
      "properties": {
        "grid_id": "HYD_0729",
        "rank": 1045,
        "priority_score": 0.3799,
        "priority_level": "LOW",
        "recommendation": "ROUTINE_OBSERVATION",
        "period": "2020_2026",
        "reasons": [
          "SPATIAL_ANOMALY",
          "CYCLICAL_REVERSAL_DAMPENED"
        ],
        "overall_anomaly": 0.6437,
        "headline": "Minor baseline surface variation"
      }
    },
    {
      "type": "Feature",
      "geometry": {
        "type": "Point",
        "coordinates": [
          78.473849,
          17.404552
        ]
      },
      "properties": {
        "grid_id": "HYD_0930",
        "rank": 1046,
        "priority_score": 0.3798,
        "priority_level": "LOW",
        "recommendation": "ROUTINE_OBSERVATION",
        "period": "2020_2026",
        "reasons": [
          "SPATIAL_ANOMALY",
          "CYCLICAL_REVERSAL_DAMPENED"
        ],
        "overall_anomaly": 0.6296,
        "headline": "Minor baseline surface variation"
      }
    },
    {
      "type": "Feature",
      "geometry": {
        "type": "Point",
        "coordinates": [
          78.383272,
          17.489182
        ]
      },
      "properties": {
        "grid_id": "HYD_0094",
        "rank": 1047,
        "priority_score": 0.3797,
        "priority_level": "LOW",
        "recommendation": "ROUTINE_OBSERVATION",
        "period": "2020_2026",
        "reasons": [
          "SPATIAL_ANOMALY",
          "CYCLICAL_REVERSAL_DAMPENED"
        ],
        "overall_anomaly": 0.641,
        "headline": "Minor baseline surface variation"
      }
    },
    {
      "type": "Feature",
      "geometry": {
        "type": "Point",
        "coordinates": [
          78.474159,
          17.381976
        ]
      },
      "properties": {
        "grid_id": "HYD_1145",
        "rank": 1048,
        "priority_score": 0.3797,
        "priority_level": "LOW",
        "recommendation": "ROUTINE_OBSERVATION",
        "period": "2020_2026",
        "reasons": [
          "SPATIAL_ANOMALY",
          "CYCLICAL_REVERSAL_DAMPENED"
        ],
        "overall_anomaly": 0.6305,
        "headline": "Minor baseline surface variation"
      }
    },
    {
      "type": "Feature",
      "geometry": {
        "type": "Point",
        "coordinates": [
          78.449581,
          17.458434
        ]
      },
      "properties": {
        "grid_id": "HYD_0409",
        "rank": 1049,
        "priority_score": 0.3796,
        "priority_level": "LOW",
        "recommendation": "ROUTINE_OBSERVATION",
        "period": "2020_2026",
        "reasons": [
          "SPATIAL_ANOMALY"
        ],
        "overall_anomaly": 0.6281,
        "headline": "Minor baseline surface variation"
      }
    },
    {
      "type": "Feature",
      "geometry": {
        "type": "Point",
        "coordinates": [
          78.516725,
          17.364446
        ]
      },
      "properties": {
        "grid_id": "HYD_1326",
        "rank": 1050,
        "priority_score": 0.3794,
        "priority_level": "LOW",
        "recommendation": "ROUTINE_OBSERVATION",
        "period": "2020_2026",
        "reasons": [
          "SPATIAL_ANOMALY",
          "CYCLICAL_REVERSAL_DAMPENED"
        ],
        "overall_anomaly": 0.626,
        "headline": "Minor baseline surface variation"
      }
    },
    {
      "type": "Feature",
      "geometry": {
        "type": "Point",
        "coordinates": [
          78.421928,
          17.417435
        ]
      },
      "properties": {
        "grid_id": "HYD_0790",
        "rank": 1051,
        "priority_score": 0.3793,
        "priority_level": "LOW",
        "recommendation": "ROUTINE_OBSERVATION",
        "period": "2020_2026",
        "reasons": [
          "SPATIAL_ANOMALY",
          "CYCLICAL_REVERSAL_DAMPENED"
        ],
        "overall_anomaly": 0.6525,
        "headline": "Minor baseline surface variation"
      }
    },
    {
      "type": "Feature",
      "geometry": {
        "type": "Point",
        "coordinates": [
          78.549653,
          17.360336
        ]
      },
      "properties": {
        "grid_id": "HYD_1376",
        "rank": 1052,
        "priority_score": 0.3792,
        "priority_level": "LOW",
        "recommendation": "ROUTINE_OBSERVATION",
        "period": "2020_2026",
        "reasons": [
          "SPATIAL_ANOMALY",
          "CYCLICAL_REVERSAL_DAMPENED"
        ],
        "overall_anomaly": 0.6426,
        "headline": "Minor baseline surface variation"
      }
    },
    {
      "type": "Feature",
      "geometry": {
        "type": "Point",
        "coordinates": [
          78.393901,
          17.403523
        ]
      },
      "properties": {
        "grid_id": "HYD_0913",
        "rank": 1053,
        "priority_score": 0.3792,
        "priority_level": "LOW",
        "recommendation": "ROUTINE_OBSERVATION",
        "period": "2020_2026",
        "reasons": [
          "SPATIAL_ANOMALY"
        ],
        "overall_anomaly": 0.6209,
        "headline": "Minor baseline surface variation"
      }
    },
    {
      "type": "Feature",
      "geometry": {
        "type": "Point",
        "coordinates": [
          78.427199,
          17.37686
        ]
      },
      "properties": {
        "grid_id": "HYD_1178",
        "rank": 1054,
        "priority_score": 0.379,
        "priority_level": "LOW",
        "recommendation": "ROUTINE_OBSERVATION",
        "period": "2020_2026",
        "reasons": [
          "SPATIAL_ANOMALY",
          "CYCLICAL_REVERSAL_DAMPENED"
        ],
        "overall_anomaly": 0.6391,
        "headline": "Minor baseline surface variation"
      }
    },
    {
      "type": "Feature",
      "geometry": {
        "type": "Point",
        "coordinates": [
          78.397836,
          17.457763
        ]
      },
      "properties": {
        "grid_id": "HYD_0398",
        "rank": 1055,
        "priority_score": 0.379,
        "priority_level": "LOW",
        "recommendation": "ROUTINE_OBSERVATION",
        "period": "2020_2026",
        "reasons": [
          "SPATIAL_ANOMALY",
          "CYCLICAL_REVERSAL_DAMPENED"
        ],
        "overall_anomaly": 0.6373,
        "headline": "Minor baseline surface variation"
      }
    },
    {
      "type": "Feature",
      "geometry": {
        "type": "Point",
        "coordinates": [
          78.501514,
          17.445545
        ]
      },
      "properties": {
        "grid_id": "HYD_0549",
        "rank": 1056,
        "priority_score": 0.379,
        "priority_level": "LOW",
        "recommendation": "ROUTINE_OBSERVATION",
        "period": "2020_2026",
        "reasons": [
          "SPATIAL_ANOMALY",
          "CYCLICAL_REVERSAL_DAMPENED"
        ],
        "overall_anomaly": 0.6253,
        "headline": "Minor baseline surface variation"
      }
    },
    {
      "type": "Feature",
      "geometry": {
        "type": "Point",
        "coordinates": [
          78.431901,
          17.376921
        ]
      },
      "properties": {
        "grid_id": "HYD_1179",
        "rank": 1057,
        "priority_score": 0.3789,
        "priority_level": "LOW",
        "recommendation": "ROUTINE_OBSERVATION",
        "period": "2020_2026",
        "reasons": [
          "SPATIAL_ANOMALY",
          "CYCLICAL_REVERSAL_DAMPENED"
        ],
        "overall_anomaly": 0.6275,
        "headline": "Minor baseline surface variation"
      }
    },
    {
      "type": "Feature",
      "geometry": {
        "type": "Point",
        "coordinates": [
          78.449644,
          17.453919
        ]
      },
      "properties": {
        "grid_id": "HYD_0452",
        "rank": 1058,
        "priority_score": 0.3788,
        "priority_level": "LOW",
        "recommendation": "ROUTINE_OBSERVATION",
        "period": "2020_2026",
        "reasons": [
          "SPATIAL_ANOMALY"
        ],
        "overall_anomaly": 0.6247,
        "headline": "Minor baseline surface variation"
      }
    },
    {
      "type": "Feature",
      "geometry": {
        "type": "Point",
        "coordinates": [
          78.450522,
          17.390707
        ]
      },
      "properties": {
        "grid_id": "HYD_1054",
        "rank": 1059,
        "priority_score": 0.3786,
        "priority_level": "LOW",
        "recommendation": "ROUTINE_OBSERVATION",
        "period": "2020_2026",
        "reasons": [
          "SPATIAL_ANOMALY"
        ],
        "overall_anomaly": 0.6278,
        "headline": "Minor baseline surface variation"
      }
    },
    {
      "type": "Feature",
      "geometry": {
        "type": "Point",
        "coordinates": [
          78.539813,
          17.396345
        ]
      },
      "properties": {
        "grid_id": "HYD_1030",
        "rank": 1060,
        "priority_score": 0.3786,
        "priority_level": "LOW",
        "recommendation": "ROUTINE_OBSERVATION",
        "period": "2020_2026",
        "reasons": [
          "SPATIAL_ANOMALY"
        ],
        "overall_anomaly": 0.6219,
        "headline": "Minor baseline surface variation"
      }
    },
    {
      "type": "Feature",
      "geometry": {
        "type": "Point",
        "coordinates": [
          78.488143,
          17.391185
        ]
      },
      "properties": {
        "grid_id": "HYD_1062",
        "rank": 1061,
        "priority_score": 0.3785,
        "priority_level": "LOW",
        "recommendation": "ROUTINE_OBSERVATION",
        "period": "2020_2026",
        "reasons": [
          "SPATIAL_ANOMALY",
          "CYCLICAL_REVERSAL_DAMPENED"
        ],
        "overall_anomaly": 0.6249,
        "headline": "Minor baseline surface variation"
      }
    },
    {
      "type": "Feature",
      "geometry": {
        "type": "Point",
        "coordinates": [
          78.510922,
          17.445663
        ]
      },
      "properties": {
        "grid_id": "HYD_0551",
        "rank": 1062,
        "priority_score": 0.3785,
        "priority_level": "LOW",
        "recommendation": "ROUTINE_OBSERVATION",
        "period": "2020_2026",
        "reasons": [
          "SPATIAL_ANOMALY",
          "CYCLICAL_REVERSAL_DAMPENED"
        ],
        "overall_anomaly": 0.6178,
        "headline": "Minor baseline surface variation"
      }
    },
    {
      "type": "Feature",
      "geometry": {
        "type": "Point",
        "coordinates": [
          78.507137,
          17.377875
        ]
      },
      "properties": {
        "grid_id": "HYD_1195",
        "rank": 1063,
        "priority_score": 0.3784,
        "priority_level": "LOW",
        "recommendation": "ROUTINE_OBSERVATION",
        "period": "2020_2026",
        "reasons": [
          "SPATIAL_ANOMALY",
          "CYCLICAL_REVERSAL_DAMPENED"
        ],
        "overall_anomaly": 0.6621,
        "headline": "Minor baseline surface variation"
      }
    },
    {
      "type": "Feature",
      "geometry": {
        "type": "Point",
        "coordinates": [
          78.473725,
          17.413582
        ]
      },
      "properties": {
        "grid_id": "HYD_0844",
        "rank": 1064,
        "priority_score": 0.3783,
        "priority_level": "LOW",
        "recommendation": "ROUTINE_OBSERVATION",
        "period": "2020_2026",
        "reasons": [
          "VEGETATION_LOSS"
        ],
        "overall_anomaly": 0.663,
        "headline": "Minor baseline surface variation"
      }
    },
    {
      "type": "Feature",
      "geometry": {
        "type": "Point",
        "coordinates": [
          78.501637,
          17.436514
        ]
      },
      "properties": {
        "grid_id": "HYD_0635",
        "rank": 1065,
        "priority_score": 0.3783,
        "priority_level": "LOW",
        "recommendation": "ROUTINE_OBSERVATION",
        "period": "2020_2026",
        "reasons": [
          "SPATIAL_ANOMALY"
        ],
        "overall_anomaly": 0.6198,
        "headline": "Minor baseline surface variation"
      }
    },
    {
      "type": "Feature",
      "geometry": {
        "type": "Point",
        "coordinates": [
          78.408009,
          17.403707
        ]
      },
      "properties": {
        "grid_id": "HYD_0916",
        "rank": 1066,
        "priority_score": 0.3782,
        "priority_level": "LOW",
        "recommendation": "ROUTINE_OBSERVATION",
        "period": "2020_2026",
        "reasons": [
          "SPATIAL_ANOMALY",
          "CYCLICAL_REVERSAL_DAMPENED"
        ],
        "overall_anomaly": 0.6398,
        "headline": "Minor baseline surface variation"
      }
    },
    {
      "type": "Feature",
      "geometry": {
        "type": "Point",
        "coordinates": [
          78.511473,
          17.405025
        ]
      },
      "properties": {
        "grid_id": "HYD_0938",
        "rank": 1067,
        "priority_score": 0.3782,
        "priority_level": "LOW",
        "recommendation": "ROUTINE_OBSERVATION",
        "period": "2020_2026",
        "reasons": [
          "SPATIAL_ANOMALY",
          "CYCLICAL_REVERSAL_DAMPENED"
        ],
        "overall_anomaly": 0.6249,
        "headline": "Minor baseline surface variation"
      }
    },
    {
      "type": "Feature",
      "geometry": {
        "type": "Point",
        "coordinates": [
          78.45416,
          17.467524
        ]
      },
      "properties": {
        "grid_id": "HYD_0324",
        "rank": 1068,
        "priority_score": 0.3781,
        "priority_level": "LOW",
        "recommendation": "ROUTINE_OBSERVATION",
        "period": "2020_2026",
        "reasons": [
          "SPATIAL_ANOMALY",
          "VEG_BUILTUP_COHERENCE",
          "VEGETATION_LOSS",
          "CYCLICAL_REVERSAL_DAMPENED"
        ],
        "overall_anomaly": 0.6296,
        "headline": "Minor baseline surface variation"
      }
    },
    {
      "type": "Feature",
      "geometry": {
        "type": "Point",
        "coordinates": [
          78.364973,
          17.452815
        ]
      },
      "properties": {
        "grid_id": "HYD_0434",
        "rank": 1069,
        "priority_score": 0.3778,
        "priority_level": "LOW",
        "recommendation": "ROUTINE_OBSERVATION",
        "period": "2020_2026",
        "reasons": [
          "SPATIAL_ANOMALY",
          "CYCLICAL_REVERSAL_DAMPENED"
        ],
        "overall_anomaly": 0.6421,
        "headline": "Minor baseline surface variation"
      }
    },
    {
      "type": "Feature",
      "geometry": {
        "type": "Point",
        "coordinates": [
          78.530771,
          17.369136
        ]
      },
      "properties": {
        "grid_id": "HYD_1286",
        "rank": 1070,
        "priority_score": 0.3778,
        "priority_level": "LOW",
        "recommendation": "ROUTINE_OBSERVATION",
        "period": "2020_2026",
        "reasons": [
          "SPATIAL_ANOMALY",
          "CYCLICAL_REVERSAL_DAMPENED"
        ],
        "overall_anomaly": 0.6336,
        "headline": "Minor baseline surface variation"
      }
    },
    {
      "type": "Feature",
      "geometry": {
        "type": "Point",
        "coordinates": [
          78.449833,
          17.440373
        ]
      },
      "properties": {
        "grid_id": "HYD_0581",
        "rank": 1071,
        "priority_score": 0.3778,
        "priority_level": "LOW",
        "recommendation": "ROUTINE_OBSERVATION",
        "period": "2020_2026",
        "reasons": [
          "SPATIAL_ANOMALY",
          "CYCLICAL_REVERSAL_DAMPENED"
        ],
        "overall_anomaly": 0.621,
        "headline": "Minor baseline surface variation"
      }
    },
    {
      "type": "Feature",
      "geometry": {
        "type": "Point",
        "coordinates": [
          78.355761,
          17.439146
        ]
      },
      "properties": {
        "grid_id": "HYD_0561",
        "rank": 1072,
        "priority_score": 0.3776,
        "priority_level": "LOW",
        "recommendation": "ROUTINE_OBSERVATION",
        "period": "2020_2026",
        "reasons": [
          "SPATIAL_ANOMALY",
          "CYCLICAL_REVERSAL_DAMPENED"
        ],
        "overall_anomaly": 0.6322,
        "headline": "Minor baseline surface variation"
      }
    },
    {
      "type": "Feature",
      "geometry": {
        "type": "Point",
        "coordinates": [
          78.500898,
          17.490697
        ]
      },
      "properties": {
        "grid_id": "HYD_0119",
        "rank": 1073,
        "priority_score": 0.3776,
        "priority_level": "LOW",
        "recommendation": "ROUTINE_OBSERVATION",
        "period": "2020_2026",
        "reasons": [
          "SPATIAL_ANOMALY"
        ],
        "overall_anomaly": 0.6305,
        "headline": "Minor baseline surface variation"
      }
    },
    {
      "type": "Feature",
      "geometry": {
        "type": "Point",
        "coordinates": [
          78.483379,
          17.395641
        ]
      },
      "properties": {
        "grid_id": "HYD_1018",
        "rank": 1074,
        "priority_score": 0.3775,
        "priority_level": "LOW",
        "recommendation": "ROUTINE_OBSERVATION",
        "period": "2020_2026",
        "reasons": [
          "SPATIAL_ANOMALY",
          "CYCLICAL_REVERSAL_DAMPENED"
        ],
        "overall_anomaly": 0.6333,
        "headline": "Minor baseline surface variation"
      }
    },
    {
      "type": "Feature",
      "geometry": {
        "type": "Point",
        "coordinates": [
          78.463256,
          17.49022
        ]
      },
      "properties": {
        "grid_id": "HYD_0111",
        "rank": 1075,
        "priority_score": 0.3773,
        "priority_level": "LOW",
        "recommendation": "ROUTINE_OBSERVATION",
        "period": "2020_2026",
        "reasons": [
          "SPATIAL_ANOMALY",
          "CYCLICAL_REVERSAL_DAMPENED"
        ],
        "overall_anomaly": 0.6492,
        "headline": "Minor baseline surface variation"
      }
    },
    {
      "type": "Feature",
      "geometry": {
        "type": "Point",
        "coordinates": [
          78.380372,
          17.362704
        ]
      },
      "properties": {
        "grid_id": "HYD_1297",
        "rank": 1076,
        "priority_score": 0.3773,
        "priority_level": "LOW",
        "recommendation": "ROUTINE_OBSERVATION",
        "period": "2020_2026",
        "reasons": [
          "SPATIAL_ANOMALY",
          "CYCLICAL_REVERSAL_DAMPENED"
        ],
        "overall_anomaly": 0.6439,
        "headline": "Minor baseline surface variation"
      }
    },
    {
      "type": "Feature",
      "geometry": {
        "type": "Point",
        "coordinates": [
          78.488513,
          17.364093
        ]
      },
      "properties": {
        "grid_id": "HYD_1320",
        "rank": 1077,
        "priority_score": 0.3773,
        "priority_level": "LOW",
        "recommendation": "ROUTINE_OBSERVATION",
        "period": "2020_2026",
        "reasons": [
          "SPATIAL_ANOMALY"
        ],
        "overall_anomaly": 0.6268,
        "headline": "Minor baseline surface variation"
      }
    },
    {
      "type": "Feature",
      "geometry": {
        "type": "Point",
        "coordinates": [
          78.350796,
          17.457142
        ]
      },
      "properties": {
        "grid_id": "HYD_0388",
        "rank": 1078,
        "priority_score": 0.3771,
        "priority_level": "LOW",
        "recommendation": "ROUTINE_OBSERVATION",
        "period": "2020_2026",
        "reasons": [
          "SPATIAL_ANOMALY",
          "CYCLICAL_REVERSAL_DAMPENED"
        ],
        "overall_anomaly": 0.6384,
        "headline": "Minor baseline surface variation"
      }
    },
    {
      "type": "Feature",
      "geometry": {
        "type": "Point",
        "coordinates": [
          78.465183,
          17.350702
        ]
      },
      "properties": {
        "grid_id": "HYD_1444",
        "rank": 1079,
        "priority_score": 0.3771,
        "priority_level": "LOW",
        "recommendation": "ROUTINE_OBSERVATION",
        "period": "2020_2026",
        "reasons": [
          "SPATIAL_ANOMALY"
        ],
        "overall_anomaly": 0.6258,
        "headline": "Minor baseline surface variation"
      }
    },
    {
      "type": "Feature",
      "geometry": {
        "type": "Point",
        "coordinates": [
          78.365233,
          17.434756
        ]
      },
      "properties": {
        "grid_id": "HYD_0606",
        "rank": 1080,
        "priority_score": 0.377,
        "priority_level": "LOW",
        "recommendation": "ROUTINE_OBSERVATION",
        "period": "2020_2026",
        "reasons": [
          "SPATIAL_ANOMALY",
          "CYCLICAL_REVERSAL_DAMPENED"
        ],
        "overall_anomaly": 0.6361,
        "headline": "Minor baseline surface variation"
      }
    },
    {
      "type": "Feature",
      "geometry": {
        "type": "Point",
        "coordinates": [
          78.369936,
          17.434818
        ]
      },
      "properties": {
        "grid_id": "HYD_0607",
        "rank": 1081,
        "priority_score": 0.377,
        "priority_level": "LOW",
        "recommendation": "ROUTINE_OBSERVATION",
        "period": "2020_2026",
        "reasons": [
          "SPATIAL_ANOMALY",
          "CYCLICAL_REVERSAL_DAMPENED"
        ],
        "overall_anomaly": 0.62,
        "headline": "Minor baseline surface variation"
      }
    },
    {
      "type": "Feature",
      "geometry": {
        "type": "Point",
        "coordinates": [
          78.488574,
          17.359578
        ]
      },
      "properties": {
        "grid_id": "HYD_1363",
        "rank": 1082,
        "priority_score": 0.3769,
        "priority_level": "LOW",
        "recommendation": "ROUTINE_OBSERVATION",
        "period": "2020_2026",
        "reasons": [
          "SPATIAL_ANOMALY"
        ],
        "overall_anomaly": 0.6201,
        "headline": "Minor baseline surface variation"
      }
    },
    {
      "type": "Feature",
      "geometry": {
        "type": "Point",
        "coordinates": [
          78.417542,
          17.394799
        ]
      },
      "properties": {
        "grid_id": "HYD_1004",
        "rank": 1083,
        "priority_score": 0.3768,
        "priority_level": "LOW",
        "recommendation": "ROUTINE_OBSERVATION",
        "period": "2020_2026",
        "reasons": [
          "SPATIAL_ANOMALY",
          "CYCLICAL_REVERSAL_DAMPENED"
        ],
        "overall_anomaly": 0.6216,
        "headline": "Minor baseline surface variation"
      }
    },
    {
      "type": "Feature",
      "geometry": {
        "type": "Point",
        "coordinates": [
          78.492599,
          17.409305
        ]
      },
      "properties": {
        "grid_id": "HYD_0891",
        "rank": 1084,
        "priority_score": 0.3767,
        "priority_level": "LOW",
        "recommendation": "ROUTINE_OBSERVATION",
        "period": "2020_2026",
        "reasons": [
          "SPATIAL_ANOMALY"
        ],
        "overall_anomaly": 0.6298,
        "headline": "Minor baseline surface variation"
      }
    },
    {
      "type": "Feature",
      "geometry": {
        "type": "Point",
        "coordinates": [
          78.412139,
          17.444403
        ]
      },
      "properties": {
        "grid_id": "HYD_0530",
        "rank": 1085,
        "priority_score": 0.3766,
        "priority_level": "LOW",
        "recommendation": "ROUTINE_OBSERVATION",
        "period": "2020_2026",
        "reasons": [
          "SPATIAL_ANOMALY",
          "CYCLICAL_REVERSAL_DAMPENED"
        ],
        "overall_anomaly": 0.6356,
        "headline": "Minor baseline surface variation"
      }
    },
    {
      "type": "Feature",
      "geometry": {
        "type": "Point",
        "coordinates": [
          78.354978,
          17.493322
        ]
      },
      "properties": {
        "grid_id": "HYD_0045",
        "rank": 1086,
        "priority_score": 0.3765,
        "priority_level": "LOW",
        "recommendation": "ROUTINE_OBSERVATION",
        "period": "2020_2026",
        "reasons": [
          "SPATIAL_ANOMALY",
          "CYCLICAL_REVERSAL_DAMPENED"
        ],
        "overall_anomaly": 0.6325,
        "headline": "Minor baseline surface variation"
      }
    },
    {
      "type": "Feature",
      "geometry": {
        "type": "Point",
        "coordinates": [
          78.511534,
          17.40051
        ]
      },
      "properties": {
        "grid_id": "HYD_0981",
        "rank": 1087,
        "priority_score": 0.3763,
        "priority_level": "LOW",
        "recommendation": "ROUTINE_OBSERVATION",
        "period": "2020_2026",
        "reasons": [
          "SPATIAL_ANOMALY",
          "CYCLICAL_REVERSAL_DAMPENED"
        ],
        "overall_anomaly": 0.6275,
        "headline": "Minor baseline surface variation"
      }
    },
    {
      "type": "Feature",
      "geometry": {
        "type": "Point",
        "coordinates": [
          78.445255,
          17.431283
        ]
      },
      "properties": {
        "grid_id": "HYD_0666",
        "rank": 1088,
        "priority_score": 0.3762,
        "priority_level": "LOW",
        "recommendation": "ROUTINE_OBSERVATION",
        "period": "2020_2026",
        "reasons": [
          "SPATIAL_ANOMALY",
          "CYCLICAL_REVERSAL_DAMPENED"
        ],
        "overall_anomaly": 0.6304,
        "headline": "Minor baseline surface variation"
      }
    },
    {
      "type": "Feature",
      "geometry": {
        "type": "Point",
        "coordinates": [
          78.460482,
          17.350643
        ]
      },
      "properties": {
        "grid_id": "HYD_1443",
        "rank": 1089,
        "priority_score": 0.3762,
        "priority_level": "LOW",
        "recommendation": "ROUTINE_OBSERVATION",
        "period": "2020_2026",
        "reasons": [
          "SPATIAL_ANOMALY",
          "CYCLICAL_REVERSAL_DAMPENED"
        ],
        "overall_anomaly": 0.6302,
        "headline": "Minor baseline surface variation"
      }
    },
    {
      "type": "Feature",
      "geometry": {
        "type": "Point",
        "coordinates": [
          78.40686,
          17.484976
        ]
      },
      "properties": {
        "grid_id": "HYD_0142",
        "rank": 1090,
        "priority_score": 0.3762,
        "priority_level": "LOW",
        "recommendation": "ROUTINE_OBSERVATION",
        "period": "2020_2026",
        "reasons": [
          "SPATIAL_ANOMALY",
          "CYCLICAL_REVERSAL_DAMPENED"
        ],
        "overall_anomaly": 0.6209,
        "headline": "Minor baseline surface variation"
      }
    },
    {
      "type": "Feature",
      "geometry": {
        "type": "Point",
        "coordinates": [
          78.468461,
          17.454159
        ]
      },
      "properties": {
        "grid_id": "HYD_0456",
        "rank": 1091,
        "priority_score": 0.3761,
        "priority_level": "LOW",
        "recommendation": "ROUTINE_OBSERVATION",
        "period": "2020_2026",
        "reasons": [
          "SPATIAL_ANOMALY"
        ],
        "overall_anomaly": 0.6221,
        "headline": "Minor baseline surface variation"
      }
    },
    {
      "type": "Feature",
      "geometry": {
        "type": "Point",
        "coordinates": [
          78.45974,
          17.404373
        ]
      },
      "properties": {
        "grid_id": "HYD_0927",
        "rank": 1092,
        "priority_score": 0.376,
        "priority_level": "LOW",
        "recommendation": "ROUTINE_OBSERVATION",
        "period": "2020_2026",
        "reasons": [
          "SPATIAL_ANOMALY",
          "CYCLICAL_REVERSAL_DAMPENED"
        ],
        "overall_anomaly": 0.6486,
        "headline": "Minor baseline surface variation"
      }
    },
    {
      "type": "Feature",
      "geometry": {
        "type": "Point",
        "coordinates": [
          78.44074,
          17.417677
        ]
      },
      "properties": {
        "grid_id": "HYD_0794",
        "rank": 1093,
        "priority_score": 0.3759,
        "priority_level": "LOW",
        "recommendation": "ROUTINE_OBSERVATION",
        "period": "2020_2026",
        "reasons": [
          "SPATIAL_ANOMALY",
          "CYCLICAL_REVERSAL_DAMPENED"
        ],
        "overall_anomaly": 0.6267,
        "headline": "Minor baseline surface variation"
      }
    },
    {
      "type": "Feature",
      "geometry": {
        "type": "Point",
        "coordinates": [
          78.42142,
          17.453555
        ]
      },
      "properties": {
        "grid_id": "HYD_0446",
        "rank": 1094,
        "priority_score": 0.3758,
        "priority_level": "LOW",
        "recommendation": "ROUTINE_OBSERVATION",
        "period": "2020_2026",
        "reasons": [
          "SPATIAL_ANOMALY",
          "CYCLICAL_REVERSAL_DAMPENED"
        ],
        "overall_anomaly": 0.6167,
        "headline": "Minor baseline surface variation"
      }
    },
    {
      "type": "Feature",
      "geometry": {
        "type": "Point",
        "coordinates": [
          78.411437,
          17.494067
        ]
      },
      "properties": {
        "grid_id": "HYD_0057",
        "rank": 1095,
        "priority_score": 0.3756,
        "priority_level": "LOW",
        "recommendation": "ROUTINE_OBSERVATION",
        "period": "2020_2026",
        "reasons": [
          "SPATIAL_ANOMALY",
          "CYCLICAL_REVERSAL_DAMPENED"
        ],
        "overall_anomaly": 0.6297,
        "headline": "Minor baseline surface variation"
      }
    },
    {
      "type": "Feature",
      "geometry": {
        "type": "Point",
        "coordinates": [
          78.544395,
          17.405433
        ]
      },
      "properties": {
        "grid_id": "HYD_0945",
        "rank": 1096,
        "priority_score": 0.3755,
        "priority_level": "LOW",
        "recommendation": "ROUTINE_OBSERVATION",
        "period": "2020_2026",
        "reasons": [
          "SPATIAL_ANOMALY",
          "CYCLICAL_REVERSAL_DAMPENED"
        ],
        "overall_anomaly": 0.635,
        "headline": "Minor baseline surface variation"
      }
    },
    {
      "type": "Feature",
      "geometry": {
        "type": "Point",
        "coordinates": [
          78.408137,
          17.394677
        ]
      },
      "properties": {
        "grid_id": "HYD_1002",
        "rank": 1097,
        "priority_score": 0.3755,
        "priority_level": "LOW",
        "recommendation": "ROUTINE_OBSERVATION",
        "period": "2020_2026",
        "reasons": [
          "SPATIAL_ANOMALY",
          "VEGETATION_LOSS",
          "CYCLICAL_REVERSAL_DAMPENED"
        ],
        "overall_anomaly": 0.6296,
        "headline": "Minor baseline surface variation"
      }
    },
    {
      "type": "Feature",
      "geometry": {
        "type": "Point",
        "coordinates": [
          78.389263,
          17.398947
        ]
      },
      "properties": {
        "grid_id": "HYD_0955",
        "rank": 1098,
        "priority_score": 0.3755,
        "priority_level": "LOW",
        "recommendation": "ROUTINE_OBSERVATION",
        "period": "2020_2026",
        "reasons": [
          "SPATIAL_ANOMALY",
          "CYCLICAL_REVERSAL_DAMPENED"
        ],
        "overall_anomaly": 0.627,
        "headline": "Minor baseline surface variation"
      }
    },
    {
      "type": "Feature",
      "geometry": {
        "type": "Point",
        "coordinates": [
          78.497118,
          17.42291
        ]
      },
      "properties": {
        "grid_id": "HYD_0763",
        "rank": 1099,
        "priority_score": 0.3755,
        "priority_level": "LOW",
        "recommendation": "ROUTINE_OBSERVATION",
        "period": "2020_2026",
        "reasons": [
          "SPATIAL_ANOMALY",
          "CYCLICAL_REVERSAL_DAMPENED"
        ],
        "overall_anomaly": 0.6139,
        "headline": "Minor baseline surface variation"
      }
    },
    {
      "type": "Feature",
      "geometry": {
        "type": "Point",
        "coordinates": [
          78.422308,
          17.390345
        ]
      },
      "properties": {
        "grid_id": "HYD_1048",
        "rank": 1100,
        "priority_score": 0.3753,
        "priority_level": "LOW",
        "recommendation": "ROUTINE_OBSERVATION",
        "period": "2020_2026",
        "reasons": [
          "SPATIAL_ANOMALY",
          "CYCLICAL_REVERSAL_DAMPENED"
        ],
        "overall_anomaly": 0.6344,
        "headline": "Minor baseline surface variation"
      }
    },
    {
      "type": "Feature",
      "geometry": {
        "type": "Point",
        "coordinates": [
          78.420783,
          17.498704
        ]
      },
      "properties": {
        "grid_id": "HYD_0016",
        "rank": 1101,
        "priority_score": 0.3753,
        "priority_level": "LOW",
        "recommendation": "ROUTINE_OBSERVATION",
        "period": "2020_2026",
        "reasons": [
          "SPATIAL_ANOMALY",
          "CYCLICAL_REVERSAL_DAMPENED"
        ],
        "overall_anomaly": 0.6177,
        "headline": "Minor baseline surface variation"
      }
    },
    {
      "type": "Feature",
      "geometry": {
        "type": "Point",
        "coordinates": [
          78.520636,
          17.423204
        ]
      },
      "properties": {
        "grid_id": "HYD_0768",
        "rank": 1102,
        "priority_score": 0.3751,
        "priority_level": "LOW",
        "recommendation": "ROUTINE_OBSERVATION",
        "period": "2020_2026",
        "reasons": [
          "SPATIAL_ANOMALY",
          "CYCLICAL_REVERSAL_DAMPENED"
        ],
        "overall_anomaly": 0.6244,
        "headline": "Minor baseline surface variation"
      }
    },
    {
      "type": "Feature",
      "geometry": {
        "type": "Point",
        "coordinates": [
          78.384496,
          17.4034
        ]
      },
      "properties": {
        "grid_id": "HYD_0911",
        "rank": 1103,
        "priority_score": 0.375,
        "priority_level": "LOW",
        "recommendation": "ROUTINE_OBSERVATION",
        "period": "2020_2026",
        "reasons": [
          "SPATIAL_ANOMALY"
        ],
        "overall_anomaly": 0.6217,
        "headline": "Minor baseline surface variation"
      }
    },
    {
      "type": "Feature",
      "geometry": {
        "type": "Point",
        "coordinates": [
          78.467899,
          17.494795
        ]
      },
      "properties": {
        "grid_id": "HYD_0069",
        "rank": 1104,
        "priority_score": 0.3749,
        "priority_level": "LOW",
        "recommendation": "ROUTINE_OBSERVATION",
        "period": "2020_2026",
        "reasons": [
          "SPATIAL_ANOMALY",
          "CYCLICAL_REVERSAL_DAMPENED"
        ],
        "overall_anomaly": 0.6462,
        "headline": "Minor baseline surface variation"
      }
    },
    {
      "type": "Feature",
      "geometry": {
        "type": "Point",
        "coordinates": [
          78.478861,
          17.382036
        ]
      },
      "properties": {
        "grid_id": "HYD_1146",
        "rank": 1105,
        "priority_score": 0.3748,
        "priority_level": "LOW",
        "recommendation": "ROUTINE_OBSERVATION",
        "period": "2020_2026",
        "reasons": [
          "SPATIAL_ANOMALY"
        ],
        "overall_anomaly": 0.6138,
        "headline": "Minor baseline surface variation"
      }
    },
    {
      "type": "Feature",
      "geometry": {
        "type": "Point",
        "coordinates": [
          78.488205,
          17.386669
        ]
      },
      "properties": {
        "grid_id": "HYD_1105",
        "rank": 1106,
        "priority_score": 0.3746,
        "priority_level": "LOW",
        "recommendation": "ROUTINE_OBSERVATION",
        "period": "2020_2026",
        "reasons": [
          "SPATIAL_ANOMALY",
          "CYCLICAL_REVERSAL_DAMPENED"
        ],
        "overall_anomaly": 0.6215,
        "headline": "Minor baseline surface variation"
      }
    },
    {
      "type": "Feature",
      "geometry": {
        "type": "Point",
        "coordinates": [
          78.407882,
          17.412737
        ]
      },
      "properties": {
        "grid_id": "HYD_0830",
        "rank": 1107,
        "priority_score": 0.3746,
        "priority_level": "LOW",
        "recommendation": "ROUTINE_OBSERVATION",
        "period": "2020_2026",
        "reasons": [
          "SPATIAL_ANOMALY",
          "CYCLICAL_REVERSAL_DAMPENED"
        ],
        "overall_anomaly": 0.6165,
        "headline": "Minor baseline surface variation"
      }
    },
    {
      "type": "Feature",
      "geometry": {
        "type": "Point",
        "coordinates": [
          78.497487,
          17.395818
        ]
      },
      "properties": {
        "grid_id": "HYD_1021",
        "rank": 1108,
        "priority_score": 0.3743,
        "priority_level": "LOW",
        "recommendation": "ROUTINE_OBSERVATION",
        "period": "2020_2026",
        "reasons": [
          "SPATIAL_ANOMALY",
          "CYCLICAL_REVERSAL_DAMPENED"
        ],
        "overall_anomaly": 0.63,
        "headline": "Minor baseline surface variation"
      }
    },
    {
      "type": "Feature",
      "geometry": {
        "type": "Point",
        "coordinates": [
          78.431271,
          17.422071
        ]
      },
      "properties": {
        "grid_id": "HYD_0749",
        "rank": 1109,
        "priority_score": 0.3742,
        "priority_level": "LOW",
        "recommendation": "ROUTINE_OBSERVATION",
        "period": "2020_2026",
        "reasons": [
          "SPATIAL_ANOMALY",
          "CYCLICAL_REVERSAL_DAMPENED"
        ],
        "overall_anomaly": 0.6242,
        "headline": "Minor baseline surface variation"
      }
    },
    {
      "type": "Feature",
      "geometry": {
        "type": "Point",
        "coordinates": [
          78.449204,
          17.485524
        ]
      },
      "properties": {
        "grid_id": "HYD_0151",
        "rank": 1110,
        "priority_score": 0.3742,
        "priority_level": "LOW",
        "recommendation": "ROUTINE_OBSERVATION",
        "period": "2020_2026",
        "reasons": [
          "SPATIAL_ANOMALY",
          "CYCLICAL_REVERSAL_DAMPENED"
        ],
        "overall_anomaly": 0.6213,
        "headline": "Minor baseline surface variation"
      }
    },
    {
      "type": "Feature",
      "geometry": {
        "type": "Point",
        "coordinates": [
          78.549767,
          17.351757
        ]
      },
      "properties": {
        "grid_id": "HYD_1462",
        "rank": 1111,
        "priority_score": 0.3741,
        "priority_level": "LOW",
        "recommendation": "ROUTINE_OBSERVATION",
        "period": "2020_2026",
        "reasons": [
          "SPATIAL_ANOMALY",
          "CYCLICAL_REVERSAL_DAMPENED"
        ],
        "overall_anomaly": 0.6145,
        "headline": "Minor baseline surface variation"
      }
    },
    {
      "type": "Feature",
      "geometry": {
        "type": "Point",
        "coordinates": [
          78.401963,
          17.498459
        ]
      },
      "properties": {
        "grid_id": "HYD_0012",
        "rank": 1112,
        "priority_score": 0.3741,
        "priority_level": "LOW",
        "recommendation": "ROUTINE_OBSERVATION",
        "period": "2020_2026",
        "reasons": [
          "SPATIAL_ANOMALY",
          "CYCLICAL_REVERSAL_DAMPENED"
        ],
        "overall_anomaly": 0.6122,
        "headline": "Minor baseline surface variation"
      }
    },
    {
      "type": "Feature",
      "geometry": {
        "type": "Point",
        "coordinates": [
          78.511657,
          17.391479
        ]
      },
      "properties": {
        "grid_id": "HYD_1067",
        "rank": 1113,
        "priority_score": 0.3738,
        "priority_level": "LOW",
        "recommendation": "ROUTINE_OBSERVATION",
        "period": "2020_2026",
        "reasons": [
          "SPATIAL_ANOMALY",
          "CYCLICAL_REVERSAL_DAMPENED"
        ],
        "overall_anomaly": 0.6215,
        "headline": "Minor baseline surface variation"
      }
    },
    {
      "type": "Feature",
      "geometry": {
        "type": "Point",
        "coordinates": [
          78.431523,
          17.404011
        ]
      },
      "properties": {
        "grid_id": "HYD_0921",
        "rank": 1114,
        "priority_score": 0.3737,
        "priority_level": "LOW",
        "recommendation": "ROUTINE_OBSERVATION",
        "period": "2020_2026",
        "reasons": [
          "SPATIAL_ANOMALY",
          "CYCLICAL_REVERSAL_DAMPENED"
        ],
        "overall_anomaly": 0.6229,
        "headline": "Minor baseline surface variation"
      }
    },
    {
      "type": "Feature",
      "geometry": {
        "type": "Point",
        "coordinates": [
          78.500959,
          17.486182
        ]
      },
      "properties": {
        "grid_id": "HYD_0162",
        "rank": 1115,
        "priority_score": 0.3735,
        "priority_level": "LOW",
        "recommendation": "ROUTINE_OBSERVATION",
        "period": "2020_2026",
        "reasons": [
          "SPATIAL_ANOMALY"
        ],
        "overall_anomaly": 0.6297,
        "headline": "Minor baseline surface variation"
      }
    },
    {
      "type": "Feature",
      "geometry": {
        "type": "Point",
        "coordinates": [
          78.364778,
          17.466359
        ]
      },
      "properties": {
        "grid_id": "HYD_0305",
        "rank": 1116,
        "priority_score": 0.3734,
        "priority_level": "LOW",
        "recommendation": "ROUTINE_OBSERVATION",
        "period": "2020_2026",
        "reasons": [
          "SPATIAL_ANOMALY",
          "CYCLICAL_REVERSAL_DAMPENED"
        ],
        "overall_anomaly": 0.6336,
        "headline": "Minor baseline surface variation"
      }
    },
    {
      "type": "Feature",
      "geometry": {
        "type": "Point",
        "coordinates": [
          78.425679,
          17.48522
        ]
      },
      "properties": {
        "grid_id": "HYD_0146",
        "rank": 1117,
        "priority_score": 0.3734,
        "priority_level": "LOW",
        "recommendation": "ROUTINE_OBSERVATION",
        "period": "2020_2026",
        "reasons": [
          "SPATIAL_ANOMALY",
          "CYCLICAL_REVERSAL_DAMPENED"
        ],
        "overall_anomaly": 0.6153,
        "headline": "Minor baseline surface variation"
      }
    },
    {
      "type": "Feature",
      "geometry": {
        "type": "Point",
        "coordinates": [
          78.501329,
          17.459091
        ]
      },
      "properties": {
        "grid_id": "HYD_0420",
        "rank": 1118,
        "priority_score": 0.3733,
        "priority_level": "LOW",
        "recommendation": "ROUTINE_OBSERVATION",
        "period": "2020_2026",
        "reasons": [
          "SPATIAL_ANOMALY"
        ],
        "overall_anomaly": 0.6164,
        "headline": "Minor baseline surface variation"
      }
    },
    {
      "type": "Feature",
      "geometry": {
        "type": "Point",
        "coordinates": [
          78.40222,
          17.480399
        ]
      },
      "properties": {
        "grid_id": "HYD_0184",
        "rank": 1119,
        "priority_score": 0.3731,
        "priority_level": "LOW",
        "recommendation": "ROUTINE_OBSERVATION",
        "period": "2020_2026",
        "reasons": [
          "SPATIAL_ANOMALY",
          "CYCLICAL_REVERSAL_DAMPENED"
        ],
        "overall_anomaly": 0.6697,
        "headline": "Minor baseline surface variation"
      }
    },
    {
      "type": "Feature",
      "geometry": {
        "type": "Point",
        "coordinates": [
          78.507321,
          17.364329
        ]
      },
      "properties": {
        "grid_id": "HYD_1324",
        "rank": 1120,
        "priority_score": 0.3728,
        "priority_level": "LOW",
        "recommendation": "ROUTINE_OBSERVATION",
        "period": "2020_2026",
        "reasons": [
          "SPATIAL_ANOMALY",
          "CYCLICAL_REVERSAL_DAMPENED"
        ],
        "overall_anomaly": 0.6159,
        "headline": "Minor baseline surface variation"
      }
    },
    {
      "type": "Feature",
      "geometry": {
        "type": "Point",
        "coordinates": [
          78.458927,
          17.463069
        ]
      },
      "properties": {
        "grid_id": "HYD_0368",
        "rank": 1121,
        "priority_score": 0.3727,
        "priority_level": "LOW",
        "recommendation": "ROUTINE_OBSERVATION",
        "period": "2020_2026",
        "reasons": [
          "SPATIAL_ANOMALY",
          "CYCLICAL_REVERSAL_DAMPENED"
        ],
        "overall_anomaly": 0.6268,
        "headline": "Minor baseline surface variation"
      }
    },
    {
      "type": "Feature",
      "geometry": {
        "type": "Point",
        "coordinates": [
          78.477434,
          17.485885
        ]
      },
      "properties": {
        "grid_id": "HYD_0157",
        "rank": 1122,
        "priority_score": 0.3725,
        "priority_level": "LOW",
        "recommendation": "ROUTINE_OBSERVATION",
        "period": "2020_2026",
        "reasons": [
          "SPATIAL_ANOMALY",
          "CYCLICAL_REVERSAL_DAMPENED"
        ],
        "overall_anomaly": 0.6274,
        "headline": "Minor baseline surface variation"
      }
    },
    {
      "type": "Feature",
      "geometry": {
        "type": "Point",
        "coordinates": [
          78.408328,
          17.381132
        ]
      },
      "properties": {
        "grid_id": "HYD_1131",
        "rank": 1123,
        "priority_score": 0.3723,
        "priority_level": "LOW",
        "recommendation": "ROUTINE_OBSERVATION",
        "period": "2020_2026",
        "reasons": [
          "SPATIAL_ANOMALY"
        ],
        "overall_anomaly": 0.6139,
        "headline": "Minor baseline surface variation"
      }
    },
    {
      "type": "Feature",
      "geometry": {
        "type": "Point",
        "coordinates": [
          78.421166,
          17.471615
        ]
      },
      "properties": {
        "grid_id": "HYD_0274",
        "rank": 1124,
        "priority_score": 0.3721,
        "priority_level": "LOW",
        "recommendation": "ROUTINE_OBSERVATION",
        "period": "2020_2026",
        "reasons": [
          "SPATIAL_ANOMALY",
          "CYCLICAL_REVERSAL_DAMPENED"
        ],
        "overall_anomaly": 0.6224,
        "headline": "Minor baseline surface variation"
      }
    },
    {
      "type": "Feature",
      "geometry": {
        "type": "Point",
        "coordinates": [
          78.506954,
          17.39142
        ]
      },
      "properties": {
        "grid_id": "HYD_1066",
        "rank": 1125,
        "priority_score": 0.3721,
        "priority_level": "LOW",
        "recommendation": "ROUTINE_OBSERVATION",
        "period": "2020_2026",
        "reasons": [
          "SPATIAL_ANOMALY"
        ],
        "overall_anomaly": 0.6179,
        "headline": "Minor baseline surface variation"
      }
    },
    {
      "type": "Feature",
      "geometry": {
        "type": "Point",
        "coordinates": [
          78.4551,
          17.399798
        ]
      },
      "properties": {
        "grid_id": "HYD_0969",
        "rank": 1126,
        "priority_score": 0.3717,
        "priority_level": "LOW",
        "recommendation": "ROUTINE_OBSERVATION",
        "period": "2020_2026",
        "reasons": [
          "SPATIAL_ANOMALY",
          "CYCLICAL_REVERSAL_DAMPENED"
        ],
        "overall_anomaly": 0.6292,
        "headline": "Minor baseline surface variation"
      }
    },
    {
      "type": "Feature",
      "geometry": {
        "type": "Point",
        "coordinates": [
          78.379536,
          17.421398
        ]
      },
      "properties": {
        "grid_id": "HYD_0738",
        "rank": 1127,
        "priority_score": 0.3716,
        "priority_level": "LOW",
        "recommendation": "ROUTINE_OBSERVATION",
        "period": "2020_2026",
        "reasons": [
          "SPATIAL_ANOMALY",
          "CYCLICAL_REVERSAL_DAMPENED"
        ],
        "overall_anomaly": 0.6275,
        "headline": "Minor baseline surface variation"
      }
    },
    {
      "type": "Feature",
      "geometry": {
        "type": "Point",
        "coordinates": [
          78.479109,
          17.363975
        ]
      },
      "properties": {
        "grid_id": "HYD_1318",
        "rank": 1128,
        "priority_score": 0.3715,
        "priority_level": "LOW",
        "recommendation": "ROUTINE_OBSERVATION",
        "period": "2020_2026",
        "reasons": [
          "SPATIAL_ANOMALY"
        ],
        "overall_anomaly": 0.6244,
        "headline": "Minor baseline surface variation"
      }
    },
    {
      "type": "Feature",
      "geometry": {
        "type": "Point",
        "coordinates": [
          78.544817,
          17.373825
        ]
      },
      "properties": {
        "grid_id": "HYD_1246",
        "rank": 1129,
        "priority_score": 0.3715,
        "priority_level": "LOW",
        "recommendation": "ROUTINE_OBSERVATION",
        "period": "2020_2026",
        "reasons": [
          "SPATIAL_ANOMALY",
          "CYCLICAL_REVERSAL_DAMPENED"
        ],
        "overall_anomaly": 0.6108,
        "headline": "Minor baseline surface variation"
      }
    },
    {
      "type": "Feature",
      "geometry": {
        "type": "Point",
        "coordinates": [
          78.42682,
          17.403951
        ]
      },
      "properties": {
        "grid_id": "HYD_0920",
        "rank": 1130,
        "priority_score": 0.3713,
        "priority_level": "LOW",
        "recommendation": "ROUTINE_OBSERVATION",
        "period": "2020_2026",
        "reasons": [
          "CYCLICAL_REVERSAL_DAMPENED"
        ],
        "overall_anomaly": 0.6225,
        "headline": "Minor baseline surface variation"
      }
    },
    {
      "type": "Feature",
      "geometry": {
        "type": "Point",
        "coordinates": [
          78.426251,
          17.444586
        ]
      },
      "properties": {
        "grid_id": "HYD_0533",
        "rank": 1131,
        "priority_score": 0.3709,
        "priority_level": "LOW",
        "recommendation": "ROUTINE_OBSERVATION",
        "period": "2020_2026",
        "reasons": [
          "SPATIAL_ANOMALY",
          "CYCLICAL_REVERSAL_DAMPENED"
        ],
        "overall_anomaly": 0.6043,
        "headline": "Minor baseline surface variation"
      }
    },
    {
      "type": "Feature",
      "geometry": {
        "type": "Point",
        "coordinates": [
          78.506709,
          17.409482
        ]
      },
      "properties": {
        "grid_id": "HYD_0894",
        "rank": 1132,
        "priority_score": 0.3708,
        "priority_level": "LOW",
        "recommendation": "ROUTINE_OBSERVATION",
        "period": "2020_2026",
        "reasons": [
          "SPATIAL_ANOMALY"
        ],
        "overall_anomaly": 0.6086,
        "headline": "Minor baseline surface variation"
      }
    },
    {
      "type": "Feature",
      "geometry": {
        "type": "Point",
        "coordinates": [
          78.431649,
          17.394981
        ]
      },
      "properties": {
        "grid_id": "HYD_1007",
        "rank": 1133,
        "priority_score": 0.3707,
        "priority_level": "LOW",
        "recommendation": "ROUTINE_OBSERVATION",
        "period": "2020_2026",
        "reasons": [
          "SPATIAL_ANOMALY",
          "CYCLICAL_REVERSAL_DAMPENED"
        ],
        "overall_anomaly": 0.6055,
        "headline": "Minor baseline surface variation"
      }
    },
    {
      "type": "Feature",
      "geometry": {
        "type": "Point",
        "coordinates": [
          78.408073,
          17.399192
        ]
      },
      "properties": {
        "grid_id": "HYD_0959",
        "rank": 1134,
        "priority_score": 0.3706,
        "priority_level": "LOW",
        "recommendation": "ROUTINE_OBSERVATION",
        "period": "2020_2026",
        "reasons": [
          "SPATIAL_ANOMALY",
          "CYCLICAL_REVERSAL_DAMPENED"
        ],
        "overall_anomaly": 0.6182,
        "headline": "Minor baseline surface variation"
      }
    },
    {
      "type": "Feature",
      "geometry": {
        "type": "Point",
        "coordinates": [
          78.512084,
          17.359872
        ]
      },
      "properties": {
        "grid_id": "HYD_1368",
        "rank": 1135,
        "priority_score": 0.3703,
        "priority_level": "LOW",
        "recommendation": "ROUTINE_OBSERVATION",
        "period": "2020_2026",
        "reasons": [
          "SPATIAL_ANOMALY",
          "CYCLICAL_REVERSAL_DAMPENED"
        ],
        "overall_anomaly": 0.6182,
        "headline": "Minor baseline surface variation"
      }
    },
    {
      "type": "Feature",
      "geometry": {
        "type": "Point",
        "coordinates": [
          78.378502,
          17.493635
        ]
      },
      "properties": {
        "grid_id": "HYD_0050",
        "rank": 1136,
        "priority_score": 0.3702,
        "priority_level": "LOW",
        "recommendation": "ROUTINE_OBSERVATION",
        "period": "2020_2026",
        "reasons": [
          "SPATIAL_ANOMALY",
          "CYCLICAL_REVERSAL_DAMPENED"
        ],
        "overall_anomaly": 0.6355,
        "headline": "Minor baseline surface variation"
      }
    },
    {
      "type": "Feature",
      "geometry": {
        "type": "Point",
        "coordinates": [
          78.369677,
          17.452877
        ]
      },
      "properties": {
        "grid_id": "HYD_0435",
        "rank": 1137,
        "priority_score": 0.3702,
        "priority_level": "LOW",
        "recommendation": "ROUTINE_OBSERVATION",
        "period": "2020_2026",
        "reasons": [
          "SPATIAL_ANOMALY",
          "CYCLICAL_REVERSAL_DAMPENED"
        ],
        "overall_anomaly": 0.6327,
        "headline": "Minor baseline surface variation"
      }
    },
    {
      "type": "Feature",
      "geometry": {
        "type": "Point",
        "coordinates": [
          78.365362,
          17.425726
        ]
      },
      "properties": {
        "grid_id": "HYD_0692",
        "rank": 1138,
        "priority_score": 0.3702,
        "priority_level": "LOW",
        "recommendation": "ROUTINE_OBSERVATION",
        "period": "2020_2026",
        "reasons": [
          "SPATIAL_ANOMALY",
          "CYCLICAL_REVERSAL_DAMPENED"
        ],
        "overall_anomaly": 0.6296,
        "headline": "Minor baseline surface variation"
      }
    },
    {
      "type": "Feature",
      "geometry": {
        "type": "Point",
        "coordinates": [
          78.417605,
          17.390284
        ]
      },
      "properties": {
        "grid_id": "HYD_1047",
        "rank": 1139,
        "priority_score": 0.3702,
        "priority_level": "LOW",
        "recommendation": "ROUTINE_OBSERVATION",
        "period": "2020_2026",
        "reasons": [
          "SPATIAL_ANOMALY",
          "CYCLICAL_REVERSAL_DAMPENED"
        ],
        "overall_anomaly": 0.6152,
        "headline": "Minor baseline surface variation"
      }
    },
    {
      "type": "Feature",
      "geometry": {
        "type": "Point",
        "coordinates": [
          78.436855,
          17.358921
        ]
      },
      "properties": {
        "grid_id": "HYD_1352",
        "rank": 1140,
        "priority_score": 0.37,
        "priority_level": "LOW",
        "recommendation": "ROUTINE_OBSERVATION",
        "period": "2020_2026",
        "reasons": [
          "SPATIAL_ANOMALY"
        ],
        "overall_anomaly": 0.6093,
        "headline": "Minor baseline surface variation"
      }
    },
    {
      "type": "Feature",
      "geometry": {
        "type": "Point",
        "coordinates": [
          78.393966,
          17.399008
        ]
      },
      "properties": {
        "grid_id": "HYD_0956",
        "rank": 1141,
        "priority_score": 0.37,
        "priority_level": "LOW",
        "recommendation": "ROUTINE_OBSERVATION",
        "period": "2020_2026",
        "reasons": [
          "SPATIAL_ANOMALY"
        ],
        "overall_anomaly": 0.6032,
        "headline": "Minor baseline surface variation"
      }
    },
    {
      "type": "Feature",
      "geometry": {
        "type": "Point",
        "coordinates": [
          78.502741,
          17.355239
        ]
      },
      "properties": {
        "grid_id": "HYD_1409",
        "rank": 1142,
        "priority_score": 0.37,
        "priority_level": "LOW",
        "recommendation": "ROUTINE_OBSERVATION",
        "period": "2020_2026",
        "reasons": [
          "SPATIAL_ANOMALY"
        ],
        "overall_anomaly": 0.6007,
        "headline": "Minor baseline surface variation"
      }
    },
    {
      "type": "Feature",
      "geometry": {
        "type": "Point",
        "coordinates": [
          78.430321,
          17.489796
        ]
      },
      "properties": {
        "grid_id": "HYD_0104",
        "rank": 1143,
        "priority_score": 0.3699,
        "priority_level": "LOW",
        "recommendation": "ROUTINE_OBSERVATION",
        "period": "2020_2026",
        "reasons": [
          "SPATIAL_ANOMALY",
          "CYCLICAL_REVERSAL_DAMPENED"
        ],
        "overall_anomaly": 0.6327,
        "headline": "Minor baseline surface variation"
      }
    },
    {
      "type": "Feature",
      "geometry": {
        "type": "Point",
        "coordinates": [
          78.516901,
          17.351351
        ]
      },
      "properties": {
        "grid_id": "HYD_1455",
        "rank": 1144,
        "priority_score": 0.3698,
        "priority_level": "LOW",
        "recommendation": "ROUTINE_OBSERVATION",
        "period": "2020_2026",
        "reasons": [
          "SPATIAL_ANOMALY",
          "CYCLICAL_REVERSAL_DAMPENED"
        ],
        "overall_anomaly": 0.6102,
        "headline": "Minor baseline surface variation"
      }
    },
    {
      "type": "Feature",
      "geometry": {
        "type": "Point",
        "coordinates": [
          78.407308,
          17.453371
        ]
      },
      "properties": {
        "grid_id": "HYD_0443",
        "rank": 1145,
        "priority_score": 0.3698,
        "priority_level": "LOW",
        "recommendation": "ROUTINE_OBSERVATION",
        "period": "2020_2026",
        "reasons": [
          "SPATIAL_ANOMALY"
        ],
        "overall_anomaly": 0.6076,
        "headline": "Minor baseline surface variation"
      }
    },
    {
      "type": "Feature",
      "geometry": {
        "type": "Point",
        "coordinates": [
          78.534261,
          17.459502
        ]
      },
      "properties": {
        "grid_id": "HYD_0427",
        "rank": 1146,
        "priority_score": 0.3697,
        "priority_level": "LOW",
        "recommendation": "ROUTINE_OBSERVATION",
        "period": "2020_2026",
        "reasons": [
          "SPATIAL_ANOMALY",
          "CYCLICAL_REVERSAL_DAMPENED"
        ],
        "overall_anomaly": 0.6343,
        "headline": "Minor baseline surface variation"
      }
    },
    {
      "type": "Feature",
      "geometry": {
        "type": "Point",
        "coordinates": [
          78.426631,
          17.417496
        ]
      },
      "properties": {
        "grid_id": "HYD_0791",
        "rank": 1147,
        "priority_score": 0.3697,
        "priority_level": "LOW",
        "recommendation": "ROUTINE_OBSERVATION",
        "period": "2020_2026",
        "reasons": [
          "SPATIAL_ANOMALY",
          "CYCLICAL_REVERSAL_DAMPENED"
        ],
        "overall_anomaly": 0.6142,
        "headline": "Minor baseline surface variation"
      }
    },
    {
      "type": "Feature",
      "geometry": {
        "type": "Point",
        "coordinates": [
          78.44494,
          17.453858
        ]
      },
      "properties": {
        "grid_id": "HYD_0451",
        "rank": 1148,
        "priority_score": 0.3697,
        "priority_level": "LOW",
        "recommendation": "ROUTINE_OBSERVATION",
        "period": "2020_2026",
        "reasons": [
          "SPATIAL_ANOMALY"
        ],
        "overall_anomaly": 0.6117,
        "headline": "Minor baseline surface variation"
      }
    },
    {
      "type": "Feature",
      "geometry": {
        "type": "Point",
        "coordinates": [
          78.359944,
          17.475326
        ]
      },
      "properties": {
        "grid_id": "HYD_0218",
        "rank": 1149,
        "priority_score": 0.3696,
        "priority_level": "LOW",
        "recommendation": "ROUTINE_OBSERVATION",
        "period": "2020_2026",
        "reasons": [
          "SPATIAL_ANOMALY"
        ],
        "overall_anomaly": 0.6199,
        "headline": "Minor baseline surface variation"
      }
    },
    {
      "type": "Feature",
      "geometry": {
        "type": "Point",
        "coordinates": [
          78.469829,
          17.354825
        ]
      },
      "properties": {
        "grid_id": "HYD_1402",
        "rank": 1150,
        "priority_score": 0.3695,
        "priority_level": "LOW",
        "recommendation": "ROUTINE_OBSERVATION",
        "period": "2020_2026",
        "reasons": [
          "SPATIAL_ANOMALY"
        ],
        "overall_anomaly": 0.6255,
        "headline": "Minor baseline surface variation"
      }
    },
    {
      "type": "Feature",
      "geometry": {
        "type": "Point",
        "coordinates": [
          78.454912,
          17.413343
        ]
      },
      "properties": {
        "grid_id": "HYD_0840",
        "rank": 1151,
        "priority_score": 0.3694,
        "priority_level": "LOW",
        "recommendation": "ROUTINE_OBSERVATION",
        "period": "2020_2026",
        "reasons": [
          "SPATIAL_ANOMALY",
          "CYCLICAL_REVERSAL_DAMPENED"
        ],
        "overall_anomaly": 0.6032,
        "headline": "Minor baseline surface variation"
      }
    },
    {
      "type": "Feature",
      "geometry": {
        "type": "Point",
        "coordinates": [
          78.449519,
          17.462949
        ]
      },
      "properties": {
        "grid_id": "HYD_0366",
        "rank": 1152,
        "priority_score": 0.3693,
        "priority_level": "LOW",
        "recommendation": "ROUTINE_OBSERVATION",
        "period": "2020_2026",
        "reasons": [
          "SPATIAL_ANOMALY"
        ],
        "overall_anomaly": 0.6066,
        "headline": "Minor baseline surface variation"
      }
    },
    {
      "type": "Feature",
      "geometry": {
        "type": "Point",
        "coordinates": [
          78.356865,
          17.362395
        ]
      },
      "properties": {
        "grid_id": "HYD_1292",
        "rank": 1153,
        "priority_score": 0.3692,
        "priority_level": "LOW",
        "recommendation": "ROUTINE_OBSERVATION",
        "period": "2020_2026",
        "reasons": [
          "SPATIAL_ANOMALY",
          "CYCLICAL_REVERSAL_DAMPENED"
        ],
        "overall_anomaly": 0.6189,
        "headline": "Minor baseline surface variation"
      }
    },
    {
      "type": "Feature",
      "geometry": {
        "type": "Point",
        "coordinates": [
          78.48703,
          17.472458
        ]
      },
      "properties": {
        "grid_id": "HYD_0288",
        "rank": 1154,
        "priority_score": 0.3689,
        "priority_level": "LOW",
        "recommendation": "ROUTINE_OBSERVATION",
        "period": "2020_2026",
        "reasons": [
          "SPATIAL_ANOMALY"
        ],
        "overall_anomaly": 0.6088,
        "headline": "Minor baseline surface variation"
      }
    },
    {
      "type": "Feature",
      "geometry": {
        "type": "Point",
        "coordinates": [
          78.427571,
          17.350222
        ]
      },
      "properties": {
        "grid_id": "HYD_1436",
        "rank": 1155,
        "priority_score": 0.3688,
        "priority_level": "LOW",
        "recommendation": "ROUTINE_OBSERVATION",
        "period": "2020_2026",
        "reasons": [
          "SPATIAL_ANOMALY"
        ],
        "overall_anomaly": 0.5978,
        "headline": "Minor baseline surface variation"
      }
    },
    {
      "type": "Feature",
      "geometry": {
        "type": "Point",
        "coordinates": [
          78.441054,
          17.395102
        ]
      },
      "properties": {
        "grid_id": "HYD_1009",
        "rank": 1156,
        "priority_score": 0.3685,
        "priority_level": "LOW",
        "recommendation": "ROUTINE_OBSERVATION",
        "period": "2020_2026",
        "reasons": [
          "SPATIAL_ANOMALY",
          "CYCLICAL_REVERSAL_DAMPENED"
        ],
        "overall_anomaly": 0.6145,
        "headline": "Minor baseline surface variation"
      }
    },
    {
      "type": "Feature",
      "geometry": {
        "type": "Point",
        "coordinates": [
          78.506893,
          17.395936
        ]
      },
      "properties": {
        "grid_id": "HYD_1023",
        "rank": 1157,
        "priority_score": 0.3683,
        "priority_level": "LOW",
        "recommendation": "ROUTINE_OBSERVATION",
        "period": "2020_2026",
        "reasons": [
          "SPATIAL_ANOMALY",
          "CYCLICAL_REVERSAL_DAMPENED"
        ],
        "overall_anomaly": 0.6148,
        "headline": "Minor baseline surface variation"
      }
    },
    {
      "type": "Feature",
      "geometry": {
        "type": "Point",
        "coordinates": [
          78.422497,
          17.3768
        ]
      },
      "properties": {
        "grid_id": "HYD_1177",
        "rank": 1158,
        "priority_score": 0.3683,
        "priority_level": "LOW",
        "recommendation": "ROUTINE_OBSERVATION",
        "period": "2020_2026",
        "reasons": [
          "SPATIAL_ANOMALY",
          "CYCLICAL_REVERSAL_DAMPENED"
        ],
        "overall_anomaly": 0.6135,
        "headline": "Minor baseline surface variation"
      }
    },
    {
      "type": "Feature",
      "geometry": {
        "type": "Point",
        "coordinates": [
          78.387848,
          17.498273
        ]
      },
      "properties": {
        "grid_id": "HYD_0009",
        "rank": 1159,
        "priority_score": 0.3682,
        "priority_level": "LOW",
        "recommendation": "ROUTINE_OBSERVATION",
        "period": "2020_2026",
        "reasons": [
          "SPATIAL_ANOMALY",
          "CYCLICAL_REVERSAL_DAMPENED"
        ],
        "overall_anomaly": 0.6093,
        "headline": "Minor baseline surface variation"
      }
    },
    {
      "type": "Feature",
      "geometry": {
        "type": "Point",
        "coordinates": [
          78.417985,
          17.363194
        ]
      },
      "properties": {
        "grid_id": "HYD_1305",
        "rank": 1160,
        "priority_score": 0.3681,
        "priority_level": "LOW",
        "recommendation": "ROUTINE_OBSERVATION",
        "period": "2020_2026",
        "reasons": [
          "SPATIAL_ANOMALY",
          "CYCLICAL_REVERSAL_DAMPENED"
        ],
        "overall_anomaly": 0.6167,
        "headline": "Minor baseline surface variation"
      }
    },
    {
      "type": "Feature",
      "geometry": {
        "type": "Point",
        "coordinates": [
          78.430448,
          17.480766
        ]
      },
      "properties": {
        "grid_id": "HYD_0190",
        "rank": 1161,
        "priority_score": 0.368,
        "priority_level": "LOW",
        "recommendation": "ROUTINE_OBSERVATION",
        "period": "2020_2026",
        "reasons": [
          "SPATIAL_ANOMALY",
          "CYCLICAL_REVERSAL_DAMPENED"
        ],
        "overall_anomaly": 0.6198,
        "headline": "Minor baseline surface variation"
      }
    },
    {
      "type": "Feature",
      "geometry": {
        "type": "Point",
        "coordinates": [
          78.460114,
          17.377282
        ]
      },
      "properties": {
        "grid_id": "HYD_1185",
        "rank": 1162,
        "priority_score": 0.368,
        "priority_level": "LOW",
        "recommendation": "ROUTINE_OBSERVATION",
        "period": "2020_2026",
        "reasons": [
          "SPATIAL_ANOMALY"
        ],
        "overall_anomaly": 0.6138,
        "headline": "Minor baseline surface variation"
      }
    },
    {
      "type": "Feature",
      "geometry": {
        "type": "Point",
        "coordinates": [
          78.469767,
          17.359341
        ]
      },
      "properties": {
        "grid_id": "HYD_1359",
        "rank": 1163,
        "priority_score": 0.368,
        "priority_level": "LOW",
        "recommendation": "ROUTINE_OBSERVATION",
        "period": "2020_2026",
        "reasons": [
          "SPATIAL_ANOMALY"
        ],
        "overall_anomaly": 0.6127,
        "headline": "Minor baseline surface variation"
      }
    },
    {
      "type": "Feature",
      "geometry": {
        "type": "Point",
        "coordinates": [
          78.354913,
          17.497837
        ]
      },
      "properties": {
        "grid_id": "HYD_0002",
        "rank": 1164,
        "priority_score": 0.368,
        "priority_level": "LOW",
        "recommendation": "ROUTINE_OBSERVATION",
        "period": "2020_2026",
        "reasons": [
          "SPATIAL_ANOMALY",
          "CYCLICAL_REVERSAL_DAMPENED"
        ],
        "overall_anomaly": 0.6126,
        "headline": "Minor baseline surface variation"
      }
    },
    {
      "type": "Feature",
      "geometry": {
        "type": "Point",
        "coordinates": [
          78.492353,
          17.427366
        ]
      },
      "properties": {
        "grid_id": "HYD_0719",
        "rank": 1165,
        "priority_score": 0.3679,
        "priority_level": "LOW",
        "recommendation": "ROUTINE_OBSERVATION",
        "period": "2020_2026",
        "reasons": [
          "SPATIAL_ANOMALY"
        ],
        "overall_anomaly": 0.6079,
        "headline": "Minor baseline surface variation"
      }
    },
    {
      "type": "Feature",
      "geometry": {
        "type": "Point",
        "coordinates": [
          78.44607,
          17.372587
        ]
      },
      "properties": {
        "grid_id": "HYD_1225",
        "rank": 1166,
        "priority_score": 0.3678,
        "priority_level": "LOW",
        "recommendation": "ROUTINE_OBSERVATION",
        "period": "2020_2026",
        "reasons": [
          "SPATIAL_ANOMALY"
        ],
        "overall_anomaly": 0.5989,
        "headline": "Minor baseline surface variation"
      }
    },
    {
      "type": "Feature",
      "geometry": {
        "type": "Point",
        "coordinates": [
          78.473165,
          17.454219
        ]
      },
      "properties": {
        "grid_id": "HYD_0457",
        "rank": 1167,
        "priority_score": 0.3677,
        "priority_level": "LOW",
        "recommendation": "ROUTINE_OBSERVATION",
        "period": "2020_2026",
        "reasons": [
          "SPATIAL_ANOMALY",
          "VEGETATION_LOSS",
          "CYCLICAL_REVERSAL_DAMPENED"
        ],
        "overall_anomaly": 0.6143,
        "headline": "Minor baseline surface variation"
      }
    },
    {
      "type": "Feature",
      "geometry": {
        "type": "Point",
        "coordinates": [
          78.445129,
          17.440313
        ]
      },
      "properties": {
        "grid_id": "HYD_0580",
        "rank": 1168,
        "priority_score": 0.3676,
        "priority_level": "LOW",
        "recommendation": "ROUTINE_OBSERVATION",
        "period": "2020_2026",
        "reasons": [
          "SPATIAL_ANOMALY",
          "CYCLICAL_REVERSAL_DAMPENED"
        ],
        "overall_anomaly": 0.6213,
        "headline": "Minor baseline surface variation"
      }
    },
    {
      "type": "Feature",
      "geometry": {
        "type": "Point",
        "coordinates": [
          78.483872,
          17.359519
        ]
      },
      "properties": {
        "grid_id": "HYD_1362",
        "rank": 1169,
        "priority_score": 0.3676,
        "priority_level": "LOW",
        "recommendation": "ROUTINE_OBSERVATION",
        "period": "2020_2026",
        "reasons": [
          "SPATIAL_ANOMALY"
        ],
        "overall_anomaly": 0.5969,
        "headline": "Minor baseline surface variation"
      }
    },
    {
      "type": "Feature",
      "geometry": {
        "type": "Point",
        "coordinates": [
          78.380558,
          17.349611
        ]
      },
      "properties": {
        "grid_id": "HYD_1426",
        "rank": 1170,
        "priority_score": 0.3675,
        "priority_level": "LOW",
        "recommendation": "ROUTINE_OBSERVATION",
        "period": "2020_2026",
        "reasons": [
          "SPATIAL_ANOMALY"
        ],
        "overall_anomaly": 0.6114,
        "headline": "Minor baseline surface variation"
      }
    },
    {
      "type": "Feature",
      "geometry": {
        "type": "Point",
        "coordinates": [
          78.502374,
          17.382331
        ]
      },
      "properties": {
        "grid_id": "HYD_1151",
        "rank": 1171,
        "priority_score": 0.3674,
        "priority_level": "LOW",
        "recommendation": "ROUTINE_OBSERVATION",
        "period": "2020_2026",
        "reasons": [
          "SPATIAL_ANOMALY",
          "CYCLICAL_REVERSAL_DAMPENED"
        ],
        "overall_anomaly": 0.6156,
        "headline": "Minor baseline surface variation"
      }
    },
    {
      "type": "Feature",
      "geometry": {
        "type": "Point",
        "coordinates": [
          78.482201,
          17.481429
        ]
      },
      "properties": {
        "grid_id": "HYD_0201",
        "rank": 1172,
        "priority_score": 0.3674,
        "priority_level": "LOW",
        "recommendation": "ROUTINE_OBSERVATION",
        "period": "2020_2026",
        "reasons": [
          "SPATIAL_ANOMALY",
          "CYCLICAL_REVERSAL_DAMPENED"
        ],
        "overall_anomaly": 0.6055,
        "headline": "Minor baseline surface variation"
      }
    },
    {
      "type": "Feature",
      "geometry": {
        "type": "Point",
        "coordinates": [
          78.430257,
          17.494311
        ]
      },
      "properties": {
        "grid_id": "HYD_0061",
        "rank": 1173,
        "priority_score": 0.3673,
        "priority_level": "LOW",
        "recommendation": "ROUTINE_OBSERVATION",
        "period": "2020_2026",
        "reasons": [
          "SPATIAL_ANOMALY",
          "CYCLICAL_REVERSAL_DAMPENED"
        ],
        "overall_anomaly": 0.6028,
        "headline": "Minor baseline surface variation"
      }
    },
    {
      "type": "Feature",
      "geometry": {
        "type": "Point",
        "coordinates": [
          78.511229,
          17.423086
        ]
      },
      "properties": {
        "grid_id": "HYD_0766",
        "rank": 1174,
        "priority_score": 0.3673,
        "priority_level": "LOW",
        "recommendation": "ROUTINE_OBSERVATION",
        "period": "2020_2026",
        "reasons": [
          "SPATIAL_ANOMALY",
          "CYCLICAL_REVERSAL_DAMPENED"
        ],
        "overall_anomaly": 0.5989,
        "headline": "Minor baseline surface variation"
      }
    },
    {
      "type": "Feature",
      "geometry": {
        "type": "Point",
        "coordinates": [
          78.502796,
          17.351176
        ]
      },
      "properties": {
        "grid_id": "HYD_1452",
        "rank": 1175,
        "priority_score": 0.3673,
        "priority_level": "LOW",
        "recommendation": "ROUTINE_OBSERVATION",
        "period": "2020_2026",
        "reasons": [
          "SPATIAL_ANOMALY"
        ],
        "overall_anomaly": 0.5943,
        "headline": "Minor baseline surface variation"
      }
    },
    {
      "type": "Feature",
      "geometry": {
        "type": "Point",
        "coordinates": [
          78.4788,
          17.386551
        ]
      },
      "properties": {
        "grid_id": "HYD_1103",
        "rank": 1176,
        "priority_score": 0.3671,
        "priority_level": "LOW",
        "recommendation": "ROUTINE_OBSERVATION",
        "period": "2020_2026",
        "reasons": [
          "SPATIAL_ANOMALY",
          "CYCLICAL_REVERSAL_DAMPENED"
        ],
        "overall_anomaly": 0.6202,
        "headline": "Minor baseline surface variation"
      }
    },
    {
      "type": "Feature",
      "geometry": {
        "type": "Point",
        "coordinates": [
          78.496254,
          17.486123
        ]
      },
      "properties": {
        "grid_id": "HYD_0161",
        "rank": 1177,
        "priority_score": 0.367,
        "priority_level": "LOW",
        "recommendation": "ROUTINE_OBSERVATION",
        "period": "2020_2026",
        "reasons": [
          "SPATIAL_ANOMALY",
          "CYCLICAL_REVERSAL_DAMPENED"
        ],
        "overall_anomaly": 0.6129,
        "headline": "Minor baseline surface variation"
      }
    },
    {
      "type": "Feature",
      "geometry": {
        "type": "Point",
        "coordinates": [
          78.492476,
          17.418335
        ]
      },
      "properties": {
        "grid_id": "HYD_0805",
        "rank": 1178,
        "priority_score": 0.3669,
        "priority_level": "LOW",
        "recommendation": "ROUTINE_OBSERVATION",
        "period": "2020_2026",
        "reasons": [
          "SPATIAL_ANOMALY"
        ],
        "overall_anomaly": 0.6036,
        "headline": "Minor baseline surface variation"
      }
    },
    {
      "type": "Feature",
      "geometry": {
        "type": "Point",
        "coordinates": [
          78.534382,
          17.450471
        ]
      },
      "properties": {
        "grid_id": "HYD_0513",
        "rank": 1179,
        "priority_score": 0.3668,
        "priority_level": "LOW",
        "recommendation": "ROUTINE_OBSERVATION",
        "period": "2020_2026",
        "reasons": [
          "SPATIAL_ANOMALY",
          "CYCLICAL_REVERSAL_DAMPENED"
        ],
        "overall_anomaly": 0.6101,
        "headline": "Minor baseline surface variation"
      }
    },
    {
      "type": "Feature",
      "geometry": {
        "type": "Point",
        "coordinates": [
          78.506525,
          17.423028
        ]
      },
      "properties": {
        "grid_id": "HYD_0765",
        "rank": 1180,
        "priority_score": 0.3665,
        "priority_level": "LOW",
        "recommendation": "ROUTINE_OBSERVATION",
        "period": "2020_2026",
        "reasons": [
          "SPATIAL_ANOMALY",
          "CYCLICAL_REVERSAL_DAMPENED"
        ],
        "overall_anomaly": 0.6192,
        "headline": "Minor baseline surface variation"
      }
    },
    {
      "type": "Feature",
      "geometry": {
        "type": "Point",
        "coordinates": [
          78.412776,
          17.399253
        ]
      },
      "properties": {
        "grid_id": "HYD_0960",
        "rank": 1181,
        "priority_score": 0.3665,
        "priority_level": "LOW",
        "recommendation": "ROUTINE_OBSERVATION",
        "period": "2020_2026",
        "reasons": [
          "SPATIAL_ANOMALY"
        ],
        "overall_anomaly": 0.6011,
        "headline": "Minor baseline surface variation"
      }
    },
    {
      "type": "Feature",
      "geometry": {
        "type": "Point",
        "coordinates": [
          78.491549,
          17.486063
        ]
      },
      "properties": {
        "grid_id": "HYD_0160",
        "rank": 1182,
        "priority_score": 0.3663,
        "priority_level": "LOW",
        "recommendation": "ROUTINE_OBSERVATION",
        "period": "2020_2026",
        "reasons": [
          "SPATIAL_ANOMALY",
          "VEGETATION_LOSS",
          "CYCLICAL_REVERSAL_DAMPENED"
        ],
        "overall_anomaly": 0.6136,
        "headline": "Minor baseline surface variation"
      }
    },
    {
      "type": "Feature",
      "geometry": {
        "type": "Point",
        "coordinates": [
          78.445632,
          17.404192
        ]
      },
      "properties": {
        "grid_id": "HYD_0924",
        "rank": 1183,
        "priority_score": 0.3663,
        "priority_level": "LOW",
        "recommendation": "ROUTINE_OBSERVATION",
        "period": "2020_2026",
        "reasons": [
          "SPATIAL_ANOMALY"
        ],
        "overall_anomaly": 0.597,
        "headline": "Minor baseline surface variation"
      }
    },
    {
      "type": "Feature",
      "geometry": {
        "type": "Point",
        "coordinates": [
          78.487834,
          17.413761
        ]
      },
      "properties": {
        "grid_id": "HYD_0847",
        "rank": 1184,
        "priority_score": 0.3662,
        "priority_level": "LOW",
        "recommendation": "ROUTINE_OBSERVATION",
        "period": "2020_2026",
        "reasons": [
          "SPATIAL_ANOMALY",
          "CYCLICAL_REVERSAL_DAMPENED"
        ],
        "overall_anomaly": 0.6072,
        "headline": "Minor baseline surface variation"
      }
    },
    {
      "type": "Feature",
      "geometry": {
        "type": "Point",
        "coordinates": [
          78.469705,
          17.363856
        ]
      },
      "properties": {
        "grid_id": "HYD_1316",
        "rank": 1185,
        "priority_score": 0.3661,
        "priority_level": "LOW",
        "recommendation": "ROUTINE_OBSERVATION",
        "period": "2020_2026",
        "reasons": [
          "SPATIAL_ANOMALY"
        ],
        "overall_anomaly": 0.6097,
        "headline": "Minor baseline surface variation"
      }
    },
    {
      "type": "Feature",
      "geometry": {
        "type": "Point",
        "coordinates": [
          78.431144,
          17.431101
        ]
      },
      "properties": {
        "grid_id": "HYD_0663",
        "rank": 1186,
        "priority_score": 0.3661,
        "priority_level": "LOW",
        "recommendation": "ROUTINE_OBSERVATION",
        "period": "2020_2026",
        "reasons": [
          "SPATIAL_ANOMALY",
          "CYCLICAL_REVERSAL_DAMPENED"
        ],
        "overall_anomaly": 0.6072,
        "headline": "Minor baseline surface variation"
      }
    },
    {
      "type": "Feature",
      "geometry": {
        "type": "Point",
        "coordinates": [
          78.543428,
          17.47768
        ]
      },
      "properties": {
        "grid_id": "HYD_0257",
        "rank": 1187,
        "priority_score": 0.3659,
        "priority_level": "LOW",
        "recommendation": "ROUTINE_OBSERVATION",
        "period": "2020_2026",
        "reasons": [
          "SPATIAL_ANOMALY",
          "CYCLICAL_REVERSAL_DAMPENED"
        ],
        "overall_anomaly": 0.6125,
        "headline": "Minor baseline surface variation"
      }
    },
    {
      "type": "Feature",
      "geometry": {
        "type": "Point",
        "coordinates": [
          78.398604,
          17.403584
        ]
      },
      "properties": {
        "grid_id": "HYD_0914",
        "rank": 1188,
        "priority_score": 0.3655,
        "priority_level": "LOW",
        "recommendation": "ROUTINE_OBSERVATION",
        "period": "2020_2026",
        "reasons": [
          "SPATIAL_ANOMALY"
        ],
        "overall_anomaly": 0.6092,
        "headline": "Minor baseline surface variation"
      }
    },
    {
      "type": "Feature",
      "geometry": {
        "type": "Point",
        "coordinates": [
          78.450897,
          17.363617
        ]
      },
      "properties": {
        "grid_id": "HYD_1312",
        "rank": 1189,
        "priority_score": 0.3655,
        "priority_level": "LOW",
        "recommendation": "ROUTINE_OBSERVATION",
        "period": "2020_2026",
        "reasons": [
          "SPATIAL_ANOMALY",
          "CYCLICAL_REVERSAL_DAMPENED"
        ],
        "overall_anomaly": 0.6064,
        "headline": "Minor baseline surface variation"
      }
    },
    {
      "type": "Feature",
      "geometry": {
        "type": "Point",
        "coordinates": [
          78.516298,
          17.396053
        ]
      },
      "properties": {
        "grid_id": "HYD_1025",
        "rank": 1190,
        "priority_score": 0.3654,
        "priority_level": "LOW",
        "recommendation": "ROUTINE_OBSERVATION",
        "period": "2020_2026",
        "reasons": [
          "SPATIAL_ANOMALY",
          "CYCLICAL_REVERSAL_DAMPENED"
        ],
        "overall_anomaly": 0.6094,
        "headline": "Minor baseline surface variation"
      }
    },
    {
      "type": "Feature",
      "geometry": {
        "type": "Point",
        "coordinates": [
          78.389775,
          17.362828
        ]
      },
      "properties": {
        "grid_id": "HYD_1299",
        "rank": 1191,
        "priority_score": 0.3652,
        "priority_level": "LOW",
        "recommendation": "ROUTINE_OBSERVATION",
        "period": "2020_2026",
        "reasons": [
          "SPATIAL_ANOMALY"
        ],
        "overall_anomaly": 0.6086,
        "headline": "Minor baseline surface variation"
      }
    },
    {
      "type": "Feature",
      "geometry": {
        "type": "Point",
        "coordinates": [
          78.500836,
          17.495213
        ]
      },
      "properties": {
        "grid_id": "HYD_0076",
        "rank": 1192,
        "priority_score": 0.3652,
        "priority_level": "LOW",
        "recommendation": "ROUTINE_OBSERVATION",
        "period": "2020_2026",
        "reasons": [
          "SPATIAL_ANOMALY",
          "CYCLICAL_REVERSAL_DAMPENED"
        ],
        "overall_anomaly": 0.6073,
        "headline": "Minor baseline surface variation"
      }
    },
    {
      "type": "Feature",
      "geometry": {
        "type": "Point",
        "coordinates": [
          78.459178,
          17.445009
        ]
      },
      "properties": {
        "grid_id": "HYD_0540",
        "rank": 1193,
        "priority_score": 0.365,
        "priority_level": "LOW",
        "recommendation": "ROUTINE_OBSERVATION",
        "period": "2020_2026",
        "reasons": [
          "SPATIAL_ANOMALY",
          "CYCLICAL_REVERSAL_DAMPENED"
        ],
        "overall_anomaly": 0.6206,
        "headline": "Minor baseline surface variation"
      }
    },
    {
      "type": "Feature",
      "geometry": {
        "type": "Point",
        "coordinates": [
          78.48802,
          17.400215
        ]
      },
      "properties": {
        "grid_id": "HYD_0976",
        "rank": 1194,
        "priority_score": 0.365,
        "priority_level": "LOW",
        "recommendation": "ROUTINE_OBSERVATION",
        "period": "2020_2026",
        "reasons": [
          "SPATIAL_ANOMALY",
          "CYCLICAL_REVERSAL_DAMPENED"
        ],
        "overall_anomaly": 0.6174,
        "headline": "Minor baseline surface variation"
      }
    },
    {
      "type": "Feature",
      "geometry": {
        "type": "Point",
        "coordinates": [
          78.534139,
          17.468532
        ]
      },
      "properties": {
        "grid_id": "HYD_0341",
        "rank": 1195,
        "priority_score": 0.3647,
        "priority_level": "LOW",
        "recommendation": "ROUTINE_OBSERVATION",
        "period": "2020_2026",
        "reasons": [
          "SPATIAL_ANOMALY"
        ],
        "overall_anomaly": 0.6032,
        "headline": "Minor baseline surface variation"
      }
    },
    {
      "type": "Feature",
      "geometry": {
        "type": "Point",
        "coordinates": [
          78.467836,
          17.49931
        ]
      },
      "properties": {
        "grid_id": "HYD_0026",
        "rank": 1196,
        "priority_score": 0.3646,
        "priority_level": "LOW",
        "recommendation": "ROUTINE_OBSERVATION",
        "period": "2020_2026",
        "reasons": [
          "SPATIAL_ANOMALY",
          "CYCLICAL_REVERSAL_DAMPENED"
        ],
        "overall_anomaly": 0.6049,
        "headline": "Minor baseline surface variation"
      }
    },
    {
      "type": "Feature",
      "geometry": {
        "type": "Point",
        "coordinates": [
          78.411948,
          17.457947
        ]
      },
      "properties": {
        "grid_id": "HYD_0401",
        "rank": 1197,
        "priority_score": 0.3646,
        "priority_level": "LOW",
        "recommendation": "ROUTINE_OBSERVATION",
        "period": "2020_2026",
        "reasons": [
          "SPATIAL_ANOMALY"
        ],
        "overall_anomaly": 0.5906,
        "headline": "Minor baseline surface variation"
      }
    },
    {
      "type": "Feature",
      "geometry": {
        "type": "Point",
        "coordinates": [
          78.426187,
          17.449101
        ]
      },
      "properties": {
        "grid_id": "HYD_0490",
        "rank": 1198,
        "priority_score": 0.3642,
        "priority_level": "LOW",
        "recommendation": "ROUTINE_OBSERVATION",
        "period": "2020_2026",
        "reasons": [
          "SPATIAL_ANOMALY"
        ],
        "overall_anomaly": 0.6001,
        "headline": "Minor baseline surface variation"
      }
    },
    {
      "type": "Feature",
      "geometry": {
        "type": "Point",
        "coordinates": [
          78.53511,
          17.396286
        ]
      },
      "properties": {
        "grid_id": "HYD_1029",
        "rank": 1199,
        "priority_score": 0.3641,
        "priority_level": "LOW",
        "recommendation": "ROUTINE_OBSERVATION",
        "period": "2020_2026",
        "reasons": [
          "SPATIAL_ANOMALY"
        ],
        "overall_anomaly": 0.5988,
        "headline": "Minor baseline surface variation"
      }
    },
    {
      "type": "Feature",
      "geometry": {
        "type": "Point",
        "coordinates": [
          78.394157,
          17.385463
        ]
      },
      "properties": {
        "grid_id": "HYD_1085",
        "rank": 1200,
        "priority_score": 0.364,
        "priority_level": "LOW",
        "recommendation": "ROUTINE_OBSERVATION",
        "period": "2020_2026",
        "reasons": [
          "SPATIAL_ANOMALY",
          "VEG_BUILTUP_COHERENCE",
          "CYCLICAL_REVERSAL_DAMPENED"
        ],
        "overall_anomaly": 0.6358,
        "headline": "Minor baseline surface variation"
      }
    },
    {
      "type": "Feature",
      "geometry": {
        "type": "Point",
        "coordinates": [
          78.455475,
          17.372707
        ]
      },
      "properties": {
        "grid_id": "HYD_1227",
        "rank": 1201,
        "priority_score": 0.3638,
        "priority_level": "LOW",
        "recommendation": "ROUTINE_OBSERVATION",
        "period": "2020_2026",
        "reasons": [
          "SPATIAL_ANOMALY"
        ],
        "overall_anomaly": 0.5977,
        "headline": "Minor baseline surface variation"
      }
    },
    {
      "type": "Feature",
      "geometry": {
        "type": "Point",
        "coordinates": [
          78.441557,
          17.358981
        ]
      },
      "properties": {
        "grid_id": "HYD_1353",
        "rank": 1202,
        "priority_score": 0.3636,
        "priority_level": "LOW",
        "recommendation": "ROUTINE_OBSERVATION",
        "period": "2020_2026",
        "reasons": [
          "SPATIAL_ANOMALY"
        ],
        "overall_anomaly": 0.6042,
        "headline": "Minor baseline surface variation"
      }
    },
    {
      "type": "Feature",
      "geometry": {
        "type": "Point",
        "coordinates": [
          78.352228,
          17.357818
        ]
      },
      "properties": {
        "grid_id": "HYD_1334",
        "rank": 1203,
        "priority_score": 0.3635,
        "priority_level": "LOW",
        "recommendation": "ROUTINE_OBSERVATION",
        "period": "2020_2026",
        "reasons": [
          "SPATIAL_ANOMALY",
          "CYCLICAL_REVERSAL_DAMPENED"
        ],
        "overall_anomaly": 0.6212,
        "headline": "Minor baseline surface variation"
      }
    },
    {
      "type": "Feature",
      "geometry": {
        "type": "Point",
        "coordinates": [
          78.445318,
          17.426768
        ]
      },
      "properties": {
        "grid_id": "HYD_0709",
        "rank": 1204,
        "priority_score": 0.3633,
        "priority_level": "LOW",
        "recommendation": "ROUTINE_OBSERVATION",
        "period": "2020_2026",
        "reasons": [
          "SPATIAL_ANOMALY",
          "CYCLICAL_REVERSAL_DAMPENED"
        ],
        "overall_anomaly": 0.6141,
        "headline": "Minor baseline surface variation"
      }
    },
    {
      "type": "Feature",
      "geometry": {
        "type": "Point",
        "coordinates": [
          78.483749,
          17.368549
        ]
      },
      "properties": {
        "grid_id": "HYD_1276",
        "rank": 1205,
        "priority_score": 0.3632,
        "priority_level": "LOW",
        "recommendation": "ROUTINE_OBSERVATION",
        "period": "2020_2026",
        "reasons": [
          "SPATIAL_ANOMALY",
          "CYCLICAL_REVERSAL_DAMPENED"
        ],
        "overall_anomaly": 0.6072,
        "headline": "Minor baseline surface variation"
      }
    },
    {
      "type": "Feature",
      "geometry": {
        "type": "Point",
        "coordinates": [
          78.498094,
          17.351117
        ]
      },
      "properties": {
        "grid_id": "HYD_1451",
        "rank": 1206,
        "priority_score": 0.3631,
        "priority_level": "LOW",
        "recommendation": "ROUTINE_OBSERVATION",
        "period": "2020_2026",
        "reasons": [
          "SPATIAL_ANOMALY"
        ],
        "overall_anomaly": 0.6033,
        "headline": "Minor baseline surface variation"
      }
    },
    {
      "type": "Feature",
      "geometry": {
        "type": "Point",
        "coordinates": [
          78.487464,
          17.440852
        ]
      },
      "properties": {
        "grid_id": "HYD_0589",
        "rank": 1207,
        "priority_score": 0.363,
        "priority_level": "LOW",
        "recommendation": "ROUTINE_OBSERVATION",
        "period": "2020_2026",
        "reasons": [
          "SPATIAL_ANOMALY",
          "CYCLICAL_REVERSAL_DAMPENED"
        ],
        "overall_anomaly": 0.6109,
        "headline": "Minor baseline surface variation"
      }
    },
    {
      "type": "Feature",
      "geometry": {
        "type": "Point",
        "coordinates": [
          78.488691,
          17.350999
        ]
      },
      "properties": {
        "grid_id": "HYD_1449",
        "rank": 1208,
        "priority_score": 0.3629,
        "priority_level": "LOW",
        "recommendation": "ROUTINE_OBSERVATION",
        "period": "2020_2026",
        "reasons": [
          "SPATIAL_ANOMALY"
        ],
        "overall_anomaly": 0.5963,
        "headline": "Minor baseline surface variation"
      }
    },
    {
      "type": "Feature",
      "geometry": {
        "type": "Point",
        "coordinates": [
          78.435216,
          17.476312
        ]
      },
      "properties": {
        "grid_id": "HYD_0234",
        "rank": 1209,
        "priority_score": 0.3627,
        "priority_level": "LOW",
        "recommendation": "ROUTINE_OBSERVATION",
        "period": "2020_2026",
        "reasons": [
          "SPATIAL_ANOMALY",
          "VEGETATION_LOSS",
          "CYCLICAL_REVERSAL_DAMPENED"
        ],
        "overall_anomaly": 0.6214,
        "headline": "Minor baseline surface variation"
      }
    },
    {
      "type": "Feature",
      "geometry": {
        "type": "Point",
        "coordinates": [
          78.426947,
          17.394921
        ]
      },
      "properties": {
        "grid_id": "HYD_1006",
        "rank": 1210,
        "priority_score": 0.3627,
        "priority_level": "LOW",
        "recommendation": "ROUTINE_OBSERVATION",
        "period": "2020_2026",
        "reasons": [
          "SPATIAL_ANOMALY",
          "CYCLICAL_REVERSAL_DAMPENED"
        ],
        "overall_anomaly": 0.6117,
        "headline": "Minor baseline surface variation"
      }
    },
    {
      "type": "Feature",
      "geometry": {
        "type": "Point",
        "coordinates": [
          78.378826,
          17.471061
        ]
      },
      "properties": {
        "grid_id": "HYD_0265",
        "rank": 1211,
        "priority_score": 0.3627,
        "priority_level": "LOW",
        "recommendation": "ROUTINE_OBSERVATION",
        "period": "2020_2026",
        "reasons": [
          "SPATIAL_ANOMALY",
          "CYCLICAL_REVERSAL_DAMPENED"
        ],
        "overall_anomaly": 0.6062,
        "headline": "Minor baseline surface variation"
      }
    },
    {
      "type": "Feature",
      "geometry": {
        "type": "Point",
        "coordinates": [
          78.440425,
          17.440253
        ]
      },
      "properties": {
        "grid_id": "HYD_0579",
        "rank": 1212,
        "priority_score": 0.3627,
        "priority_level": "LOW",
        "recommendation": "ROUTINE_OBSERVATION",
        "period": "2020_2026",
        "reasons": [
          "SPATIAL_ANOMALY",
          "CYCLICAL_REVERSAL_DAMPENED"
        ],
        "overall_anomaly": 0.6028,
        "headline": "Minor baseline surface variation"
      }
    },
    {
      "type": "Feature",
      "geometry": {
        "type": "Point",
        "coordinates": [
          78.543488,
          17.473164
        ]
      },
      "properties": {
        "grid_id": "HYD_0300",
        "rank": 1213,
        "priority_score": 0.3627,
        "priority_level": "LOW",
        "recommendation": "ROUTINE_OBSERVATION",
        "period": "2020_2026",
        "reasons": [
          "SPATIAL_ANOMALY",
          "CYCLICAL_REVERSAL_DAMPENED"
        ],
        "overall_anomaly": 0.602,
        "headline": "Minor baseline surface variation"
      }
    },
    {
      "type": "Feature",
      "geometry": {
        "type": "Point",
        "coordinates": [
          78.436918,
          17.354406
        ]
      },
      "properties": {
        "grid_id": "HYD_1395",
        "rank": 1214,
        "priority_score": 0.3627,
        "priority_level": "LOW",
        "recommendation": "ROUTINE_OBSERVATION",
        "period": "2020_2026",
        "reasons": [
          "SPATIAL_ANOMALY"
        ],
        "overall_anomaly": 0.5999,
        "headline": "Minor baseline surface variation"
      }
    },
    {
      "type": "Feature",
      "geometry": {
        "type": "Point",
        "coordinates": [
          78.375799,
          17.353613
        ]
      },
      "properties": {
        "grid_id": "HYD_1382",
        "rank": 1215,
        "priority_score": 0.3624,
        "priority_level": "LOW",
        "recommendation": "ROUTINE_OBSERVATION",
        "period": "2020_2026",
        "reasons": [
          "SPATIAL_ANOMALY",
          "CYCLICAL_REVERSAL_DAMPENED"
        ],
        "overall_anomaly": 0.6064,
        "headline": "Minor baseline surface variation"
      }
    },
    {
      "type": "Feature",
      "geometry": {
        "type": "Point",
        "coordinates": [
          78.397643,
          17.471308
        ]
      },
      "properties": {
        "grid_id": "HYD_0269",
        "rank": 1216,
        "priority_score": 0.3621,
        "priority_level": "LOW",
        "recommendation": "ROUTINE_OBSERVATION",
        "period": "2020_2026",
        "reasons": [
          "SPATIAL_ANOMALY",
          "CYCLICAL_REVERSAL_DAMPENED"
        ],
        "overall_anomaly": 0.6743,
        "headline": "Minor baseline surface variation"
      }
    },
    {
      "type": "Feature",
      "geometry": {
        "type": "Point",
        "coordinates": [
          78.48245,
          17.463368
        ]
      },
      "properties": {
        "grid_id": "HYD_0373",
        "rank": 1217,
        "priority_score": 0.3621,
        "priority_level": "LOW",
        "recommendation": "ROUTINE_OBSERVATION",
        "period": "2020_2026",
        "reasons": [
          "SPATIAL_ANOMALY"
        ],
        "overall_anomaly": 0.6056,
        "headline": "Minor baseline surface variation"
      }
    },
    {
      "type": "Feature",
      "geometry": {
        "type": "Point",
        "coordinates": [
          78.469581,
          17.372886
        ]
      },
      "properties": {
        "grid_id": "HYD_1230",
        "rank": 1218,
        "priority_score": 0.362,
        "priority_level": "LOW",
        "recommendation": "ROUTINE_OBSERVATION",
        "period": "2020_2026",
        "reasons": [
          "SPATIAL_ANOMALY",
          "CYCLICAL_REVERSAL_DAMPENED"
        ],
        "overall_anomaly": 0.5988,
        "headline": "Minor baseline surface variation"
      }
    },
    {
      "type": "Feature",
      "geometry": {
        "type": "Point",
        "coordinates": [
          78.35693,
          17.35788
        ]
      },
      "properties": {
        "grid_id": "HYD_1335",
        "rank": 1219,
        "priority_score": 0.362,
        "priority_level": "LOW",
        "recommendation": "ROUTINE_OBSERVATION",
        "period": "2020_2026",
        "reasons": [
          "SPATIAL_ANOMALY",
          "CYCLICAL_REVERSAL_DAMPENED"
        ],
        "overall_anomaly": 0.5958,
        "headline": "Minor baseline surface variation"
      }
    },
    {
      "type": "Feature",
      "geometry": {
        "type": "Point",
        "coordinates": [
          78.370969,
          17.362581
        ]
      },
      "properties": {
        "grid_id": "HYD_1295",
        "rank": 1220,
        "priority_score": 0.3619,
        "priority_level": "LOW",
        "recommendation": "ROUTINE_OBSERVATION",
        "period": "2020_2026",
        "reasons": [
          "SPATIAL_ANOMALY",
          "CYCLICAL_REVERSAL_DAMPENED"
        ],
        "overall_anomaly": 0.6152,
        "headline": "Minor baseline surface variation"
      }
    },
    {
      "type": "Feature",
      "geometry": {
        "type": "Point",
        "coordinates": [
          78.497426,
          17.400333
        ]
      },
      "properties": {
        "grid_id": "HYD_0978",
        "rank": 1221,
        "priority_score": 0.3616,
        "priority_level": "LOW",
        "recommendation": "ROUTINE_OBSERVATION",
        "period": "2020_2026",
        "reasons": [
          "SPATIAL_ANOMALY"
        ],
        "overall_anomaly": 0.6024,
        "headline": "Minor baseline surface variation"
      }
    },
    {
      "type": "Feature",
      "geometry": {
        "type": "Point",
        "coordinates": [
          78.506034,
          17.45915
        ]
      },
      "properties": {
        "grid_id": "HYD_0421",
        "rank": 1222,
        "priority_score": 0.3615,
        "priority_level": "LOW",
        "recommendation": "ROUTINE_OBSERVATION",
        "period": "2020_2026",
        "reasons": [
          "SPATIAL_ANOMALY",
          "CYCLICAL_REVERSAL_DAMPENED"
        ],
        "overall_anomaly": 0.6039,
        "headline": "Minor baseline surface variation"
      }
    },
    {
      "type": "Feature",
      "geometry": {
        "type": "Point",
        "coordinates": [
          78.417097,
          17.426404
        ]
      },
      "properties": {
        "grid_id": "HYD_0703",
        "rank": 1223,
        "priority_score": 0.3614,
        "priority_level": "LOW",
        "recommendation": "ROUTINE_OBSERVATION",
        "period": "2020_2026",
        "reasons": [
          "SPATIAL_ANOMALY",
          "CYCLICAL_REVERSAL_DAMPENED"
        ],
        "overall_anomaly": 0.6073,
        "headline": "Minor baseline surface variation"
      }
    },
    {
      "type": "Feature",
      "geometry": {
        "type": "Point",
        "coordinates": [
          78.411501,
          17.489552
        ]
      },
      "properties": {
        "grid_id": "HYD_0100",
        "rank": 1224,
        "priority_score": 0.3612,
        "priority_level": "LOW",
        "recommendation": "ROUTINE_OBSERVATION",
        "period": "2020_2026",
        "reasons": [
          "SPATIAL_ANOMALY"
        ],
        "overall_anomaly": 0.5975,
        "headline": "Minor baseline surface variation"
      }
    },
    {
      "type": "Feature",
      "geometry": {
        "type": "Point",
        "coordinates": [
          78.502496,
          17.373301
        ]
      },
      "properties": {
        "grid_id": "HYD_1237",
        "rank": 1225,
        "priority_score": 0.3612,
        "priority_level": "LOW",
        "recommendation": "ROUTINE_OBSERVATION",
        "period": "2020_2026",
        "reasons": [
          "SPATIAL_ANOMALY",
          "CYCLICAL_REVERSAL_DAMPENED"
        ],
        "overall_anomaly": 0.5964,
        "headline": "Minor baseline surface variation"
      }
    },
    {
      "type": "Feature",
      "geometry": {
        "type": "Point",
        "coordinates": [
          78.449078,
          17.494554
        ]
      },
      "properties": {
        "grid_id": "HYD_0065",
        "rank": 1226,
        "priority_score": 0.3611,
        "priority_level": "LOW",
        "recommendation": "ROUTINE_OBSERVATION",
        "period": "2020_2026",
        "reasons": [
          "SPATIAL_ANOMALY",
          "CYCLICAL_REVERSAL_DAMPENED"
        ],
        "overall_anomaly": 0.6008,
        "headline": "Minor baseline surface variation"
      }
    },
    {
      "type": "Feature",
      "geometry": {
        "type": "Point",
        "coordinates": [
          78.535594,
          17.360163
        ]
      },
      "properties": {
        "grid_id": "HYD_1373",
        "rank": 1227,
        "priority_score": 0.361,
        "priority_level": "LOW",
        "recommendation": "ROUTINE_OBSERVATION",
        "period": "2020_2026",
        "reasons": [
          "SPATIAL_ANOMALY",
          "CYCLICAL_REVERSAL_DAMPENED"
        ],
        "overall_anomaly": 0.6093,
        "headline": "Minor baseline surface variation"
      }
    },
    {
      "type": "Feature",
      "geometry": {
        "type": "Point",
        "coordinates": [
          78.549533,
          17.369367
        ]
      },
      "properties": {
        "grid_id": "HYD_1290",
        "rank": 1228,
        "priority_score": 0.3606,
        "priority_level": "LOW",
        "recommendation": "ROUTINE_OBSERVATION",
        "period": "2020_2026",
        "reasons": [
          "SPATIAL_ANOMALY",
          "CYCLICAL_REVERSAL_DAMPENED"
        ],
        "overall_anomaly": 0.6087,
        "headline": "Minor baseline surface variation"
      }
    },
    {
      "type": "Feature",
      "geometry": {
        "type": "Point",
        "coordinates": [
          78.42701,
          17.390406
        ]
      },
      "properties": {
        "grid_id": "HYD_1049",
        "rank": 1229,
        "priority_score": 0.3605,
        "priority_level": "LOW",
        "recommendation": "ROUTINE_OBSERVATION",
        "period": "2020_2026",
        "reasons": [
          "SPATIAL_ANOMALY",
          "CYCLICAL_REVERSAL_DAMPENED"
        ],
        "overall_anomaly": 0.5969,
        "headline": "Minor baseline surface variation"
      }
    },
    {
      "type": "Feature",
      "geometry": {
        "type": "Point",
        "coordinates": [
          78.463757,
          17.454099
        ]
      },
      "properties": {
        "grid_id": "HYD_0455",
        "rank": 1230,
        "priority_score": 0.3603,
        "priority_level": "LOW",
        "recommendation": "ROUTINE_OBSERVATION",
        "period": "2020_2026",
        "reasons": [
          "SPATIAL_ANOMALY",
          "CYCLICAL_REVERSAL_DAMPENED"
        ],
        "overall_anomaly": 0.5983,
        "headline": "Minor baseline surface variation"
      }
    },
    {
      "type": "Feature",
      "geometry": {
        "type": "Point",
        "coordinates": [
          78.42161,
          17.44001
        ]
      },
      "properties": {
        "grid_id": "HYD_0575",
        "rank": 1231,
        "priority_score": 0.3603,
        "priority_level": "LOW",
        "recommendation": "ROUTINE_OBSERVATION",
        "period": "2020_2026",
        "reasons": [
          "SPATIAL_ANOMALY",
          "CYCLICAL_REVERSAL_DAMPENED"
        ],
        "overall_anomaly": 0.597,
        "headline": "Minor baseline surface variation"
      }
    },
    {
      "type": "Feature",
      "geometry": {
        "type": "Point",
        "coordinates": [
          78.440551,
          17.431223
        ]
      },
      "properties": {
        "grid_id": "HYD_0665",
        "rank": 1232,
        "priority_score": 0.3603,
        "priority_level": "LOW",
        "recommendation": "ROUTINE_OBSERVATION",
        "period": "2020_2026",
        "reasons": [
          "SPATIAL_ANOMALY",
          "CYCLICAL_REVERSAL_DAMPENED"
        ],
        "overall_anomaly": 0.5946,
        "headline": "Minor baseline surface variation"
      }
    },
    {
      "type": "Feature",
      "geometry": {
        "type": "Point",
        "coordinates": [
          78.384175,
          17.425974
        ]
      },
      "properties": {
        "grid_id": "HYD_0696",
        "rank": 1233,
        "priority_score": 0.3602,
        "priority_level": "LOW",
        "recommendation": "ROUTINE_OBSERVATION",
        "period": "2020_2026",
        "reasons": [
          "SPATIAL_ANOMALY",
          "CYCLICAL_REVERSAL_DAMPENED"
        ],
        "overall_anomaly": 0.6206,
        "headline": "Minor baseline surface variation"
      }
    },
    {
      "type": "Feature",
      "geometry": {
        "type": "Point",
        "coordinates": [
          78.388621,
          17.444095
        ]
      },
      "properties": {
        "grid_id": "HYD_0525",
        "rank": 1234,
        "priority_score": 0.3602,
        "priority_level": "LOW",
        "recommendation": "ROUTINE_OBSERVATION",
        "period": "2020_2026",
        "reasons": [
          "SPATIAL_ANOMALY",
          "CYCLICAL_REVERSAL_DAMPENED"
        ],
        "overall_anomaly": 0.5915,
        "headline": "Minor baseline surface variation"
      }
    },
    {
      "type": "Feature",
      "geometry": {
        "type": "Point",
        "coordinates": [
          78.413093,
          17.376678
        ]
      },
      "properties": {
        "grid_id": "HYD_1175",
        "rank": 1235,
        "priority_score": 0.3601,
        "priority_level": "LOW",
        "recommendation": "ROUTINE_OBSERVATION",
        "period": "2020_2026",
        "reasons": [
          "SPATIAL_ANOMALY",
          "CYCLICAL_REVERSAL_DAMPENED"
        ],
        "overall_anomaly": 0.6212,
        "headline": "Minor baseline surface variation"
      }
    },
    {
      "type": "Feature",
      "geometry": {
        "type": "Point",
        "coordinates": [
          78.510247,
          17.495331
        ]
      },
      "properties": {
        "grid_id": "HYD_0078",
        "rank": 1236,
        "priority_score": 0.3601,
        "priority_level": "LOW",
        "recommendation": "ROUTINE_OBSERVATION",
        "period": "2020_2026",
        "reasons": [
          "SPATIAL_ANOMALY",
          "CYCLICAL_REVERSAL_DAMPENED"
        ],
        "overall_anomaly": 0.6033,
        "headline": "Minor baseline surface variation"
      }
    },
    {
      "type": "Feature",
      "geometry": {
        "type": "Point",
        "coordinates": [
          78.479171,
          17.359459
        ]
      },
      "properties": {
        "grid_id": "HYD_1361",
        "rank": 1237,
        "priority_score": 0.3601,
        "priority_level": "LOW",
        "recommendation": "ROUTINE_OBSERVATION",
        "period": "2020_2026",
        "reasons": [
          "SPATIAL_ANOMALY"
        ],
        "overall_anomaly": 0.5933,
        "headline": "Minor baseline surface variation"
      }
    },
    {
      "type": "Feature",
      "geometry": {
        "type": "Point",
        "coordinates": [
          78.427389,
          17.363315
        ]
      },
      "properties": {
        "grid_id": "HYD_1307",
        "rank": 1238,
        "priority_score": 0.36,
        "priority_level": "LOW",
        "recommendation": "ROUTINE_OBSERVATION",
        "period": "2020_2026",
        "reasons": [
          "SPATIAL_ANOMALY",
          "CYCLICAL_REVERSAL_DAMPENED"
        ],
        "overall_anomaly": 0.61,
        "headline": "Minor baseline surface variation"
      }
    },
    {
      "type": "Feature",
      "geometry": {
        "type": "Point",
        "coordinates": [
          78.465065,
          17.359281
        ]
      },
      "properties": {
        "grid_id": "HYD_1358",
        "rank": 1239,
        "priority_score": 0.36,
        "priority_level": "LOW",
        "recommendation": "ROUTINE_OBSERVATION",
        "period": "2020_2026",
        "reasons": [
          "SPATIAL_ANOMALY"
        ],
        "overall_anomaly": 0.5864,
        "headline": "Minor baseline surface variation"
      }
    },
    {
      "type": "Feature",
      "geometry": {
        "type": "Point",
        "coordinates": [
          78.491363,
          17.499609
        ]
      },
      "properties": {
        "grid_id": "HYD_0031",
        "rank": 1240,
        "priority_score": 0.3597,
        "priority_level": "LOW",
        "recommendation": "ROUTINE_OBSERVATION",
        "period": "2020_2026",
        "reasons": [
          "SPATIAL_ANOMALY",
          "CYCLICAL_REVERSAL_DAMPENED"
        ],
        "overall_anomaly": 0.6083,
        "headline": "Minor baseline surface variation"
      }
    },
    {
      "type": "Feature",
      "geometry": {
        "type": "Point",
        "coordinates": [
          78.460363,
          17.359221
        ]
      },
      "properties": {
        "grid_id": "HYD_1357",
        "rank": 1241,
        "priority_score": 0.3595,
        "priority_level": "LOW",
        "recommendation": "ROUTINE_OBSERVATION",
        "period": "2020_2026",
        "reasons": [
          "SPATIAL_ANOMALY"
        ],
        "overall_anomaly": 0.5977,
        "headline": "Minor baseline surface variation"
      }
    },
    {
      "type": "Feature",
      "geometry": {
        "type": "Point",
        "coordinates": [
          78.373798,
          17.493572
        ]
      },
      "properties": {
        "grid_id": "HYD_0049",
        "rank": 1242,
        "priority_score": 0.3594,
        "priority_level": "LOW",
        "recommendation": "ROUTINE_OBSERVATION",
        "period": "2020_2026",
        "reasons": [
          "SPATIAL_ANOMALY",
          "CYCLICAL_REVERSAL_DAMPENED"
        ],
        "overall_anomaly": 0.6233,
        "headline": "Minor baseline surface variation"
      }
    },
    {
      "type": "Feature",
      "geometry": {
        "type": "Point",
        "coordinates": [
          78.416078,
          17.498643
        ]
      },
      "properties": {
        "grid_id": "HYD_0015",
        "rank": 1243,
        "priority_score": 0.3593,
        "priority_level": "LOW",
        "recommendation": "ROUTINE_OBSERVATION",
        "period": "2020_2026",
        "reasons": [
          "SPATIAL_ANOMALY",
          "CYCLICAL_REVERSAL_DAMPENED"
        ],
        "overall_anomaly": 0.5945,
        "headline": "Minor baseline surface variation"
      }
    },
    {
      "type": "Feature",
      "geometry": {
        "type": "Point",
        "coordinates": [
          78.538844,
          17.468591
        ]
      },
      "properties": {
        "grid_id": "HYD_0342",
        "rank": 1244,
        "priority_score": 0.3593,
        "priority_level": "LOW",
        "recommendation": "ROUTINE_OBSERVATION",
        "period": "2020_2026",
        "reasons": [
          "SPATIAL_ANOMALY"
        ],
        "overall_anomaly": 0.5875,
        "headline": "Minor baseline surface variation"
      }
    },
    {
      "type": "Feature",
      "geometry": {
        "type": "Point",
        "coordinates": [
          78.524974,
          17.450354
        ]
      },
      "properties": {
        "grid_id": "HYD_0511",
        "rank": 1245,
        "priority_score": 0.3592,
        "priority_level": "LOW",
        "recommendation": "ROUTINE_OBSERVATION",
        "period": "2020_2026",
        "reasons": [
          "SPATIAL_ANOMALY"
        ],
        "overall_anomaly": 0.6009,
        "headline": "Minor baseline surface variation"
      }
    },
    {
      "type": "Feature",
      "geometry": {
        "type": "Point",
        "coordinates": [
          78.397258,
          17.498397
        ]
      },
      "properties": {
        "grid_id": "HYD_0011",
        "rank": 1246,
        "priority_score": 0.359,
        "priority_level": "LOW",
        "recommendation": "ROUTINE_OBSERVATION",
        "period": "2020_2026",
        "reasons": [
          "SPATIAL_ANOMALY",
          "CYCLICAL_REVERSAL_DAMPENED"
        ],
        "overall_anomaly": 0.6018,
        "headline": "Minor baseline surface variation"
      }
    },
    {
      "type": "Feature",
      "geometry": {
        "type": "Point",
        "coordinates": [
          78.378567,
          17.48912
        ]
      },
      "properties": {
        "grid_id": "HYD_0093",
        "rank": 1247,
        "priority_score": 0.3587,
        "priority_level": "LOW",
        "recommendation": "ROUTINE_OBSERVATION",
        "period": "2020_2026",
        "reasons": [
          "SPATIAL_ANOMALY",
          "CYCLICAL_REVERSAL_DAMPENED"
        ],
        "overall_anomaly": 0.6131,
        "headline": "Minor baseline surface variation"
      }
    },
    {
      "type": "Feature",
      "geometry": {
        "type": "Point",
        "coordinates": [
          78.521603,
          17.35141
        ]
      },
      "properties": {
        "grid_id": "HYD_1456",
        "rank": 1248,
        "priority_score": 0.3587,
        "priority_level": "LOW",
        "recommendation": "ROUTINE_OBSERVATION",
        "period": "2020_2026",
        "reasons": [
          "SPATIAL_ANOMALY"
        ],
        "overall_anomaly": 0.6059,
        "headline": "Minor baseline surface variation"
      }
    },
    {
      "type": "Feature",
      "geometry": {
        "type": "Point",
        "coordinates": [
          78.507382,
          17.359813
        ]
      },
      "properties": {
        "grid_id": "HYD_1367",
        "rank": 1249,
        "priority_score": 0.3587,
        "priority_level": "LOW",
        "recommendation": "ROUTINE_OBSERVATION",
        "period": "2020_2026",
        "reasons": [
          "SPATIAL_ANOMALY"
        ],
        "overall_anomaly": 0.6008,
        "headline": "Minor baseline surface variation"
      }
    },
    {
      "type": "Feature",
      "geometry": {
        "type": "Point",
        "coordinates": [
          78.474407,
          17.363915
        ]
      },
      "properties": {
        "grid_id": "HYD_1317",
        "rank": 1250,
        "priority_score": 0.3587,
        "priority_level": "LOW",
        "recommendation": "ROUTINE_OBSERVATION",
        "period": "2020_2026",
        "reasons": [
          "SPATIAL_ANOMALY"
        ],
        "overall_anomaly": 0.5952,
        "headline": "Minor baseline surface variation"
      }
    },
    {
      "type": "Feature",
      "geometry": {
        "type": "Point",
        "coordinates": [
          78.426504,
          17.426526
        ]
      },
      "properties": {
        "grid_id": "HYD_0705",
        "rank": 1251,
        "priority_score": 0.3586,
        "priority_level": "LOW",
        "recommendation": "ROUTINE_OBSERVATION",
        "period": "2020_2026",
        "reasons": [
          "SPATIAL_ANOMALY",
          "CYCLICAL_REVERSAL_DAMPENED"
        ],
        "overall_anomaly": 0.6037,
        "headline": "Minor baseline surface variation"
      }
    },
    {
      "type": "Feature",
      "geometry": {
        "type": "Point",
        "coordinates": [
          78.506157,
          17.450119
        ]
      },
      "properties": {
        "grid_id": "HYD_0507",
        "rank": 1252,
        "priority_score": 0.3586,
        "priority_level": "LOW",
        "recommendation": "ROUTINE_OBSERVATION",
        "period": "2020_2026",
        "reasons": [
          "SPATIAL_ANOMALY"
        ],
        "overall_anomaly": 0.59,
        "headline": "Minor baseline surface variation"
      }
    },
    {
      "type": "Feature",
      "geometry": {
        "type": "Point",
        "coordinates": [
          78.501452,
          17.45006
        ]
      },
      "properties": {
        "grid_id": "HYD_0506",
        "rank": 1253,
        "priority_score": 0.3582,
        "priority_level": "LOW",
        "recommendation": "ROUTINE_OBSERVATION",
        "period": "2020_2026",
        "reasons": [
          "SPATIAL_ANOMALY"
        ],
        "overall_anomaly": 0.592,
        "headline": "Minor baseline surface variation"
      }
    },
    {
      "type": "Feature",
      "geometry": {
        "type": "Point",
        "coordinates": [
          78.482512,
          17.458853
        ]
      },
      "properties": {
        "grid_id": "HYD_0416",
        "rank": 1254,
        "priority_score": 0.3581,
        "priority_level": "LOW",
        "recommendation": "ROUTINE_OBSERVATION",
        "period": "2020_2026",
        "reasons": [
          "SPATIAL_ANOMALY",
          "CYCLICAL_REVERSAL_DAMPENED"
        ],
        "overall_anomaly": 0.5988,
        "headline": "Minor baseline surface variation"
      }
    },
    {
      "type": "Feature",
      "geometry": {
        "type": "Point",
        "coordinates": [
          78.441494,
          17.363497
        ]
      },
      "properties": {
        "grid_id": "HYD_1310",
        "rank": 1255,
        "priority_score": 0.358,
        "priority_level": "LOW",
        "recommendation": "ROUTINE_OBSERVATION",
        "period": "2020_2026",
        "reasons": [
          "SPATIAL_ANOMALY"
        ],
        "overall_anomaly": 0.5999,
        "headline": "Minor baseline surface variation"
      }
    },
    {
      "type": "Feature",
      "geometry": {
        "type": "Point",
        "coordinates": [
          78.398412,
          17.417129
        ]
      },
      "properties": {
        "grid_id": "HYD_0785",
        "rank": 1256,
        "priority_score": 0.3579,
        "priority_level": "LOW",
        "recommendation": "ROUTINE_OBSERVATION",
        "period": "2020_2026",
        "reasons": [
          "SPATIAL_ANOMALY",
          "CYCLICAL_REVERSAL_DAMPENED"
        ],
        "overall_anomaly": 0.6059,
        "headline": "Minor baseline surface variation"
      }
    },
    {
      "type": "Feature",
      "geometry": {
        "type": "Point",
        "coordinates": [
          78.533957,
          17.482079
        ]
      },
      "properties": {
        "grid_id": "HYD_0212",
        "rank": 1257,
        "priority_score": 0.3579,
        "priority_level": "LOW",
        "recommendation": "ROUTINE_OBSERVATION",
        "period": "2020_2026",
        "reasons": [
          "SPATIAL_ANOMALY"
        ],
        "overall_anomaly": 0.5953,
        "headline": "Minor baseline surface variation"
      }
    },
    {
      "type": "Feature",
      "geometry": {
        "type": "Point",
        "coordinates": [
          78.445757,
          17.395162
        ]
      },
      "properties": {
        "grid_id": "HYD_1010",
        "rank": 1258,
        "priority_score": 0.3576,
        "priority_level": "LOW",
        "recommendation": "ROUTINE_OBSERVATION",
        "period": "2020_2026",
        "reasons": [
          "SPATIAL_ANOMALY",
          "CYCLICAL_REVERSAL_DAMPENED"
        ],
        "overall_anomaly": 0.6018,
        "headline": "Minor baseline surface variation"
      }
    },
    {
      "type": "Feature",
      "geometry": {
        "type": "Point",
        "coordinates": [
          78.463194,
          17.494735
        ]
      },
      "properties": {
        "grid_id": "HYD_0068",
        "rank": 1259,
        "priority_score": 0.3575,
        "priority_level": "LOW",
        "recommendation": "ROUTINE_OBSERVATION",
        "period": "2020_2026",
        "reasons": [
          "SPATIAL_ANOMALY"
        ],
        "overall_anomaly": 0.5944,
        "headline": "Minor baseline surface variation"
      }
    },
    {
      "type": "Feature",
      "geometry": {
        "type": "Point",
        "coordinates": [
          78.383143,
          17.498211
        ]
      },
      "properties": {
        "grid_id": "HYD_0008",
        "rank": 1260,
        "priority_score": 0.3574,
        "priority_level": "LOW",
        "recommendation": "ROUTINE_OBSERVATION",
        "period": "2020_2026",
        "reasons": [
          "SPATIAL_ANOMALY",
          "CYCLICAL_REVERSAL_DAMPENED"
        ],
        "overall_anomaly": 0.6159,
        "headline": "Minor baseline surface variation"
      }
    },
    {
      "type": "Feature",
      "geometry": {
        "type": "Point",
        "coordinates": [
          78.497855,
          17.368726
        ]
      },
      "properties": {
        "grid_id": "HYD_1279",
        "rank": 1261,
        "priority_score": 0.3573,
        "priority_level": "LOW",
        "recommendation": "ROUTINE_OBSERVATION",
        "period": "2020_2026",
        "reasons": [
          "SPATIAL_ANOMALY",
          "CYCLICAL_REVERSAL_DAMPENED"
        ],
        "overall_anomaly": 0.5994,
        "headline": "Minor baseline surface variation"
      }
    },
    {
      "type": "Feature",
      "geometry": {
        "type": "Point",
        "coordinates": [
          78.482636,
          17.449823
        ]
      },
      "properties": {
        "grid_id": "HYD_0502",
        "rank": 1262,
        "priority_score": 0.3572,
        "priority_level": "LOW",
        "recommendation": "ROUTINE_OBSERVATION",
        "period": "2020_2026",
        "reasons": [
          "SPATIAL_ANOMALY"
        ],
        "overall_anomaly": 0.5954,
        "headline": "Minor baseline surface variation"
      }
    },
    {
      "type": "Feature",
      "geometry": {
        "type": "Point",
        "coordinates": [
          78.441117,
          17.390587
        ]
      },
      "properties": {
        "grid_id": "HYD_1052",
        "rank": 1263,
        "priority_score": 0.357,
        "priority_level": "LOW",
        "recommendation": "ROUTINE_OBSERVATION",
        "period": "2020_2026",
        "reasons": [
          "SPATIAL_ANOMALY",
          "CYCLICAL_REVERSAL_DAMPENED"
        ],
        "overall_anomaly": 0.5954,
        "headline": "Minor baseline surface variation"
      }
    },
    {
      "type": "Feature",
      "geometry": {
        "type": "Point",
        "coordinates": [
          78.46463,
          17.390887
        ]
      },
      "properties": {
        "grid_id": "HYD_1057",
        "rank": 1264,
        "priority_score": 0.3569,
        "priority_level": "LOW",
        "recommendation": "ROUTINE_OBSERVATION",
        "period": "2020_2026",
        "reasons": [
          "SPATIAL_ANOMALY"
        ],
        "overall_anomaly": 0.5906,
        "headline": "Minor baseline surface variation"
      }
    },
    {
      "type": "Feature",
      "geometry": {
        "type": "Point",
        "coordinates": [
          78.422687,
          17.363255
        ]
      },
      "properties": {
        "grid_id": "HYD_1306",
        "rank": 1265,
        "priority_score": 0.3566,
        "priority_level": "LOW",
        "recommendation": "ROUTINE_OBSERVATION",
        "period": "2020_2026",
        "reasons": [
          "SPATIAL_ANOMALY"
        ],
        "overall_anomaly": 0.5994,
        "headline": "Minor baseline surface variation"
      }
    },
    {
      "type": "Feature",
      "geometry": {
        "type": "Point",
        "coordinates": [
          78.515932,
          17.423145
        ]
      },
      "properties": {
        "grid_id": "HYD_0767",
        "rank": 1266,
        "priority_score": 0.3566,
        "priority_level": "LOW",
        "recommendation": "ROUTINE_OBSERVATION",
        "period": "2020_2026",
        "reasons": [
          "SPATIAL_ANOMALY",
          "CYCLICAL_REVERSAL_DAMPENED"
        ],
        "overall_anomaly": 0.5933,
        "headline": "Minor baseline surface variation"
      }
    },
    {
      "type": "Feature",
      "geometry": {
        "type": "Point",
        "coordinates": [
          78.42606,
          17.458131
        ]
      },
      "properties": {
        "grid_id": "HYD_0404",
        "rank": 1267,
        "priority_score": 0.3565,
        "priority_level": "LOW",
        "recommendation": "ROUTINE_OBSERVATION",
        "period": "2020_2026",
        "reasons": [
          "SPATIAL_ANOMALY",
          "CYCLICAL_REVERSAL_DAMPENED"
        ],
        "overall_anomaly": 0.6073,
        "headline": "Minor baseline surface variation"
      }
    },
    {
      "type": "Feature",
      "geometry": {
        "type": "Point",
        "coordinates": [
          78.540236,
          17.364737
        ]
      },
      "properties": {
        "grid_id": "HYD_1331",
        "rank": 1268,
        "priority_score": 0.3564,
        "priority_level": "LOW",
        "recommendation": "ROUTINE_OBSERVATION",
        "period": "2020_2026",
        "reasons": [
          "SPATIAL_ANOMALY",
          "CYCLICAL_REVERSAL_DAMPENED"
        ],
        "overall_anomaly": 0.6115,
        "headline": "Minor baseline surface variation"
      }
    },
    {
      "type": "Feature",
      "geometry": {
        "type": "Point",
        "coordinates": [
          78.464692,
          17.386372
        ]
      },
      "properties": {
        "grid_id": "HYD_1100",
        "rank": 1269,
        "priority_score": 0.3563,
        "priority_level": "LOW",
        "recommendation": "ROUTINE_OBSERVATION",
        "period": "2020_2026",
        "reasons": [
          "SPATIAL_ANOMALY"
        ],
        "overall_anomaly": 0.5976,
        "headline": "Minor baseline surface variation"
      }
    },
    {
      "type": "Feature",
      "geometry": {
        "type": "Point",
        "coordinates": [
          78.44977,
          17.444888
        ]
      },
      "properties": {
        "grid_id": "HYD_0538",
        "rank": 1270,
        "priority_score": 0.3563,
        "priority_level": "LOW",
        "recommendation": "ROUTINE_OBSERVATION",
        "period": "2020_2026",
        "reasons": [
          "SPATIAL_ANOMALY",
          "CYCLICAL_REVERSAL_DAMPENED"
        ],
        "overall_anomaly": 0.5935,
        "headline": "Minor baseline surface variation"
      }
    },
    {
      "type": "Feature",
      "geometry": {
        "type": "Point",
        "coordinates": [
          78.507199,
          17.373359
        ]
      },
      "properties": {
        "grid_id": "HYD_1238",
        "rank": 1271,
        "priority_score": 0.3561,
        "priority_level": "LOW",
        "recommendation": "ROUTINE_OBSERVATION",
        "period": "2020_2026",
        "reasons": [
          "SPATIAL_ANOMALY",
          "CYCLICAL_REVERSAL_DAMPENED"
        ],
        "overall_anomaly": 0.6005,
        "headline": "Minor baseline surface variation"
      }
    },
    {
      "type": "Feature",
      "geometry": {
        "type": "Point",
        "coordinates": [
          78.406732,
          17.494005
        ]
      },
      "properties": {
        "grid_id": "HYD_0056",
        "rank": 1272,
        "priority_score": 0.3561,
        "priority_level": "LOW",
        "recommendation": "ROUTINE_OBSERVATION",
        "period": "2020_2026",
        "reasons": [
          "SPATIAL_ANOMALY",
          "CYCLICAL_REVERSAL_DAMPENED"
        ],
        "overall_anomaly": 0.5887,
        "headline": "Minor baseline surface variation"
      }
    },
    {
      "type": "Feature",
      "geometry": {
        "type": "Point",
        "coordinates": [
          78.435785,
          17.435677
        ]
      },
      "properties": {
        "grid_id": "HYD_0621",
        "rank": 1273,
        "priority_score": 0.3561,
        "priority_level": "LOW",
        "recommendation": "ROUTINE_OBSERVATION",
        "period": "2020_2026",
        "reasons": [
          "SPATIAL_ANOMALY",
          "CYCLICAL_REVERSAL_DAMPENED"
        ],
        "overall_anomaly": 0.5886,
        "headline": "Minor baseline surface variation"
      }
    },
    {
      "type": "Feature",
      "geometry": {
        "type": "Point",
        "coordinates": [
          78.493153,
          17.368667
        ]
      },
      "properties": {
        "grid_id": "HYD_1278",
        "rank": 1274,
        "priority_score": 0.3558,
        "priority_level": "LOW",
        "recommendation": "ROUTINE_OBSERVATION",
        "period": "2020_2026",
        "reasons": [
          "SPATIAL_ANOMALY",
          "CYCLICAL_REVERSAL_DAMPENED"
        ],
        "overall_anomaly": 0.5829,
        "headline": "Minor baseline surface variation"
      }
    },
    {
      "type": "Feature",
      "geometry": {
        "type": "Point",
        "coordinates": [
          78.469146,
          17.404492
        ]
      },
      "properties": {
        "grid_id": "HYD_0929",
        "rank": 1275,
        "priority_score": 0.3557,
        "priority_level": "LOW",
        "recommendation": "ROUTINE_OBSERVATION",
        "period": "2020_2026",
        "reasons": [
          "SPATIAL_ANOMALY",
          "CYCLICAL_REVERSAL_DAMPENED"
        ],
        "overall_anomaly": 0.6103,
        "headline": "Minor baseline surface variation"
      }
    },
    {
      "type": "Feature",
      "geometry": {
        "type": "Point",
        "coordinates": [
          78.483811,
          17.364034
        ]
      },
      "properties": {
        "grid_id": "HYD_1319",
        "rank": 1276,
        "priority_score": 0.3557,
        "priority_level": "LOW",
        "recommendation": "ROUTINE_OBSERVATION",
        "period": "2020_2026",
        "reasons": [
          "SPATIAL_ANOMALY"
        ],
        "overall_anomaly": 0.5842,
        "headline": "Minor baseline surface variation"
      }
    },
    {
      "type": "Feature",
      "geometry": {
        "type": "Point",
        "coordinates": [
          78.441243,
          17.381557
        ]
      },
      "properties": {
        "grid_id": "HYD_1138",
        "rank": 1277,
        "priority_score": 0.3556,
        "priority_level": "LOW",
        "recommendation": "ROUTINE_OBSERVATION",
        "period": "2020_2026",
        "reasons": [
          "SPATIAL_ANOMALY",
          "CYCLICAL_REVERSAL_DAMPENED"
        ],
        "overall_anomaly": 0.6086,
        "headline": "Minor baseline surface variation"
      }
    },
    {
      "type": "Feature",
      "geometry": {
        "type": "Point",
        "coordinates": [
          78.411565,
          17.485037
        ]
      },
      "properties": {
        "grid_id": "HYD_0143",
        "rank": 1278,
        "priority_score": 0.3555,
        "priority_level": "LOW",
        "recommendation": "ROUTINE_OBSERVATION",
        "period": "2020_2026",
        "reasons": [
          "SPATIAL_ANOMALY",
          "CYCLICAL_REVERSAL_DAMPENED"
        ],
        "overall_anomaly": 0.586,
        "headline": "Minor baseline surface variation"
      }
    },
    {
      "type": "Feature",
      "geometry": {
        "type": "Point",
        "coordinates": [
          78.502006,
          17.409423
        ]
      },
      "properties": {
        "grid_id": "HYD_0893",
        "rank": 1279,
        "priority_score": 0.3554,
        "priority_level": "LOW",
        "recommendation": "ROUTINE_OBSERVATION",
        "period": "2020_2026",
        "reasons": [
          "SPATIAL_ANOMALY",
          "CYCLICAL_REVERSAL_DAMPENED"
        ],
        "overall_anomaly": 0.5989,
        "headline": "Minor baseline surface variation"
      }
    },
    {
      "type": "Feature",
      "geometry": {
        "type": "Point",
        "coordinates": [
          78.463381,
          17.48119
        ]
      },
      "properties": {
        "grid_id": "HYD_0197",
        "rank": 1280,
        "priority_score": 0.3553,
        "priority_level": "LOW",
        "recommendation": "ROUTINE_OBSERVATION",
        "period": "2020_2026",
        "reasons": [
          "SPATIAL_ANOMALY",
          "CYCLICAL_REVERSAL_DAMPENED"
        ],
        "overall_anomaly": 0.5977,
        "headline": "Minor baseline surface variation"
      }
    },
    {
      "type": "Feature",
      "geometry": {
        "type": "Point",
        "coordinates": [
          78.544757,
          17.378341
        ]
      },
      "properties": {
        "grid_id": "HYD_1203",
        "rank": 1281,
        "priority_score": 0.3553,
        "priority_level": "LOW",
        "recommendation": "ROUTINE_OBSERVATION",
        "period": "2020_2026",
        "reasons": [
          "SPATIAL_ANOMALY",
          "CYCLICAL_REVERSAL_DAMPENED"
        ],
        "overall_anomaly": 0.5899,
        "headline": "Minor baseline surface variation"
      }
    },
    {
      "type": "Feature",
      "geometry": {
        "type": "Point",
        "coordinates": [
          78.430828,
          17.453676
        ]
      },
      "properties": {
        "grid_id": "HYD_0448",
        "rank": 1282,
        "priority_score": 0.3552,
        "priority_level": "LOW",
        "recommendation": "ROUTINE_OBSERVATION",
        "period": "2020_2026",
        "reasons": [
          "SPATIAL_ANOMALY"
        ],
        "overall_anomaly": 0.5859,
        "headline": "Minor baseline surface variation"
      }
    },
    {
      "type": "Feature",
      "geometry": {
        "type": "Point",
        "coordinates": [
          78.492291,
          17.431881
        ]
      },
      "properties": {
        "grid_id": "HYD_0676",
        "rank": 1283,
        "priority_score": 0.355,
        "priority_level": "LOW",
        "recommendation": "ROUTINE_OBSERVATION",
        "period": "2020_2026",
        "reasons": [
          "SPATIAL_ANOMALY"
        ],
        "overall_anomaly": 0.5849,
        "headline": "Minor baseline surface variation"
      }
    },
    {
      "type": "Feature",
      "geometry": {
        "type": "Point",
        "coordinates": [
          78.520392,
          17.441265
        ]
      },
      "properties": {
        "grid_id": "HYD_0596",
        "rank": 1284,
        "priority_score": 0.355,
        "priority_level": "LOW",
        "recommendation": "ROUTINE_OBSERVATION",
        "period": "2020_2026",
        "reasons": [
          "SPATIAL_ANOMALY"
        ],
        "overall_anomaly": 0.5824,
        "headline": "Minor baseline surface variation"
      }
    },
    {
      "type": "Feature",
      "geometry": {
        "type": "Point",
        "coordinates": [
          78.516603,
          17.373476
        ]
      },
      "properties": {
        "grid_id": "HYD_1240",
        "rank": 1285,
        "priority_score": 0.3547,
        "priority_level": "LOW",
        "recommendation": "ROUTINE_OBSERVATION",
        "period": "2020_2026",
        "reasons": [
          "SPATIAL_ANOMALY",
          "CYCLICAL_REVERSAL_DAMPENED"
        ],
        "overall_anomaly": 0.5891,
        "headline": "Minor baseline surface variation"
      }
    },
    {
      "type": "Feature",
      "geometry": {
        "type": "Point",
        "coordinates": [
          78.526068,
          17.369078
        ]
      },
      "properties": {
        "grid_id": "HYD_1285",
        "rank": 1286,
        "priority_score": 0.3545,
        "priority_level": "LOW",
        "recommendation": "ROUTINE_OBSERVATION",
        "period": "2020_2026",
        "reasons": [
          "SPATIAL_ANOMALY",
          "CYCLICAL_REVERSAL_DAMPENED"
        ],
        "overall_anomaly": 0.6019,
        "headline": "Minor baseline surface variation"
      }
    },
    {
      "type": "Feature",
      "geometry": {
        "type": "Point",
        "coordinates": [
          78.460301,
          17.363736
        ]
      },
      "properties": {
        "grid_id": "HYD_1314",
        "rank": 1287,
        "priority_score": 0.3544,
        "priority_level": "LOW",
        "recommendation": "ROUTINE_OBSERVATION",
        "period": "2020_2026",
        "reasons": [
          "SPATIAL_ANOMALY"
        ],
        "overall_anomaly": 0.5813,
        "headline": "Minor baseline surface variation"
      }
    },
    {
      "type": "Feature",
      "geometry": {
        "type": "Point",
        "coordinates": [
          78.54361,
          17.464134
        ]
      },
      "properties": {
        "grid_id": "HYD_0386",
        "rank": 1288,
        "priority_score": 0.354,
        "priority_level": "LOW",
        "recommendation": "ROUTINE_OBSERVATION",
        "period": "2020_2026",
        "reasons": [
          "SPATIAL_ANOMALY",
          "CYCLICAL_REVERSAL_DAMPENED"
        ],
        "overall_anomaly": 0.5965,
        "headline": "Minor baseline surface variation"
      }
    },
    {
      "type": "Feature",
      "geometry": {
        "type": "Point",
        "coordinates": [
          78.548086,
          17.477737
        ]
      },
      "properties": {
        "grid_id": "HYD_0258",
        "rank": 1289,
        "priority_score": 0.3539,
        "priority_level": "LOW",
        "recommendation": "ROUTINE_OBSERVATION",
        "period": "2020_2026",
        "reasons": [
          "SPATIAL_ANOMALY"
        ],
        "overall_anomaly": 0.591,
        "headline": "Minor baseline surface variation"
      }
    },
    {
      "type": "Feature",
      "geometry": {
        "type": "Point",
        "coordinates": [
          78.40718,
          17.462401
        ]
      },
      "properties": {
        "grid_id": "HYD_0357",
        "rank": 1290,
        "priority_score": 0.3536,
        "priority_level": "LOW",
        "recommendation": "ROUTINE_OBSERVATION",
        "period": "2020_2026",
        "reasons": [
          "SPATIAL_ANOMALY",
          "CYCLICAL_REVERSAL_DAMPENED"
        ],
        "overall_anomaly": 0.6112,
        "headline": "Minor baseline surface variation"
      }
    },
    {
      "type": "Feature",
      "geometry": {
        "type": "Point",
        "coordinates": [
          78.427452,
          17.3588
        ]
      },
      "properties": {
        "grid_id": "HYD_1350",
        "rank": 1291,
        "priority_score": 0.3535,
        "priority_level": "LOW",
        "recommendation": "ROUTINE_OBSERVATION",
        "period": "2020_2026",
        "reasons": [
          "SPATIAL_ANOMALY",
          "CYCLICAL_REVERSAL_DAMPENED"
        ],
        "overall_anomaly": 0.5941,
        "headline": "Minor baseline surface variation"
      }
    },
    {
      "type": "Feature",
      "geometry": {
        "type": "Point",
        "coordinates": [
          78.445003,
          17.449343
        ]
      },
      "properties": {
        "grid_id": "HYD_0494",
        "rank": 1292,
        "priority_score": 0.3535,
        "priority_level": "LOW",
        "recommendation": "ROUTINE_OBSERVATION",
        "period": "2020_2026",
        "reasons": [
          "SPATIAL_ANOMALY"
        ],
        "overall_anomaly": 0.5785,
        "headline": "Minor baseline surface variation"
      }
    },
    {
      "type": "Feature",
      "geometry": {
        "type": "Point",
        "coordinates": [
          78.431018,
          17.440131
        ]
      },
      "properties": {
        "grid_id": "HYD_0577",
        "rank": 1293,
        "priority_score": 0.353,
        "priority_level": "LOW",
        "recommendation": "ROUTINE_OBSERVATION",
        "period": "2020_2026",
        "reasons": [
          "SPATIAL_ANOMALY",
          "CYCLICAL_REVERSAL_DAMPENED"
        ],
        "overall_anomaly": 0.5972,
        "headline": "Minor baseline surface variation"
      }
    },
    {
      "type": "Feature",
      "geometry": {
        "type": "Point",
        "coordinates": [
          78.477932,
          17.449763
        ]
      },
      "properties": {
        "grid_id": "HYD_0501",
        "rank": 1294,
        "priority_score": 0.3529,
        "priority_level": "LOW",
        "recommendation": "ROUTINE_OBSERVATION",
        "period": "2020_2026",
        "reasons": [
          "SPATIAL_ANOMALY"
        ],
        "overall_anomaly": 0.5819,
        "headline": "Minor baseline surface variation"
      }
    },
    {
      "type": "Feature",
      "geometry": {
        "type": "Point",
        "coordinates": [
          78.493393,
          17.351058
        ]
      },
      "properties": {
        "grid_id": "HYD_1450",
        "rank": 1295,
        "priority_score": 0.3528,
        "priority_level": "LOW",
        "recommendation": "ROUTINE_OBSERVATION",
        "period": "2020_2026",
        "reasons": [
          "SPATIAL_ANOMALY"
        ],
        "overall_anomaly": 0.5811,
        "headline": "Minor baseline surface variation"
      }
    },
    {
      "type": "Feature",
      "geometry": {
        "type": "Point",
        "coordinates": [
          78.460177,
          17.372767
        ]
      },
      "properties": {
        "grid_id": "HYD_1228",
        "rank": 1296,
        "priority_score": 0.3527,
        "priority_level": "LOW",
        "recommendation": "ROUTINE_OBSERVATION",
        "period": "2020_2026",
        "reasons": [
          "SPATIAL_ANOMALY"
        ],
        "overall_anomaly": 0.5809,
        "headline": "Minor baseline surface variation"
      }
    },
    {
      "type": "Feature",
      "geometry": {
        "type": "Point",
        "coordinates": [
          78.516664,
          17.368961
        ]
      },
      "properties": {
        "grid_id": "HYD_1283",
        "rank": 1297,
        "priority_score": 0.3526,
        "priority_level": "LOW",
        "recommendation": "ROUTINE_OBSERVATION",
        "period": "2020_2026",
        "reasons": [
          "SPATIAL_ANOMALY",
          "CYCLICAL_REVERSAL_DAMPENED"
        ],
        "overall_anomaly": 0.5982,
        "headline": "Minor baseline surface variation"
      }
    },
    {
      "type": "Feature",
      "geometry": {
        "type": "Point",
        "coordinates": [
          78.45071,
          17.377162
        ]
      },
      "properties": {
        "grid_id": "HYD_1183",
        "rank": 1298,
        "priority_score": 0.3526,
        "priority_level": "LOW",
        "recommendation": "ROUTINE_OBSERVATION",
        "period": "2020_2026",
        "reasons": [
          "SPATIAL_ANOMALY"
        ],
        "overall_anomaly": 0.5819,
        "headline": "Minor baseline surface variation"
      }
    },
    {
      "type": "Feature",
      "geometry": {
        "type": "Point",
        "coordinates": [
          78.426884,
          17.399436
        ]
      },
      "properties": {
        "grid_id": "HYD_0963",
        "rank": 1299,
        "priority_score": 0.3524,
        "priority_level": "LOW",
        "recommendation": "ROUTINE_OBSERVATION",
        "period": "2020_2026",
        "reasons": [
          "SPATIAL_ANOMALY",
          "CYCLICAL_REVERSAL_DAMPENED"
        ],
        "overall_anomaly": 0.5843,
        "headline": "Minor baseline surface variation"
      }
    },
    {
      "type": "Feature",
      "geometry": {
        "type": "Point",
        "coordinates": [
          78.477558,
          17.476854
        ]
      },
      "properties": {
        "grid_id": "HYD_0243",
        "rank": 1300,
        "priority_score": 0.3523,
        "priority_level": "LOW",
        "recommendation": "ROUTINE_OBSERVATION",
        "period": "2020_2026",
        "reasons": [
          "SPATIAL_ANOMALY"
        ],
        "overall_anomaly": 0.5795,
        "headline": "Minor baseline surface variation"
      }
    },
    {
      "type": "Feature",
      "geometry": {
        "type": "Point",
        "coordinates": [
          78.497056,
          17.427425
        ]
      },
      "properties": {
        "grid_id": "HYD_0720",
        "rank": 1301,
        "priority_score": 0.3521,
        "priority_level": "LOW",
        "recommendation": "ROUTINE_OBSERVATION",
        "period": "2020_2026",
        "reasons": [
          "SPATIAL_ANOMALY"
        ],
        "overall_anomaly": 0.578,
        "headline": "Minor baseline surface variation"
      }
    },
    {
      "type": "Feature",
      "geometry": {
        "type": "Point",
        "coordinates": [
          78.530468,
          17.391713
        ]
      },
      "properties": {
        "grid_id": "HYD_1071",
        "rank": 1302,
        "priority_score": 0.3518,
        "priority_level": "LOW",
        "recommendation": "ROUTINE_OBSERVATION",
        "period": "2020_2026",
        "reasons": [
          "SPATIAL_ANOMALY",
          "CYCLICAL_REVERSAL_DAMPENED"
        ],
        "overall_anomaly": 0.5918,
        "headline": "Minor baseline surface variation"
      }
    },
    {
      "type": "Feature",
      "geometry": {
        "type": "Point",
        "coordinates": [
          78.510185,
          17.499846
        ]
      },
      "properties": {
        "grid_id": "HYD_0035",
        "rank": 1303,
        "priority_score": 0.3518,
        "priority_level": "LOW",
        "recommendation": "ROUTINE_OBSERVATION",
        "period": "2020_2026",
        "reasons": [
          "SPATIAL_ANOMALY",
          "CYCLICAL_REVERSAL_DAMPENED"
        ],
        "overall_anomaly": 0.5879,
        "headline": "Minor baseline surface variation"
      }
    },
    {
      "type": "Feature",
      "geometry": {
        "type": "Point",
        "coordinates": [
          78.534565,
          17.436925
        ]
      },
      "properties": {
        "grid_id": "HYD_0642",
        "rank": 1304,
        "priority_score": 0.3517,
        "priority_level": "LOW",
        "recommendation": "ROUTINE_OBSERVATION",
        "period": "2020_2026",
        "reasons": [
          "SPATIAL_ANOMALY",
          "CYCLICAL_REVERSAL_DAMPENED"
        ],
        "overall_anomaly": 0.5984,
        "headline": "Minor baseline surface variation"
      }
    },
    {
      "type": "Feature",
      "geometry": {
        "type": "Point",
        "coordinates": [
          78.497917,
          17.364211
        ]
      },
      "properties": {
        "grid_id": "HYD_1322",
        "rank": 1305,
        "priority_score": 0.3517,
        "priority_level": "LOW",
        "recommendation": "ROUTINE_OBSERVATION",
        "period": "2020_2026",
        "reasons": [
          "SPATIAL_ANOMALY",
          "CYCLICAL_REVERSAL_DAMPENED"
        ],
        "overall_anomaly": 0.5901,
        "headline": "Minor baseline surface variation"
      }
    },
    {
      "type": "Feature",
      "geometry": {
        "type": "Point",
        "coordinates": [
          78.440992,
          17.399617
        ]
      },
      "properties": {
        "grid_id": "HYD_0966",
        "rank": 1306,
        "priority_score": 0.3516,
        "priority_level": "LOW",
        "recommendation": "ROUTINE_OBSERVATION",
        "period": "2020_2026",
        "reasons": [
          "SPATIAL_ANOMALY",
          "CYCLICAL_REVERSAL_DAMPENED"
        ],
        "overall_anomaly": 0.5939,
        "headline": "Minor baseline surface variation"
      }
    },
    {
      "type": "Feature",
      "geometry": {
        "type": "Point",
        "coordinates": [
          78.492229,
          17.436396
        ]
      },
      "properties": {
        "grid_id": "HYD_0633",
        "rank": 1307,
        "priority_score": 0.3516,
        "priority_level": "LOW",
        "recommendation": "ROUTINE_OBSERVATION",
        "period": "2020_2026",
        "reasons": [
          "SPATIAL_ANOMALY"
        ],
        "overall_anomaly": 0.5594,
        "headline": "Minor baseline surface variation"
      }
    },
    {
      "type": "Feature",
      "geometry": {
        "type": "Point",
        "coordinates": [
          78.427515,
          17.354285
        ]
      },
      "properties": {
        "grid_id": "HYD_1393",
        "rank": 1308,
        "priority_score": 0.3514,
        "priority_level": "LOW",
        "recommendation": "ROUTINE_OBSERVATION",
        "period": "2020_2026",
        "reasons": [
          "SPATIAL_ANOMALY"
        ],
        "overall_anomaly": 0.5844,
        "headline": "Minor baseline surface variation"
      }
    },
    {
      "type": "Feature",
      "geometry": {
        "type": "Point",
        "coordinates": [
          78.539329,
          17.432468
        ]
      },
      "properties": {
        "grid_id": "HYD_0686",
        "rank": 1309,
        "priority_score": 0.3513,
        "priority_level": "LOW",
        "recommendation": "ROUTINE_OBSERVATION",
        "period": "2020_2026",
        "reasons": [
          "SPATIAL_ANOMALY",
          "CYCLICAL_REVERSAL_DAMPENED"
        ],
        "overall_anomaly": 0.5897,
        "headline": "Minor baseline surface variation"
      }
    },
    {
      "type": "Feature",
      "geometry": {
        "type": "Point",
        "coordinates": [
          78.373862,
          17.489058
        ]
      },
      "properties": {
        "grid_id": "HYD_0092",
        "rank": 1310,
        "priority_score": 0.351,
        "priority_level": "LOW",
        "recommendation": "ROUTINE_OBSERVATION",
        "period": "2020_2026",
        "reasons": [
          "SPATIAL_ANOMALY",
          "CYCLICAL_REVERSAL_DAMPENED"
        ],
        "overall_anomaly": 0.599,
        "headline": "Minor baseline surface variation"
      }
    },
    {
      "type": "Feature",
      "geometry": {
        "type": "Point",
        "coordinates": [
          78.427136,
          17.381376
        ]
      },
      "properties": {
        "grid_id": "HYD_1135",
        "rank": 1311,
        "priority_score": 0.3509,
        "priority_level": "LOW",
        "recommendation": "ROUTINE_OBSERVATION",
        "period": "2020_2026",
        "reasons": [
          "SPATIAL_ANOMALY",
          "CYCLICAL_REVERSAL_DAMPENED"
        ],
        "overall_anomaly": 0.5875,
        "headline": "Minor baseline surface variation"
      }
    },
    {
      "type": "Feature",
      "geometry": {
        "type": "Point",
        "coordinates": [
          78.45535,
          17.381737
        ]
      },
      "properties": {
        "grid_id": "HYD_1141",
        "rank": 1312,
        "priority_score": 0.3509,
        "priority_level": "LOW",
        "recommendation": "ROUTINE_OBSERVATION",
        "period": "2020_2026",
        "reasons": [
          "SPATIAL_ANOMALY"
        ],
        "overall_anomaly": 0.5814,
        "headline": "Minor baseline surface variation"
      }
    },
    {
      "type": "Feature",
      "geometry": {
        "type": "Point",
        "coordinates": [
          78.446008,
          17.377102
        ]
      },
      "properties": {
        "grid_id": "HYD_1182",
        "rank": 1313,
        "priority_score": 0.3509,
        "priority_level": "LOW",
        "recommendation": "ROUTINE_OBSERVATION",
        "period": "2020_2026",
        "reasons": [
          "SPATIAL_ANOMALY"
        ],
        "overall_anomaly": 0.5774,
        "headline": "Minor baseline surface variation"
      }
    },
    {
      "type": "Feature",
      "geometry": {
        "type": "Point",
        "coordinates": [
          78.364388,
          17.493448
        ]
      },
      "properties": {
        "grid_id": "HYD_0047",
        "rank": 1314,
        "priority_score": 0.3508,
        "priority_level": "LOW",
        "recommendation": "ROUTINE_OBSERVATION",
        "period": "2020_2026",
        "reasons": [
          "SPATIAL_ANOMALY",
          "CYCLICAL_REVERSAL_DAMPENED"
        ],
        "overall_anomaly": 0.5928,
        "headline": "Minor baseline surface variation"
      }
    },
    {
      "type": "Feature",
      "geometry": {
        "type": "Point",
        "coordinates": [
          78.492538,
          17.41382
        ]
      },
      "properties": {
        "grid_id": "HYD_0848",
        "rank": 1315,
        "priority_score": 0.3504,
        "priority_level": "LOW",
        "recommendation": "ROUTINE_OBSERVATION",
        "period": "2020_2026",
        "reasons": [
          "SPATIAL_ANOMALY",
          "CYCLICAL_REVERSAL_DAMPENED"
        ],
        "overall_anomaly": 0.5925,
        "headline": "Minor baseline surface variation"
      }
    },
    {
      "type": "Feature",
      "geometry": {
        "type": "Point",
        "coordinates": [
          78.403051,
          17.421705
        ]
      },
      "properties": {
        "grid_id": "HYD_0743",
        "rank": 1316,
        "priority_score": 0.3502,
        "priority_level": "LOW",
        "recommendation": "ROUTINE_OBSERVATION",
        "period": "2020_2026",
        "reasons": [
          "SPATIAL_ANOMALY",
          "CYCLICAL_REVERSAL_DAMPENED"
        ],
        "overall_anomaly": 0.5992,
        "headline": "Minor baseline surface variation"
      }
    },
    {
      "type": "Feature",
      "geometry": {
        "type": "Point",
        "coordinates": [
          78.441619,
          17.354466
        ]
      },
      "properties": {
        "grid_id": "HYD_1396",
        "rank": 1317,
        "priority_score": 0.3502,
        "priority_level": "LOW",
        "recommendation": "ROUTINE_OBSERVATION",
        "period": "2020_2026",
        "reasons": [
          "SPATIAL_ANOMALY"
        ],
        "overall_anomaly": 0.5905,
        "headline": "Minor baseline surface variation"
      }
    },
    {
      "type": "Feature",
      "geometry": {
        "type": "Point",
        "coordinates": [
          78.454975,
          17.408828
        ]
      },
      "properties": {
        "grid_id": "HYD_0883",
        "rank": 1318,
        "priority_score": 0.3502,
        "priority_level": "LOW",
        "recommendation": "ROUTINE_OBSERVATION",
        "period": "2020_2026",
        "reasons": [
          "SPATIAL_ANOMALY"
        ],
        "overall_anomaly": 0.5814,
        "headline": "Minor baseline surface variation"
      }
    },
    {
      "type": "Feature",
      "geometry": {
        "type": "Point",
        "coordinates": [
          78.352293,
          17.353303
        ]
      },
      "properties": {
        "grid_id": "HYD_1377",
        "rank": 1319,
        "priority_score": 0.3501,
        "priority_level": "LOW",
        "recommendation": "ROUTINE_OBSERVATION",
        "period": "2020_2026",
        "reasons": [
          "SPATIAL_ANOMALY",
          "CYCLICAL_REVERSAL_DAMPENED"
        ],
        "overall_anomaly": 0.6032,
        "headline": "Minor baseline surface variation"
      }
    },
    {
      "type": "Feature",
      "geometry": {
        "type": "Point",
        "coordinates": [
          78.417288,
          17.412859
        ]
      },
      "properties": {
        "grid_id": "HYD_0832",
        "rank": 1320,
        "priority_score": 0.3501,
        "priority_level": "LOW",
        "recommendation": "ROUTINE_OBSERVATION",
        "period": "2020_2026",
        "reasons": [
          "SPATIAL_ANOMALY",
          "CYCLICAL_REVERSAL_DAMPENED"
        ],
        "overall_anomaly": 0.5894,
        "headline": "Minor baseline surface variation"
      }
    },
    {
      "type": "Feature",
      "geometry": {
        "type": "Point",
        "coordinates": [
          78.425616,
          17.489735
        ]
      },
      "properties": {
        "grid_id": "HYD_0103",
        "rank": 1321,
        "priority_score": 0.35,
        "priority_level": "LOW",
        "recommendation": "ROUTINE_OBSERVATION",
        "period": "2020_2026",
        "reasons": [
          "SPATIAL_ANOMALY",
          "CYCLICAL_REVERSAL_DAMPENED"
        ],
        "overall_anomaly": 0.6056,
        "headline": "Minor baseline surface variation"
      }
    },
    {
      "type": "Feature",
      "geometry": {
        "type": "Point",
        "coordinates": [
          78.422118,
          17.40389
        ]
      },
      "properties": {
        "grid_id": "HYD_0919",
        "rank": 1322,
        "priority_score": 0.3498,
        "priority_level": "LOW",
        "recommendation": "ROUTINE_OBSERVATION",
        "period": "2020_2026",
        "reasons": [
          "SPATIAL_ANOMALY",
          "CYCLICAL_REVERSAL_DAMPENED"
        ],
        "overall_anomaly": 0.5952,
        "headline": "Minor baseline surface variation"
      }
    },
    {
      "type": "Feature",
      "geometry": {
        "type": "Point",
        "coordinates": [
          78.534443,
          17.445956
        ]
      },
      "properties": {
        "grid_id": "HYD_0556",
        "rank": 1323,
        "priority_score": 0.3498,
        "priority_level": "LOW",
        "recommendation": "ROUTINE_OBSERVATION",
        "period": "2020_2026",
        "reasons": [
          "SPATIAL_ANOMALY"
        ],
        "overall_anomaly": 0.5801,
        "headline": "Minor baseline surface variation"
      }
    },
    {
      "type": "Feature",
      "geometry": {
        "type": "Point",
        "coordinates": [
          78.449707,
          17.449404
        ]
      },
      "properties": {
        "grid_id": "HYD_0495",
        "rank": 1324,
        "priority_score": 0.3496,
        "priority_level": "LOW",
        "recommendation": "ROUTINE_OBSERVATION",
        "period": "2020_2026",
        "reasons": [
          "SPATIAL_ANOMALY"
        ],
        "overall_anomaly": 0.5812,
        "headline": "Minor baseline surface variation"
      }
    },
    {
      "type": "Feature",
      "geometry": {
        "type": "Point",
        "coordinates": [
          78.529556,
          17.459443
        ]
      },
      "properties": {
        "grid_id": "HYD_0426",
        "rank": 1325,
        "priority_score": 0.3494,
        "priority_level": "LOW",
        "recommendation": "ROUTINE_OBSERVATION",
        "period": "2020_2026",
        "reasons": [
          "CYCLICAL_REVERSAL_DAMPENED"
        ],
        "overall_anomaly": 0.5991,
        "headline": "Minor baseline surface variation"
      }
    },
    {
      "type": "Feature",
      "geometry": {
        "type": "Point",
        "coordinates": [
          78.426567,
          17.422011
        ]
      },
      "properties": {
        "grid_id": "HYD_0748",
        "rank": 1326,
        "priority_score": 0.3494,
        "priority_level": "LOW",
        "recommendation": "ROUTINE_OBSERVATION",
        "period": "2020_2026",
        "reasons": [
          "SPATIAL_ANOMALY",
          "CYCLICAL_REVERSAL_DAMPENED"
        ],
        "overall_anomaly": 0.587,
        "headline": "Minor baseline surface variation"
      }
    },
    {
      "type": "Feature",
      "geometry": {
        "type": "Point",
        "coordinates": [
          78.472542,
          17.49937
        ]
      },
      "properties": {
        "grid_id": "HYD_0027",
        "rank": 1327,
        "priority_score": 0.3492,
        "priority_level": "LOW",
        "recommendation": "ROUTINE_OBSERVATION",
        "period": "2020_2026",
        "reasons": [
          "SPATIAL_ANOMALY",
          "CYCLICAL_REVERSAL_DAMPENED"
        ],
        "overall_anomaly": 0.5984,
        "headline": "Minor baseline surface variation"
      }
    },
    {
      "type": "Feature",
      "geometry": {
        "type": "Point",
        "coordinates": [
          78.422434,
          17.381315
        ]
      },
      "properties": {
        "grid_id": "HYD_1134",
        "rank": 1328,
        "priority_score": 0.3491,
        "priority_level": "LOW",
        "recommendation": "ROUTINE_OBSERVATION",
        "period": "2020_2026",
        "reasons": [
          "SPATIAL_ANOMALY",
          "CYCLICAL_REVERSAL_DAMPENED"
        ],
        "overall_anomaly": 0.5882,
        "headline": "Minor baseline surface variation"
      }
    },
    {
      "type": "Feature",
      "geometry": {
        "type": "Point",
        "coordinates": [
          78.389711,
          17.367342
        ]
      },
      "properties": {
        "grid_id": "HYD_1256",
        "rank": 1329,
        "priority_score": 0.3491,
        "priority_level": "LOW",
        "recommendation": "ROUTINE_OBSERVATION",
        "period": "2020_2026",
        "reasons": [
          "SPATIAL_ANOMALY"
        ],
        "overall_anomaly": 0.5766,
        "headline": "Minor baseline surface variation"
      }
    },
    {
      "type": "Feature",
      "geometry": {
        "type": "Point",
        "coordinates": [
          78.51129,
          17.418571
        ]
      },
      "properties": {
        "grid_id": "HYD_0809",
        "rank": 1330,
        "priority_score": 0.3488,
        "priority_level": "LOW",
        "recommendation": "ROUTINE_OBSERVATION",
        "period": "2020_2026",
        "reasons": [
          "SPATIAL_ANOMALY"
        ],
        "overall_anomaly": 0.5753,
        "headline": "Minor baseline surface variation"
      }
    },
    {
      "type": "Feature",
      "geometry": {
        "type": "Point",
        "coordinates": [
          78.530892,
          17.360105
        ]
      },
      "properties": {
        "grid_id": "HYD_1372",
        "rank": 1331,
        "priority_score": 0.3487,
        "priority_level": "LOW",
        "recommendation": "ROUTINE_OBSERVATION",
        "period": "2020_2026",
        "reasons": [
          "SPATIAL_ANOMALY",
          "CYCLICAL_REVERSAL_DAMPENED"
        ],
        "overall_anomaly": 0.5834,
        "headline": "Minor baseline surface variation"
      }
    },
    {
      "type": "Feature",
      "geometry": {
        "type": "Point",
        "coordinates": [
          78.394413,
          17.367404
        ]
      },
      "properties": {
        "grid_id": "HYD_1257",
        "rank": 1332,
        "priority_score": 0.3485,
        "priority_level": "LOW",
        "recommendation": "ROUTINE_OBSERVATION",
        "period": "2020_2026",
        "reasons": [
          "SPATIAL_ANOMALY"
        ],
        "overall_anomaly": 0.5744,
        "headline": "Minor baseline surface variation"
      }
    },
    {
      "type": "Feature",
      "geometry": {
        "type": "Point",
        "coordinates": [
          78.497978,
          17.359696
        ]
      },
      "properties": {
        "grid_id": "HYD_1365",
        "rank": 1333,
        "priority_score": 0.3484,
        "priority_level": "LOW",
        "recommendation": "ROUTINE_OBSERVATION",
        "period": "2020_2026",
        "reasons": [
          "SPATIAL_ANOMALY"
        ],
        "overall_anomaly": 0.5827,
        "headline": "Minor baseline surface variation"
      }
    },
    {
      "type": "Feature",
      "geometry": {
        "type": "Point",
        "coordinates": [
          78.364583,
          17.479903
        ]
      },
      "properties": {
        "grid_id": "HYD_0176",
        "rank": 1334,
        "priority_score": 0.3484,
        "priority_level": "LOW",
        "recommendation": "ROUTINE_OBSERVATION",
        "period": "2020_2026",
        "reasons": [
          "SPATIAL_ANOMALY"
        ],
        "overall_anomaly": 0.5713,
        "headline": "Minor baseline surface variation"
      }
    },
    {
      "type": "Feature",
      "geometry": {
        "type": "Point",
        "coordinates": [
          78.432153,
          17.358861
        ]
      },
      "properties": {
        "grid_id": "HYD_1351",
        "rank": 1335,
        "priority_score": 0.3483,
        "priority_level": "LOW",
        "recommendation": "ROUTINE_OBSERVATION",
        "period": "2020_2026",
        "reasons": [
          "SPATIAL_ANOMALY"
        ],
        "overall_anomaly": 0.5725,
        "headline": "Minor baseline surface variation"
      }
    },
    {
      "type": "Feature",
      "geometry": {
        "type": "Point",
        "coordinates": [
          78.48672,
          17.495034
        ]
      },
      "properties": {
        "grid_id": "HYD_0073",
        "rank": 1336,
        "priority_score": 0.3478,
        "priority_level": "LOW",
        "recommendation": "ROUTINE_OBSERVATION",
        "period": "2020_2026",
        "reasons": [
          "VEG_BUILTUP_COHERENCE",
          "CYCLICAL_REVERSAL_DAMPENED"
        ],
        "overall_anomaly": 0.6002,
        "headline": "Minor baseline surface variation"
      }
    },
    {
      "type": "Feature",
      "geometry": {
        "type": "Point",
        "coordinates": [
          78.421674,
          17.435495
        ]
      },
      "properties": {
        "grid_id": "HYD_0618",
        "rank": 1337,
        "priority_score": 0.3478,
        "priority_level": "LOW",
        "recommendation": "ROUTINE_OBSERVATION",
        "period": "2020_2026",
        "reasons": [
          "SPATIAL_ANOMALY",
          "CYCLICAL_REVERSAL_DAMPENED"
        ],
        "overall_anomaly": 0.5784,
        "headline": "Minor baseline surface variation"
      }
    },
    {
      "type": "Feature",
      "geometry": {
        "type": "Point",
        "coordinates": [
          78.42287,
          17.350161
        ]
      },
      "properties": {
        "grid_id": "HYD_1435",
        "rank": 1338,
        "priority_score": 0.3477,
        "priority_level": "LOW",
        "recommendation": "ROUTINE_OBSERVATION",
        "period": "2020_2026",
        "reasons": [
          "SPATIAL_ANOMALY"
        ],
        "overall_anomaly": 0.5851,
        "headline": "Minor baseline surface variation"
      }
    },
    {
      "type": "Feature",
      "geometry": {
        "type": "Point",
        "coordinates": [
          78.417415,
          17.403829
        ]
      },
      "properties": {
        "grid_id": "HYD_0918",
        "rank": 1339,
        "priority_score": 0.3473,
        "priority_level": "LOW",
        "recommendation": "ROUTINE_OBSERVATION",
        "period": "2020_2026",
        "reasons": [
          "SPATIAL_ANOMALY"
        ],
        "overall_anomaly": 0.5787,
        "headline": "Minor baseline surface variation"
      }
    },
    {
      "type": "Feature",
      "geometry": {
        "type": "Point",
        "coordinates": [
          78.525035,
          17.445839
        ]
      },
      "properties": {
        "grid_id": "HYD_0554",
        "rank": 1340,
        "priority_score": 0.3473,
        "priority_level": "LOW",
        "recommendation": "ROUTINE_OBSERVATION",
        "period": "2020_2026",
        "reasons": [
          "SPATIAL_ANOMALY"
        ],
        "overall_anomaly": 0.5761,
        "headline": "Minor baseline surface variation"
      }
    },
    {
      "type": "Feature",
      "geometry": {
        "type": "Point",
        "coordinates": [
          78.440677,
          17.422192
        ]
      },
      "properties": {
        "grid_id": "HYD_0751",
        "rank": 1341,
        "priority_score": 0.3471,
        "priority_level": "LOW",
        "recommendation": "ROUTINE_OBSERVATION",
        "period": "2020_2026",
        "reasons": [
          "SPATIAL_ANOMALY",
          "CYCLICAL_REVERSAL_DAMPENED"
        ],
        "overall_anomaly": 0.5919,
        "headline": "Minor baseline surface variation"
      }
    },
    {
      "type": "Feature",
      "geometry": {
        "type": "Point",
        "coordinates": [
          78.445945,
          17.381617
        ]
      },
      "properties": {
        "grid_id": "HYD_1139",
        "rank": 1342,
        "priority_score": 0.3469,
        "priority_level": "LOW",
        "recommendation": "ROUTINE_OBSERVATION",
        "period": "2020_2026",
        "reasons": [
          "SPATIAL_ANOMALY"
        ],
        "overall_anomaly": 0.5758,
        "headline": "Minor baseline surface variation"
      }
    },
    {
      "type": "Feature",
      "geometry": {
        "type": "Point",
        "coordinates": [
          78.529617,
          17.454928
        ]
      },
      "properties": {
        "grid_id": "HYD_0469",
        "rank": 1343,
        "priority_score": 0.3466,
        "priority_level": "LOW",
        "recommendation": "ROUTINE_OBSERVATION",
        "period": "2020_2026",
        "reasons": [
          "SPATIAL_ANOMALY",
          "CYCLICAL_REVERSAL_DAMPENED"
        ],
        "overall_anomaly": 0.5929,
        "headline": "Minor baseline surface variation"
      }
    },
    {
      "type": "Feature",
      "geometry": {
        "type": "Point",
        "coordinates": [
          78.498039,
          17.355181
        ]
      },
      "properties": {
        "grid_id": "HYD_1408",
        "rank": 1344,
        "priority_score": 0.3466,
        "priority_level": "LOW",
        "recommendation": "ROUTINE_OBSERVATION",
        "period": "2020_2026",
        "reasons": [
          "SPATIAL_ANOMALY"
        ],
        "overall_anomaly": 0.5703,
        "headline": "Minor baseline surface variation"
      }
    },
    {
      "type": "Feature",
      "geometry": {
        "type": "Point",
        "coordinates": [
          78.436226,
          17.404072
        ]
      },
      "properties": {
        "grid_id": "HYD_0922",
        "rank": 1345,
        "priority_score": 0.3465,
        "priority_level": "LOW",
        "recommendation": "ROUTINE_OBSERVATION",
        "period": "2020_2026",
        "reasons": [
          "SPATIAL_ANOMALY",
          "CYCLICAL_REVERSAL_DAMPENED"
        ],
        "overall_anomaly": 0.5878,
        "headline": "Minor baseline surface variation"
      }
    },
    {
      "type": "Feature",
      "geometry": {
        "type": "Point",
        "coordinates": [
          78.40254,
          17.457825
        ]
      },
      "properties": {
        "grid_id": "HYD_0399",
        "rank": 1346,
        "priority_score": 0.3464,
        "priority_level": "LOW",
        "recommendation": "ROUTINE_OBSERVATION",
        "period": "2020_2026",
        "reasons": [
          "SPATIAL_ANOMALY",
          "CYCLICAL_REVERSAL_DAMPENED"
        ],
        "overall_anomaly": 0.5744,
        "headline": "Minor baseline surface variation"
      }
    },
    {
      "type": "Feature",
      "geometry": {
        "type": "Point",
        "coordinates": [
          78.402027,
          17.493944
        ]
      },
      "properties": {
        "grid_id": "HYD_0055",
        "rank": 1347,
        "priority_score": 0.3461,
        "priority_level": "LOW",
        "recommendation": "ROUTINE_OBSERVATION",
        "period": "2020_2026",
        "reasons": [
          "SPATIAL_ANOMALY",
          "CYCLICAL_REVERSAL_DAMPENED"
        ],
        "overall_anomaly": 0.5837,
        "headline": "Minor baseline surface variation"
      }
    },
    {
      "type": "Feature",
      "geometry": {
        "type": "Point",
        "coordinates": [
          78.543731,
          17.455103
        ]
      },
      "properties": {
        "grid_id": "HYD_0472",
        "rank": 1348,
        "priority_score": 0.346,
        "priority_level": "LOW",
        "recommendation": "ROUTINE_OBSERVATION",
        "period": "2020_2026",
        "reasons": [
          "SPATIAL_ANOMALY",
          "CYCLICAL_REVERSAL_DAMPENED"
        ],
        "overall_anomaly": 0.589,
        "headline": "Minor baseline surface variation"
      }
    },
    {
      "type": "Feature",
      "geometry": {
        "type": "Point",
        "coordinates": [
          78.534989,
          17.405317
        ]
      },
      "properties": {
        "grid_id": "HYD_0943",
        "rank": 1349,
        "priority_score": 0.3459,
        "priority_level": "LOW",
        "recommendation": "ROUTINE_OBSERVATION",
        "period": "2020_2026",
        "reasons": [
          "SPATIAL_ANOMALY",
          "CYCLICAL_REVERSAL_DAMPENED"
        ],
        "overall_anomaly": 0.5868,
        "headline": "Minor baseline surface variation"
      }
    },
    {
      "type": "Feature",
      "geometry": {
        "type": "Point",
        "coordinates": [
          78.435721,
          17.440192
        ]
      },
      "properties": {
        "grid_id": "HYD_0578",
        "rank": 1350,
        "priority_score": 0.3459,
        "priority_level": "LOW",
        "recommendation": "ROUTINE_OBSERVATION",
        "period": "2020_2026",
        "reasons": [
          "SPATIAL_ANOMALY",
          "CYCLICAL_REVERSAL_DAMPENED"
        ],
        "overall_anomaly": 0.5746,
        "headline": "Minor baseline surface variation"
      }
    },
    {
      "type": "Feature",
      "geometry": {
        "type": "Point",
        "coordinates": [
          78.540356,
          17.355706
        ]
      },
      "properties": {
        "grid_id": "HYD_1417",
        "rank": 1351,
        "priority_score": 0.3458,
        "priority_level": "LOW",
        "recommendation": "ROUTINE_OBSERVATION",
        "period": "2020_2026",
        "reasons": [
          "SPATIAL_ANOMALY"
        ],
        "overall_anomaly": 0.5716,
        "headline": "Minor baseline surface variation"
      }
    },
    {
      "type": "Feature",
      "geometry": {
        "type": "Point",
        "coordinates": [
          78.535171,
          17.391771
        ]
      },
      "properties": {
        "grid_id": "HYD_1072",
        "rank": 1352,
        "priority_score": 0.3455,
        "priority_level": "LOW",
        "recommendation": "ROUTINE_OBSERVATION",
        "period": "2020_2026",
        "reasons": [
          "SPATIAL_ANOMALY"
        ],
        "overall_anomaly": 0.5795,
        "headline": "Minor baseline surface variation"
      }
    },
    {
      "type": "Feature",
      "geometry": {
        "type": "Point",
        "coordinates": [
          78.431081,
          17.435616
        ]
      },
      "properties": {
        "grid_id": "HYD_0620",
        "rank": 1353,
        "priority_score": 0.3451,
        "priority_level": "LOW",
        "recommendation": "ROUTINE_OBSERVATION",
        "period": "2020_2026",
        "reasons": [
          "SPATIAL_ANOMALY",
          "CYCLICAL_REVERSAL_DAMPENED"
        ],
        "overall_anomaly": 0.5719,
        "headline": "Minor baseline surface variation"
      }
    },
    {
      "type": "Feature",
      "geometry": {
        "type": "Point",
        "coordinates": [
          78.453846,
          17.490099
        ]
      },
      "properties": {
        "grid_id": "HYD_0109",
        "rank": 1354,
        "priority_score": 0.3448,
        "priority_level": "LOW",
        "recommendation": "ROUTINE_OBSERVATION",
        "period": "2020_2026",
        "reasons": [
          "SPATIAL_ANOMALY",
          "CYCLICAL_REVERSAL_DAMPENED"
        ],
        "overall_anomaly": 0.5786,
        "headline": "Minor baseline surface variation"
      }
    },
    {
      "type": "Feature",
      "geometry": {
        "type": "Point",
        "coordinates": [
          78.416843,
          17.444464
        ]
      },
      "properties": {
        "grid_id": "HYD_0531",
        "rank": 1355,
        "priority_score": 0.3445,
        "priority_level": "LOW",
        "recommendation": "ROUTINE_OBSERVATION",
        "period": "2020_2026",
        "reasons": [
          "SPATIAL_ANOMALY",
          "CYCLICAL_REVERSAL_DAMPENED"
        ],
        "overall_anomaly": 0.5733,
        "headline": "Minor baseline surface variation"
      }
    },
    {
      "type": "Feature",
      "geometry": {
        "type": "Point",
        "coordinates": [
          78.397322,
          17.493882
        ]
      },
      "properties": {
        "grid_id": "HYD_0054",
        "rank": 1356,
        "priority_score": 0.3443,
        "priority_level": "LOW",
        "recommendation": "ROUTINE_OBSERVATION",
        "period": "2020_2026",
        "reasons": [
          "SPATIAL_ANOMALY",
          "CYCLICAL_REVERSAL_DAMPENED"
        ],
        "overall_anomaly": 0.5719,
        "headline": "Minor baseline surface variation"
      }
    },
    {
      "type": "Feature",
      "geometry": {
        "type": "Point",
        "coordinates": [
          78.524424,
          17.490992
        ]
      },
      "properties": {
        "grid_id": "HYD_0124",
        "rank": 1357,
        "priority_score": 0.344,
        "priority_level": "LOW",
        "recommendation": "ROUTINE_OBSERVATION",
        "period": "2020_2026",
        "reasons": [
          "SPATIAL_ANOMALY",
          "CYCLICAL_REVERSAL_DAMPENED"
        ],
        "overall_anomaly": 0.5947,
        "headline": "Minor baseline surface variation"
      }
    },
    {
      "type": "Feature",
      "geometry": {
        "type": "Point",
        "coordinates": [
          78.539208,
          17.441498
        ]
      },
      "properties": {
        "grid_id": "HYD_0600",
        "rank": 1358,
        "priority_score": 0.3438,
        "priority_level": "LOW",
        "recommendation": "ROUTINE_OBSERVATION",
        "period": "2020_2026",
        "reasons": [
          "SPATIAL_ANOMALY"
        ],
        "overall_anomaly": 0.5729,
        "headline": "Minor baseline surface variation"
      }
    },
    {
      "type": "Feature",
      "geometry": {
        "type": "Point",
        "coordinates": [
          78.524485,
          17.486477
        ]
      },
      "properties": {
        "grid_id": "HYD_0167",
        "rank": 1359,
        "priority_score": 0.3438,
        "priority_level": "LOW",
        "recommendation": "ROUTINE_OBSERVATION",
        "period": "2020_2026",
        "reasons": [
          "SPATIAL_ANOMALY"
        ],
        "overall_anomaly": 0.5723,
        "headline": "Minor baseline surface variation"
      }
    },
    {
      "type": "Feature",
      "geometry": {
        "type": "Point",
        "coordinates": [
          78.501944,
          17.413938
        ]
      },
      "properties": {
        "grid_id": "HYD_0850",
        "rank": 1360,
        "priority_score": 0.3438,
        "priority_level": "LOW",
        "recommendation": "ROUTINE_OBSERVATION",
        "period": "2020_2026",
        "reasons": [
          "SPATIAL_ANOMALY"
        ],
        "overall_anomaly": 0.5716,
        "headline": "Minor baseline surface variation"
      }
    },
    {
      "type": "Feature",
      "geometry": {
        "type": "Point",
        "coordinates": [
          78.468211,
          17.472219
        ]
      },
      "properties": {
        "grid_id": "HYD_0284",
        "rank": 1361,
        "priority_score": 0.3437,
        "priority_level": "LOW",
        "recommendation": "ROUTINE_OBSERVATION",
        "period": "2020_2026",
        "reasons": [
          "SPATIAL_ANOMALY",
          "CYCLICAL_REVERSAL_DAMPENED"
        ],
        "overall_anomaly": 0.6371,
        "headline": "Minor baseline surface variation"
      }
    },
    {
      "type": "Feature",
      "geometry": {
        "type": "Point",
        "coordinates": [
          78.463131,
          17.49925
        ]
      },
      "properties": {
        "grid_id": "HYD_0025",
        "rank": 1362,
        "priority_score": 0.3437,
        "priority_level": "LOW",
        "recommendation": "ROUTINE_OBSERVATION",
        "period": "2020_2026",
        "reasons": [
          "SPATIAL_ANOMALY",
          "CYCLICAL_REVERSAL_DAMPENED"
        ],
        "overall_anomaly": 0.5743,
        "headline": "Minor baseline surface variation"
      }
    },
    {
      "type": "Feature",
      "geometry": {
        "type": "Point",
        "coordinates": [
          78.521001,
          17.396112
        ]
      },
      "properties": {
        "grid_id": "HYD_1026",
        "rank": 1363,
        "priority_score": 0.3435,
        "priority_level": "LOW",
        "recommendation": "ROUTINE_OBSERVATION",
        "period": "2020_2026",
        "reasons": [
          "SPATIAL_ANOMALY",
          "CYCLICAL_REVERSAL_DAMPENED"
        ],
        "overall_anomaly": 0.575,
        "headline": "Minor baseline surface variation"
      }
    },
    {
      "type": "Feature",
      "geometry": {
        "type": "Point",
        "coordinates": [
          78.440803,
          17.413162
        ]
      },
      "properties": {
        "grid_id": "HYD_0837",
        "rank": 1364,
        "priority_score": 0.3434,
        "priority_level": "LOW",
        "recommendation": "ROUTINE_OBSERVATION",
        "period": "2020_2026",
        "reasons": [
          "SPATIAL_ANOMALY",
          "CYCLICAL_REVERSAL_DAMPENED"
        ],
        "overall_anomaly": 0.5836,
        "headline": "Minor baseline surface variation"
      }
    },
    {
      "type": "Feature",
      "geometry": {
        "type": "Point",
        "coordinates": [
          78.535708,
          17.351584
        ]
      },
      "properties": {
        "grid_id": "HYD_1459",
        "rank": 1365,
        "priority_score": 0.3434,
        "priority_level": "LOW",
        "recommendation": "ROUTINE_OBSERVATION",
        "period": "2020_2026",
        "reasons": [
          "SPATIAL_ANOMALY"
        ],
        "overall_anomaly": 0.5683,
        "headline": "Minor baseline surface variation"
      }
    },
    {
      "type": "Feature",
      "geometry": {
        "type": "Point",
        "coordinates": [
          78.506095,
          17.454634
        ]
      },
      "properties": {
        "grid_id": "HYD_0464",
        "rank": 1366,
        "priority_score": 0.3433,
        "priority_level": "LOW",
        "recommendation": "ROUTINE_OBSERVATION",
        "period": "2020_2026",
        "reasons": [
          "SPATIAL_ANOMALY"
        ],
        "overall_anomaly": 0.5735,
        "headline": "Minor baseline surface variation"
      }
    },
    {
      "type": "Feature",
      "geometry": {
        "type": "Point",
        "coordinates": [
          78.45999,
          17.386312
        ]
      },
      "properties": {
        "grid_id": "HYD_1099",
        "rank": 1367,
        "priority_score": 0.3433,
        "priority_level": "LOW",
        "recommendation": "ROUTINE_OBSERVATION",
        "period": "2020_2026",
        "reasons": [
          "SPATIAL_ANOMALY"
        ],
        "overall_anomaly": 0.5646,
        "headline": "Minor baseline surface variation"
      }
    },
    {
      "type": "Feature",
      "geometry": {
        "type": "Point",
        "coordinates": [
          78.477247,
          17.49943
        ]
      },
      "properties": {
        "grid_id": "HYD_0028",
        "rank": 1368,
        "priority_score": 0.3431,
        "priority_level": "LOW",
        "recommendation": "ROUTINE_OBSERVATION",
        "period": "2020_2026",
        "reasons": [
          "SPATIAL_ANOMALY",
          "CYCLICAL_REVERSAL_DAMPENED"
        ],
        "overall_anomaly": 0.581,
        "headline": "Minor baseline surface variation"
      }
    },
    {
      "type": "Feature",
      "geometry": {
        "type": "Point",
        "coordinates": [
          78.526129,
          17.364562
        ]
      },
      "properties": {
        "grid_id": "HYD_1328",
        "rank": 1369,
        "priority_score": 0.3431,
        "priority_level": "LOW",
        "recommendation": "ROUTINE_OBSERVATION",
        "period": "2020_2026",
        "reasons": [
          "SPATIAL_ANOMALY",
          "CYCLICAL_REVERSAL_DAMPENED"
        ],
        "overall_anomaly": 0.5774,
        "headline": "Minor baseline surface variation"
      }
    },
    {
      "type": "Feature",
      "geometry": {
        "type": "Point",
        "coordinates": [
          78.374251,
          17.461969
        ]
      },
      "properties": {
        "grid_id": "HYD_0350",
        "rank": 1370,
        "priority_score": 0.343,
        "priority_level": "LOW",
        "recommendation": "ROUTINE_OBSERVATION",
        "period": "2020_2026",
        "reasons": [
          "SPATIAL_ANOMALY",
          "CYCLICAL_REVERSAL_DAMPENED"
        ],
        "overall_anomaly": 0.5811,
        "headline": "Minor baseline surface variation"
      }
    },
    {
      "type": "Feature",
      "geometry": {
        "type": "Point",
        "coordinates": [
          78.511412,
          17.40954
        ]
      },
      "properties": {
        "grid_id": "HYD_0895",
        "rank": 1371,
        "priority_score": 0.3427,
        "priority_level": "LOW",
        "recommendation": "ROUTINE_OBSERVATION",
        "period": "2020_2026",
        "reasons": [
          "SPATIAL_ANOMALY",
          "CYCLICAL_REVERSAL_DAMPENED"
        ],
        "overall_anomaly": 0.5695,
        "headline": "Minor baseline surface variation"
      }
    },
    {
      "type": "Feature",
      "geometry": {
        "type": "Point",
        "coordinates": [
          78.540055,
          17.378283
        ]
      },
      "properties": {
        "grid_id": "HYD_1202",
        "rank": 1372,
        "priority_score": 0.3425,
        "priority_level": "LOW",
        "recommendation": "ROUTINE_OBSERVATION",
        "period": "2020_2026",
        "reasons": [
          "SPATIAL_ANOMALY",
          "CYCLICAL_REVERSAL_DAMPENED"
        ],
        "overall_anomaly": 0.5727,
        "headline": "Minor baseline surface variation"
      }
    },
    {
      "type": "Feature",
      "geometry": {
        "type": "Point",
        "coordinates": [
          78.506648,
          17.413997
        ]
      },
      "properties": {
        "grid_id": "HYD_0851",
        "rank": 1373,
        "priority_score": 0.3423,
        "priority_level": "LOW",
        "recommendation": "ROUTINE_OBSERVATION",
        "period": "2020_2026",
        "reasons": [
          "SPATIAL_ANOMALY"
        ],
        "overall_anomaly": 0.5676,
        "headline": "Minor baseline surface variation"
      }
    },
    {
      "type": "Feature",
      "geometry": {
        "type": "Point",
        "coordinates": [
          78.515871,
          17.42766
        ]
      },
      "properties": {
        "grid_id": "HYD_0724",
        "rank": 1374,
        "priority_score": 0.342,
        "priority_level": "LOW",
        "recommendation": "ROUTINE_OBSERVATION",
        "period": "2020_2026",
        "reasons": [
          "SPATIAL_ANOMALY"
        ],
        "overall_anomaly": 0.5773,
        "headline": "Minor baseline surface variation"
      }
    },
    {
      "type": "Feature",
      "geometry": {
        "type": "Point",
        "coordinates": [
          78.487525,
          17.436337
        ]
      },
      "properties": {
        "grid_id": "HYD_0632",
        "rank": 1375,
        "priority_score": 0.3417,
        "priority_level": "LOW",
        "recommendation": "ROUTINE_OBSERVATION",
        "period": "2020_2026",
        "reasons": [
          "SPATIAL_ANOMALY"
        ],
        "overall_anomaly": 0.5575,
        "headline": "Minor baseline surface variation"
      }
    },
    {
      "type": "Feature",
      "geometry": {
        "type": "Point",
        "coordinates": [
          78.515626,
          17.445722
        ]
      },
      "properties": {
        "grid_id": "HYD_0552",
        "rank": 1376,
        "priority_score": 0.3414,
        "priority_level": "LOW",
        "recommendation": "ROUTINE_OBSERVATION",
        "period": "2020_2026",
        "reasons": [
          "SPATIAL_ANOMALY",
          "CYCLICAL_REVERSAL_DAMPENED"
        ],
        "overall_anomaly": 0.577,
        "headline": "Minor baseline surface variation"
      }
    },
    {
      "type": "Feature",
      "geometry": {
        "type": "Point",
        "coordinates": [
          78.543549,
          17.468649
        ]
      },
      "properties": {
        "grid_id": "HYD_0343",
        "rank": 1377,
        "priority_score": 0.3413,
        "priority_level": "LOW",
        "recommendation": "ROUTINE_OBSERVATION",
        "period": "2020_2026",
        "reasons": [
          "SPATIAL_ANOMALY"
        ],
        "overall_anomaly": 0.5672,
        "headline": "Minor baseline surface variation"
      }
    },
    {
      "type": "Feature",
      "geometry": {
        "type": "Point",
        "coordinates": [
          78.359879,
          17.479841
        ]
      },
      "properties": {
        "grid_id": "HYD_0175",
        "rank": 1378,
        "priority_score": 0.3413,
        "priority_level": "LOW",
        "recommendation": "ROUTINE_OBSERVATION",
        "period": "2020_2026",
        "reasons": [
          "SPATIAL_ANOMALY"
        ],
        "overall_anomaly": 0.5626,
        "headline": "Minor baseline surface variation"
      }
    },
    {
      "type": "Feature",
      "geometry": {
        "type": "Point",
        "coordinates": [
          78.491735,
          17.472518
        ]
      },
      "properties": {
        "grid_id": "HYD_0289",
        "rank": 1379,
        "priority_score": 0.341,
        "priority_level": "LOW",
        "recommendation": "ROUTINE_OBSERVATION",
        "period": "2020_2026",
        "reasons": [
          "SPATIAL_ANOMALY",
          "CYCLICAL_REVERSAL_DAMPENED"
        ],
        "overall_anomaly": 0.5967,
        "headline": "Minor baseline surface variation"
      }
    },
    {
      "type": "Feature",
      "geometry": {
        "type": "Point",
        "coordinates": [
          78.431775,
          17.385951
        ]
      },
      "properties": {
        "grid_id": "HYD_1093",
        "rank": 1380,
        "priority_score": 0.3409,
        "priority_level": "LOW",
        "recommendation": "ROUTINE_OBSERVATION",
        "period": "2020_2026",
        "reasons": [
          "SPATIAL_ANOMALY"
        ],
        "overall_anomaly": 0.5708,
        "headline": "Minor baseline surface variation"
      }
    },
    {
      "type": "Feature",
      "geometry": {
        "type": "Point",
        "coordinates": [
          78.450585,
          17.386192
        ]
      },
      "properties": {
        "grid_id": "HYD_1097",
        "rank": 1381,
        "priority_score": 0.3408,
        "priority_level": "LOW",
        "recommendation": "ROUTINE_OBSERVATION",
        "period": "2020_2026",
        "reasons": [
          "SPATIAL_ANOMALY"
        ],
        "overall_anomaly": 0.5674,
        "headline": "Minor baseline surface variation"
      }
    },
    {
      "type": "Feature",
      "geometry": {
        "type": "Point",
        "coordinates": [
          78.520331,
          17.44578
        ]
      },
      "properties": {
        "grid_id": "HYD_0553",
        "rank": 1382,
        "priority_score": 0.3389,
        "priority_level": "LOW",
        "recommendation": "ROUTINE_OBSERVATION",
        "period": "2020_2026",
        "reasons": [
          "SPATIAL_ANOMALY"
        ],
        "overall_anomaly": 0.5613,
        "headline": "Minor baseline surface variation"
      }
    },
    {
      "type": "Feature",
      "geometry": {
        "type": "Point",
        "coordinates": [
          78.403371,
          17.399131
        ]
      },
      "properties": {
        "grid_id": "HYD_0958",
        "rank": 1383,
        "priority_score": 0.3386,
        "priority_level": "LOW",
        "recommendation": "ROUTINE_OBSERVATION",
        "period": "2020_2026",
        "reasons": [
          "SPATIAL_ANOMALY",
          "CYCLICAL_REVERSAL_DAMPENED"
        ],
        "overall_anomaly": 0.5675,
        "headline": "Minor baseline surface variation"
      }
    },
    {
      "type": "Feature",
      "geometry": {
        "type": "Point",
        "coordinates": [
          78.511351,
          17.414056
        ]
      },
      "properties": {
        "grid_id": "HYD_0852",
        "rank": 1384,
        "priority_score": 0.3379,
        "priority_level": "LOW",
        "recommendation": "ROUTINE_OBSERVATION",
        "period": "2020_2026",
        "reasons": [
          "SPATIAL_ANOMALY"
        ],
        "overall_anomaly": 0.5552,
        "headline": "Minor baseline surface variation"
      }
    },
    {
      "type": "Feature",
      "geometry": {
        "type": "Point",
        "coordinates": [
          78.425934,
          17.467161
        ]
      },
      "properties": {
        "grid_id": "HYD_0318",
        "rank": 1385,
        "priority_score": 0.3371,
        "priority_level": "LOW",
        "recommendation": "ROUTINE_OBSERVATION",
        "period": "2020_2026",
        "reasons": [
          "SPATIAL_ANOMALY"
        ],
        "overall_anomaly": 0.5549,
        "headline": "Minor baseline surface variation"
      }
    },
    {
      "type": "Feature",
      "geometry": {
        "type": "Point",
        "coordinates": [
          78.434899,
          17.498887
        ]
      },
      "properties": {
        "grid_id": "HYD_0019",
        "rank": 1386,
        "priority_score": 0.3367,
        "priority_level": "LOW",
        "recommendation": "ROUTINE_OBSERVATION",
        "period": "2020_2026",
        "reasons": [
          "SPATIAL_ANOMALY",
          "CYCLICAL_REVERSAL_DAMPENED"
        ],
        "overall_anomaly": 0.6001,
        "headline": "Minor baseline surface variation"
      }
    },
    {
      "type": "Feature",
      "geometry": {
        "type": "Point",
        "coordinates": [
          78.450772,
          17.372647
        ]
      },
      "properties": {
        "grid_id": "HYD_1226",
        "rank": 1387,
        "priority_score": 0.3366,
        "priority_level": "LOW",
        "recommendation": "ROUTINE_OBSERVATION",
        "period": "2020_2026",
        "reasons": [
          "SPATIAL_ANOMALY"
        ],
        "overall_anomaly": 0.5613,
        "headline": "Minor baseline surface variation"
      }
    },
    {
      "type": "Feature",
      "geometry": {
        "type": "Point",
        "coordinates": [
          78.492907,
          17.386728
        ]
      },
      "properties": {
        "grid_id": "HYD_1106",
        "rank": 1388,
        "priority_score": 0.3362,
        "priority_level": "LOW",
        "recommendation": "ROUTINE_OBSERVATION",
        "period": "2020_2026",
        "reasons": [
          "SPATIAL_ANOMALY"
        ],
        "overall_anomaly": 0.5532,
        "headline": "Minor baseline surface variation"
      }
    },
    {
      "type": "Feature",
      "geometry": {
        "type": "Point",
        "coordinates": [
          78.430384,
          17.485281
        ]
      },
      "properties": {
        "grid_id": "HYD_0147",
        "rank": 1389,
        "priority_score": 0.3361,
        "priority_level": "LOW",
        "recommendation": "ROUTINE_OBSERVATION",
        "period": "2020_2026",
        "reasons": [
          "SPATIAL_ANOMALY",
          "CYCLICAL_REVERSAL_DAMPENED"
        ],
        "overall_anomaly": 0.603,
        "headline": "Minor baseline surface variation"
      }
    },
    {
      "type": "Feature",
      "geometry": {
        "type": "Point",
        "coordinates": [
          78.474221,
          17.377461
        ]
      },
      "properties": {
        "grid_id": "HYD_1188",
        "rank": 1390,
        "priority_score": 0.3358,
        "priority_level": "LOW",
        "recommendation": "ROUTINE_OBSERVATION",
        "period": "2020_2026",
        "reasons": [
          "SPATIAL_ANOMALY",
          "CYCLICAL_REVERSAL_DAMPENED"
        ],
        "overall_anomaly": 0.5571,
        "headline": "Minor baseline surface variation"
      }
    },
    {
      "type": "Feature",
      "geometry": {
        "type": "Point",
        "coordinates": [
          78.479288,
          17.350881
        ]
      },
      "properties": {
        "grid_id": "HYD_1447",
        "rank": 1391,
        "priority_score": 0.3357,
        "priority_level": "LOW",
        "recommendation": "ROUTINE_OBSERVATION",
        "period": "2020_2026",
        "reasons": [
          "SPATIAL_ANOMALY"
        ],
        "overall_anomaly": 0.5494,
        "headline": "Minor baseline surface variation"
      }
    },
    {
      "type": "Feature",
      "geometry": {
        "type": "Point",
        "coordinates": [
          78.441306,
          17.377042
        ]
      },
      "properties": {
        "grid_id": "HYD_1181",
        "rank": 1392,
        "priority_score": 0.3356,
        "priority_level": "LOW",
        "recommendation": "ROUTINE_OBSERVATION",
        "period": "2020_2026",
        "reasons": [
          "SPATIAL_ANOMALY"
        ],
        "overall_anomaly": 0.561,
        "headline": "Minor baseline surface variation"
      }
    },
    {
      "type": "Feature",
      "geometry": {
        "type": "Point",
        "coordinates": [
          78.496625,
          17.459031
        ]
      },
      "properties": {
        "grid_id": "HYD_0419",
        "rank": 1393,
        "priority_score": 0.3353,
        "priority_level": "LOW",
        "recommendation": "ROUTINE_OBSERVATION",
        "period": "2020_2026",
        "reasons": [
          "SPATIAL_ANOMALY"
        ],
        "overall_anomaly": 0.561,
        "headline": "Minor baseline surface variation"
      }
    },
    {
      "type": "Feature",
      "geometry": {
        "type": "Point",
        "coordinates": [
          78.402091,
          17.489429
        ]
      },
      "properties": {
        "grid_id": "HYD_0098",
        "rank": 1394,
        "priority_score": 0.3352,
        "priority_level": "LOW",
        "recommendation": "ROUTINE_OBSERVATION",
        "period": "2020_2026",
        "reasons": [
          "SPATIAL_ANOMALY",
          "CYCLICAL_REVERSAL_DAMPENED"
        ],
        "overall_anomaly": 0.5633,
        "headline": "Minor baseline surface variation"
      }
    },
    {
      "type": "Feature",
      "geometry": {
        "type": "Point",
        "coordinates": [
          78.455225,
          17.390767
        ]
      },
      "properties": {
        "grid_id": "HYD_1055",
        "rank": 1395,
        "priority_score": 0.335,
        "priority_level": "LOW",
        "recommendation": "ROUTINE_OBSERVATION",
        "period": "2020_2026",
        "reasons": [
          "SPATIAL_ANOMALY"
        ],
        "overall_anomaly": 0.561,
        "headline": "Minor baseline surface variation"
      }
    },
    {
      "type": "Feature",
      "geometry": {
        "type": "Point",
        "coordinates": [
          78.426314,
          17.440071
        ]
      },
      "properties": {
        "grid_id": "HYD_0576",
        "rank": 1396,
        "priority_score": 0.3347,
        "priority_level": "LOW",
        "recommendation": "ROUTINE_OBSERVATION",
        "period": "2020_2026",
        "reasons": [
          "SPATIAL_ANOMALY"
        ],
        "overall_anomaly": 0.5571,
        "headline": "Minor baseline surface variation"
      }
    },
    {
      "type": "Feature",
      "geometry": {
        "type": "Point",
        "coordinates": [
          78.497179,
          17.418394
        ]
      },
      "properties": {
        "grid_id": "HYD_0806",
        "rank": 1397,
        "priority_score": 0.3346,
        "priority_level": "LOW",
        "recommendation": "ROUTINE_OBSERVATION",
        "period": "2020_2026",
        "reasons": [
          "SPATIAL_ANOMALY"
        ],
        "overall_anomaly": 0.5499,
        "headline": "Minor baseline surface variation"
      }
    },
    {
      "type": "Feature",
      "geometry": {
        "type": "Point",
        "coordinates": [
          78.4361,
          17.413102
        ]
      },
      "properties": {
        "grid_id": "HYD_0836",
        "rank": 1398,
        "priority_score": 0.3343,
        "priority_level": "LOW",
        "recommendation": "ROUTINE_OBSERVATION",
        "period": "2020_2026",
        "reasons": [
          "SPATIAL_ANOMALY",
          "CYCLICAL_REVERSAL_DAMPENED"
        ],
        "overall_anomaly": 0.5633,
        "headline": "Minor baseline surface variation"
      }
    },
    {
      "type": "Feature",
      "geometry": {
        "type": "Point",
        "coordinates": [
          78.426441,
          17.431041
        ]
      },
      "properties": {
        "grid_id": "HYD_0662",
        "rank": 1399,
        "priority_score": 0.3337,
        "priority_level": "LOW",
        "recommendation": "ROUTINE_OBSERVATION",
        "period": "2020_2026",
        "reasons": [
          "SPATIAL_ANOMALY"
        ],
        "overall_anomaly": 0.5517,
        "headline": "Minor baseline surface variation"
      }
    },
    {
      "type": "Feature",
      "geometry": {
        "type": "Point",
        "coordinates": [
          78.479232,
          17.354944
        ]
      },
      "properties": {
        "grid_id": "HYD_1404",
        "rank": 1400,
        "priority_score": 0.3336,
        "priority_level": "LOW",
        "recommendation": "ROUTINE_OBSERVATION",
        "period": "2020_2026",
        "reasons": [
          "SPATIAL_ANOMALY"
        ],
        "overall_anomaly": 0.552,
        "headline": "Minor baseline surface variation"
      }
    },
    {
      "type": "Feature",
      "geometry": {
        "type": "Point",
        "coordinates": [
          78.361631,
          17.357942
        ]
      },
      "properties": {
        "grid_id": "HYD_1336",
        "rank": 1401,
        "priority_score": 0.3335,
        "priority_level": "LOW",
        "recommendation": "ROUTINE_OBSERVATION",
        "period": "2020_2026",
        "reasons": [
          "SPATIAL_ANOMALY",
          "CYCLICAL_REVERSAL_DAMPENED"
        ],
        "overall_anomaly": 0.5761,
        "headline": "Minor baseline surface variation"
      }
    },
    {
      "type": "Feature",
      "geometry": {
        "type": "Point",
        "coordinates": [
          78.472604,
          17.494855
        ]
      },
      "properties": {
        "grid_id": "HYD_0070",
        "rank": 1402,
        "priority_score": 0.3322,
        "priority_level": "LOW",
        "recommendation": "ROUTINE_OBSERVATION",
        "period": "2020_2026",
        "reasons": [
          "SPATIAL_ANOMALY",
          "CYCLICAL_REVERSAL_DAMPENED"
        ],
        "overall_anomaly": 0.5609,
        "headline": "Minor baseline surface variation"
      }
    },
    {
      "type": "Feature",
      "geometry": {
        "type": "Point",
        "coordinates": [
          78.539026,
          17.455045
        ]
      },
      "properties": {
        "grid_id": "HYD_0471",
        "rank": 1403,
        "priority_score": 0.3321,
        "priority_level": "LOW",
        "recommendation": "ROUTINE_OBSERVATION",
        "period": "2020_2026",
        "reasons": [
          "SPATIAL_ANOMALY",
          "CYCLICAL_REVERSAL_DAMPENED"
        ],
        "overall_anomaly": 0.5645,
        "headline": "Minor baseline surface variation"
      }
    },
    {
      "type": "Feature",
      "geometry": {
        "type": "Point",
        "coordinates": [
          78.43146,
          17.408526
        ]
      },
      "properties": {
        "grid_id": "HYD_0878",
        "rank": 1404,
        "priority_score": 0.332,
        "priority_level": "LOW",
        "recommendation": "ROUTINE_OBSERVATION",
        "period": "2020_2026",
        "reasons": [
          "SPATIAL_ANOMALY"
        ],
        "overall_anomaly": 0.5461,
        "headline": "Minor baseline surface variation"
      }
    },
    {
      "type": "Feature",
      "geometry": {
        "type": "Point",
        "coordinates": [
          78.453783,
          17.494615
        ]
      },
      "properties": {
        "grid_id": "HYD_0066",
        "rank": 1405,
        "priority_score": 0.3312,
        "priority_level": "LOW",
        "recommendation": "ROUTINE_OBSERVATION",
        "period": "2020_2026",
        "reasons": [
          "SPATIAL_ANOMALY",
          "CYCLICAL_REVERSAL_DAMPENED"
        ],
        "overall_anomaly": 0.569,
        "headline": "Minor baseline surface variation"
      }
    },
    {
      "type": "Feature",
      "geometry": {
        "type": "Point",
        "coordinates": [
          78.425489,
          17.498765
        ]
      },
      "properties": {
        "grid_id": "HYD_0017",
        "rank": 1406,
        "priority_score": 0.3312,
        "priority_level": "LOW",
        "recommendation": "ROUTINE_OBSERVATION",
        "period": "2020_2026",
        "reasons": [
          "SPATIAL_ANOMALY"
        ],
        "overall_anomaly": 0.5515,
        "headline": "Minor baseline surface variation"
      }
    },
    {
      "type": "Feature",
      "geometry": {
        "type": "Point",
        "coordinates": [
          78.477372,
          17.4904
        ]
      },
      "properties": {
        "grid_id": "HYD_0114",
        "rank": 1407,
        "priority_score": 0.3311,
        "priority_level": "LOW",
        "recommendation": "ROUTINE_OBSERVATION",
        "period": "2020_2026",
        "reasons": [
          "CYCLICAL_REVERSAL_DAMPENED"
        ],
        "overall_anomaly": 0.5742,
        "headline": "Minor baseline surface variation"
      }
    },
    {
      "type": "Feature",
      "geometry": {
        "type": "Point",
        "coordinates": [
          78.474586,
          17.350821
        ]
      },
      "properties": {
        "grid_id": "HYD_1446",
        "rank": 1408,
        "priority_score": 0.3307,
        "priority_level": "LOW",
        "recommendation": "ROUTINE_OBSERVATION",
        "period": "2020_2026",
        "reasons": [
          "SPATIAL_ANOMALY"
        ],
        "overall_anomaly": 0.5538,
        "headline": "Minor baseline surface variation"
      }
    },
    {
      "type": "Feature",
      "geometry": {
        "type": "Point",
        "coordinates": [
          78.43209,
          17.363376
        ]
      },
      "properties": {
        "grid_id": "HYD_1308",
        "rank": 1409,
        "priority_score": 0.3306,
        "priority_level": "LOW",
        "recommendation": "ROUTINE_OBSERVATION",
        "period": "2020_2026",
        "reasons": [
          "SPATIAL_ANOMALY"
        ],
        "overall_anomaly": 0.5482,
        "headline": "Minor baseline surface variation"
      }
    },
    {
      "type": "Feature",
      "geometry": {
        "type": "Point",
        "coordinates": [
          78.496933,
          17.436455
        ]
      },
      "properties": {
        "grid_id": "HYD_0634",
        "rank": 1410,
        "priority_score": 0.3295,
        "priority_level": "LOW",
        "recommendation": "ROUTINE_OBSERVATION",
        "period": "2020_2026",
        "reasons": [
          "SPATIAL_ANOMALY"
        ],
        "overall_anomaly": 0.5421,
        "headline": "Minor baseline surface variation"
      }
    },
    {
      "type": "Feature",
      "geometry": {
        "type": "Point",
        "coordinates": [
          78.436541,
          17.381497
        ]
      },
      "properties": {
        "grid_id": "HYD_1137",
        "rank": 1411,
        "priority_score": 0.328,
        "priority_level": "LOW",
        "recommendation": "ROUTINE_OBSERVATION",
        "period": "2020_2026",
        "reasons": [
          "SPATIAL_ANOMALY"
        ],
        "overall_anomaly": 0.542,
        "headline": "Minor baseline surface variation"
      }
    },
    {
      "type": "Feature",
      "geometry": {
        "type": "Point",
        "coordinates": [
          78.397386,
          17.489367
        ]
      },
      "properties": {
        "grid_id": "HYD_0097",
        "rank": 1412,
        "priority_score": 0.3268,
        "priority_level": "LOW",
        "recommendation": "ROUTINE_OBSERVATION",
        "period": "2020_2026",
        "reasons": [
          "SPATIAL_ANOMALY",
          "CYCLICAL_REVERSAL_DAMPENED"
        ],
        "overall_anomaly": 0.5505,
        "headline": "Minor baseline surface variation"
      }
    },
    {
      "type": "Feature",
      "geometry": {
        "type": "Point",
        "coordinates": [
          78.440929,
          17.404132
        ]
      },
      "properties": {
        "grid_id": "HYD_0923",
        "rank": 1413,
        "priority_score": 0.3266,
        "priority_level": "LOW",
        "recommendation": "ROUTINE_OBSERVATION",
        "period": "2020_2026",
        "reasons": [
          "SPATIAL_ANOMALY"
        ],
        "overall_anomaly": 0.548,
        "headline": "Minor baseline surface variation"
      }
    },
    {
      "type": "Feature",
      "geometry": {
        "type": "Point",
        "coordinates": [
          78.407372,
          17.448856
        ]
      },
      "properties": {
        "grid_id": "HYD_0486",
        "rank": 1414,
        "priority_score": 0.3263,
        "priority_level": "LOW",
        "recommendation": "ROUTINE_OBSERVATION",
        "period": "2020_2026",
        "reasons": [
          "SPATIAL_ANOMALY"
        ],
        "overall_anomaly": 0.5404,
        "headline": "Minor baseline surface variation"
      }
    },
    {
      "type": "Feature",
      "geometry": {
        "type": "Point",
        "coordinates": [
          78.412076,
          17.448918
        ]
      },
      "properties": {
        "grid_id": "HYD_0487",
        "rank": 1415,
        "priority_score": 0.326,
        "priority_level": "LOW",
        "recommendation": "ROUTINE_OBSERVATION",
        "period": "2020_2026",
        "reasons": [
          "SPATIAL_ANOMALY"
        ],
        "overall_anomaly": 0.5365,
        "headline": "Minor baseline surface variation"
      }
    },
    {
      "type": "Feature",
      "geometry": {
        "type": "Point",
        "coordinates": [
          78.505541,
          17.495272
        ]
      },
      "properties": {
        "grid_id": "HYD_0077",
        "rank": 1416,
        "priority_score": 0.3254,
        "priority_level": "LOW",
        "recommendation": "ROUTINE_OBSERVATION",
        "period": "2020_2026",
        "reasons": [
          "SPATIAL_ANOMALY",
          "CYCLICAL_REVERSAL_DAMPENED"
        ],
        "overall_anomaly": 0.5426,
        "headline": "Minor baseline surface variation"
      }
    },
    {
      "type": "Feature",
      "geometry": {
        "type": "Point",
        "coordinates": [
          78.416716,
          17.453494
        ]
      },
      "properties": {
        "grid_id": "HYD_0445",
        "rank": 1417,
        "priority_score": 0.3253,
        "priority_level": "LOW",
        "recommendation": "ROUTINE_OBSERVATION",
        "period": "2020_2026",
        "reasons": [
          "SPATIAL_ANOMALY"
        ],
        "overall_anomaly": 0.5348,
        "headline": "Minor baseline surface variation"
      }
    },
    {
      "type": "Feature",
      "geometry": {
        "type": "Point",
        "coordinates": [
          78.483934,
          17.355003
        ]
      },
      "properties": {
        "grid_id": "HYD_1405",
        "rank": 1418,
        "priority_score": 0.325,
        "priority_level": "LOW",
        "recommendation": "ROUTINE_OBSERVATION",
        "period": "2020_2026",
        "reasons": [
          "SPATIAL_ANOMALY"
        ],
        "overall_anomaly": 0.5344,
        "headline": "Minor baseline surface variation"
      }
    },
    {
      "type": "Feature",
      "geometry": {
        "type": "Point",
        "coordinates": [
          78.417795,
          17.376739
        ]
      },
      "properties": {
        "grid_id": "HYD_1176",
        "rank": 1419,
        "priority_score": 0.3248,
        "priority_level": "LOW",
        "recommendation": "ROUTINE_OBSERVATION",
        "period": "2020_2026",
        "reasons": [
          "SPATIAL_ANOMALY"
        ],
        "overall_anomaly": 0.5344,
        "headline": "Minor baseline surface variation"
      }
    },
    {
      "type": "Feature",
      "geometry": {
        "type": "Point",
        "coordinates": [
          78.515993,
          17.41863
        ]
      },
      "properties": {
        "grid_id": "HYD_0810",
        "rank": 1420,
        "priority_score": 0.3247,
        "priority_level": "LOW",
        "recommendation": "ROUTINE_OBSERVATION",
        "period": "2020_2026",
        "reasons": [
          "SPATIAL_ANOMALY"
        ],
        "overall_anomaly": 0.5322,
        "headline": "Minor baseline surface variation"
      }
    },
    {
      "type": "Feature",
      "geometry": {
        "type": "Point",
        "coordinates": [
          78.417478,
          17.399314
        ]
      },
      "properties": {
        "grid_id": "HYD_0961",
        "rank": 1421,
        "priority_score": 0.3244,
        "priority_level": "LOW",
        "recommendation": "ROUTINE_OBSERVATION",
        "period": "2020_2026",
        "reasons": [
          "SPATIAL_ANOMALY"
        ],
        "overall_anomaly": 0.5386,
        "headline": "Minor baseline surface variation"
      }
    },
    {
      "type": "Feature",
      "geometry": {
        "type": "Point",
        "coordinates": [
          78.450835,
          17.368132
        ]
      },
      "properties": {
        "grid_id": "HYD_1269",
        "rank": 1422,
        "priority_score": 0.3239,
        "priority_level": "LOW",
        "recommendation": "ROUTINE_OBSERVATION",
        "period": "2020_2026",
        "reasons": [
          "SPATIAL_ANOMALY",
          "CYCLICAL_REVERSAL_DAMPENED"
        ],
        "overall_anomaly": 0.5394,
        "headline": "Minor baseline surface variation"
      }
    },
    {
      "type": "Feature",
      "geometry": {
        "type": "Point",
        "coordinates": [
          78.45899,
          17.458554
        ]
      },
      "properties": {
        "grid_id": "HYD_0411",
        "rank": 1423,
        "priority_score": 0.3216,
        "priority_level": "LOW",
        "recommendation": "ROUTINE_OBSERVATION",
        "period": "2020_2026",
        "reasons": [
          "SPATIAL_ANOMALY"
        ],
        "overall_anomaly": 0.5421,
        "headline": "Minor baseline surface variation"
      }
    },
    {
      "type": "Feature",
      "geometry": {
        "type": "Point",
        "coordinates": [
          78.458426,
          17.49919
        ]
      },
      "properties": {
        "grid_id": "HYD_0024",
        "rank": 1424,
        "priority_score": 0.3212,
        "priority_level": "LOW",
        "recommendation": "ROUTINE_OBSERVATION",
        "period": "2020_2026",
        "reasons": [
          "SPATIAL_ANOMALY",
          "CYCLICAL_REVERSAL_DAMPENED"
        ],
        "overall_anomaly": 0.5387,
        "headline": "Minor baseline surface variation"
      }
    },
    {
      "type": "Feature",
      "geometry": {
        "type": "Point",
        "coordinates": [
          78.39886,
          17.385525
        ]
      },
      "properties": {
        "grid_id": "HYD_1086",
        "rank": 1425,
        "priority_score": 0.3208,
        "priority_level": "LOW",
        "recommendation": "ROUTINE_OBSERVATION",
        "period": "2020_2026",
        "reasons": [
          "SPATIAL_ANOMALY"
        ],
        "overall_anomaly": 0.5424,
        "headline": "Minor baseline surface variation"
      }
    },
    {
      "type": "Feature",
      "geometry": {
        "type": "Point",
        "coordinates": [
          78.384753,
          17.38534
        ]
      },
      "properties": {
        "grid_id": "HYD_1083",
        "rank": 1426,
        "priority_score": 0.3197,
        "priority_level": "LOW",
        "recommendation": "ROUTINE_OBSERVATION",
        "period": "2020_2026",
        "reasons": [
          "SPATIAL_ANOMALY",
          "CYCLICAL_REVERSAL_DAMPENED"
        ],
        "overall_anomaly": 0.5544,
        "headline": "Minor baseline surface variation"
      }
    },
    {
      "type": "Feature",
      "geometry": {
        "type": "Point",
        "coordinates": [
          78.483989,
          17.35094
        ]
      },
      "properties": {
        "grid_id": "HYD_1448",
        "rank": 1427,
        "priority_score": 0.3197,
        "priority_level": "LOW",
        "recommendation": "ROUTINE_OBSERVATION",
        "period": "2020_2026",
        "reasons": [
          "SPATIAL_ANOMALY"
        ],
        "overall_anomaly": 0.527,
        "headline": "Minor baseline surface variation"
      }
    },
    {
      "type": "Feature",
      "geometry": {
        "type": "Point",
        "coordinates": [
          78.530528,
          17.387198
        ]
      },
      "properties": {
        "grid_id": "HYD_1114",
        "rank": 1428,
        "priority_score": 0.3196,
        "priority_level": "LOW",
        "recommendation": "ROUTINE_OBSERVATION",
        "period": "2020_2026",
        "reasons": [
          "SPATIAL_ANOMALY"
        ],
        "overall_anomaly": 0.5264,
        "headline": "Minor baseline surface variation"
      }
    },
    {
      "type": "Feature",
      "geometry": {
        "type": "Point",
        "coordinates": [
          78.469885,
          17.350762
        ]
      },
      "properties": {
        "grid_id": "HYD_1445",
        "rank": 1429,
        "priority_score": 0.319,
        "priority_level": "LOW",
        "recommendation": "ROUTINE_OBSERVATION",
        "period": "2020_2026",
        "reasons": [
          "SPATIAL_ANOMALY"
        ],
        "overall_anomaly": 0.5363,
        "headline": "Minor baseline surface variation"
      }
    },
    {
      "type": "Feature",
      "geometry": {
        "type": "Point",
        "coordinates": [
          78.430194,
          17.498826
        ]
      },
      "properties": {
        "grid_id": "HYD_0018",
        "rank": 1430,
        "priority_score": 0.3186,
        "priority_level": "LOW",
        "recommendation": "ROUTINE_OBSERVATION",
        "period": "2020_2026",
        "reasons": [
          "SPATIAL_ANOMALY"
        ],
        "overall_anomaly": 0.5253,
        "headline": "Minor baseline surface variation"
      }
    },
    {
      "type": "Feature",
      "geometry": {
        "type": "Point",
        "coordinates": [
          78.412012,
          17.453432
        ]
      },
      "properties": {
        "grid_id": "HYD_0444",
        "rank": 1431,
        "priority_score": 0.318,
        "priority_level": "LOW",
        "recommendation": "ROUTINE_OBSERVATION",
        "period": "2020_2026",
        "reasons": [
          "SPATIAL_ANOMALY"
        ],
        "overall_anomaly": 0.5206,
        "headline": "Minor baseline surface variation"
      }
    },
    {
      "type": "Feature",
      "geometry": {
        "type": "Point",
        "coordinates": [
          78.525583,
          17.405201
        ]
      },
      "properties": {
        "grid_id": "HYD_0941",
        "rank": 1432,
        "priority_score": 0.3168,
        "priority_level": "LOW",
        "recommendation": "ROUTINE_OBSERVATION",
        "period": "2020_2026",
        "reasons": [
          "CYCLICAL_REVERSAL_DAMPENED"
        ],
        "overall_anomaly": 0.5619,
        "headline": "Minor baseline surface variation"
      }
    },
    {
      "type": "Feature",
      "geometry": {
        "type": "Point",
        "coordinates": [
          78.450647,
          17.381677
        ]
      },
      "properties": {
        "grid_id": "HYD_1140",
        "rank": 1433,
        "priority_score": 0.3168,
        "priority_level": "LOW",
        "recommendation": "ROUTINE_OBSERVATION",
        "period": "2020_2026",
        "reasons": [
          "SPATIAL_ANOMALY"
        ],
        "overall_anomaly": 0.5247,
        "headline": "Minor baseline surface variation"
      }
    },
    {
      "type": "Feature",
      "geometry": {
        "type": "Point",
        "coordinates": [
          78.445882,
          17.386132
        ]
      },
      "properties": {
        "grid_id": "HYD_1096",
        "rank": 1434,
        "priority_score": 0.3161,
        "priority_level": "LOW",
        "recommendation": "ROUTINE_OBSERVATION",
        "period": "2020_2026",
        "reasons": [
          "SPATIAL_ANOMALY"
        ],
        "overall_anomaly": 0.5242,
        "headline": "Minor baseline surface variation"
      }
    },
    {
      "type": "Feature",
      "geometry": {
        "type": "Point",
        "coordinates": [
          78.421229,
          17.4671
        ]
      },
      "properties": {
        "grid_id": "HYD_0317",
        "rank": 1435,
        "priority_score": 0.3161,
        "priority_level": "LOW",
        "recommendation": "ROUTINE_OBSERVATION",
        "period": "2020_2026",
        "reasons": [
          "SPATIAL_ANOMALY"
        ],
        "overall_anomaly": 0.5183,
        "headline": "Minor baseline surface variation"
      }
    },
    {
      "type": "Feature",
      "geometry": {
        "type": "Point",
        "coordinates": [
          78.468024,
          17.485765
        ]
      },
      "properties": {
        "grid_id": "HYD_0155",
        "rank": 1436,
        "priority_score": 0.3156,
        "priority_level": "LOW",
        "recommendation": "ROUTINE_OBSERVATION",
        "period": "2020_2026",
        "reasons": [
          "SPATIAL_ANOMALY",
          "CYCLICAL_REVERSAL_DAMPENED"
        ],
        "overall_anomaly": 0.5295,
        "headline": "Minor baseline surface variation"
      }
    },
    {
      "type": "Feature",
      "geometry": {
        "type": "Point",
        "coordinates": [
          78.459927,
          17.390827
        ]
      },
      "properties": {
        "grid_id": "HYD_1056",
        "rank": 1437,
        "priority_score": 0.3154,
        "priority_level": "LOW",
        "recommendation": "ROUTINE_OBSERVATION",
        "period": "2020_2026",
        "reasons": [
          "SPATIAL_ANOMALY"
        ],
        "overall_anomaly": 0.5222,
        "headline": "Minor baseline surface variation"
      }
    },
    {
      "type": "Feature",
      "geometry": {
        "type": "Point",
        "coordinates": [
          78.491487,
          17.490579
        ]
      },
      "properties": {
        "grid_id": "HYD_0117",
        "rank": 1438,
        "priority_score": 0.3105,
        "priority_level": "LOW",
        "recommendation": "ROUTINE_OBSERVATION",
        "period": "2020_2026",
        "reasons": [
          "CYCLICAL_REVERSAL_DAMPENED"
        ],
        "overall_anomaly": 0.546,
        "headline": "Minor baseline surface variation"
      }
    },
    {
      "type": "Feature",
      "geometry": {
        "type": "Point",
        "coordinates": [
          78.421483,
          17.44904
        ]
      },
      "properties": {
        "grid_id": "HYD_0489",
        "rank": 1439,
        "priority_score": 0.31,
        "priority_level": "LOW",
        "recommendation": "ROUTINE_OBSERVATION",
        "period": "2020_2026",
        "reasons": [
          "SPATIAL_ANOMALY"
        ],
        "overall_anomaly": 0.5106,
        "headline": "Minor baseline surface variation"
      }
    },
    {
      "type": "Feature",
      "geometry": {
        "type": "Point",
        "coordinates": [
          78.530286,
          17.405259
        ]
      },
      "properties": {
        "grid_id": "HYD_0942",
        "rank": 1440,
        "priority_score": 0.3094,
        "priority_level": "LOW",
        "recommendation": "ROUTINE_OBSERVATION",
        "period": "2020_2026",
        "reasons": [
          "CYCLICAL_REVERSAL_DAMPENED"
        ],
        "overall_anomaly": 0.553,
        "headline": "Minor baseline surface variation"
      }
    },
    {
      "type": "Feature",
      "geometry": {
        "type": "Point",
        "coordinates": [
          78.524913,
          17.45487
        ]
      },
      "properties": {
        "grid_id": "HYD_0468",
        "rank": 1441,
        "priority_score": 0.3081,
        "priority_level": "LOW",
        "recommendation": "ROUTINE_OBSERVATION",
        "period": "2020_2026",
        "reasons": [
          "SPATIAL_ANOMALY",
          "CYCLICAL_REVERSAL_DAMPENED"
        ],
        "overall_anomaly": 0.5189,
        "headline": "Minor baseline surface variation"
      }
    },
    {
      "type": "Feature",
      "geometry": {
        "type": "Point",
        "coordinates": [
          78.478366,
          17.418157
        ]
      },
      "properties": {
        "grid_id": "HYD_0802",
        "rank": 1442,
        "priority_score": 0.3061,
        "priority_level": "LOW",
        "recommendation": "ROUTINE_OBSERVATION",
        "period": "2020_2026",
        "reasons": [
          "SPATIAL_ANOMALY"
        ],
        "overall_anomaly": 0.5166,
        "headline": "Minor baseline surface variation"
      }
    },
    {
      "type": "Feature",
      "geometry": {
        "type": "Point",
        "coordinates": [
          78.486658,
          17.499549
        ]
      },
      "properties": {
        "grid_id": "HYD_0030",
        "rank": 1443,
        "priority_score": 0.3031,
        "priority_level": "LOW",
        "recommendation": "ROUTINE_OBSERVATION",
        "period": "2020_2026",
        "reasons": [
          "VEG_BUILTUP_COHERENCE",
          "CYCLICAL_REVERSAL_DAMPENED"
        ],
        "overall_anomaly": 0.559,
        "headline": "Minor baseline surface variation"
      }
    },
    {
      "type": "Feature",
      "geometry": {
        "type": "Point",
        "coordinates": [
          78.516054,
          17.414114
        ]
      },
      "properties": {
        "grid_id": "HYD_0853",
        "rank": 1444,
        "priority_score": 0.3021,
        "priority_level": "LOW",
        "recommendation": "ROUTINE_OBSERVATION",
        "period": "2020_2026",
        "reasons": [
          "SPATIAL_ANOMALY"
        ],
        "overall_anomaly": 0.5074,
        "headline": "Minor baseline surface variation"
      }
    },
    {
      "type": "Feature",
      "geometry": {
        "type": "Point",
        "coordinates": [
          78.482015,
          17.494975
        ]
      },
      "properties": {
        "grid_id": "HYD_0072",
        "rank": 1445,
        "priority_score": 0.2902,
        "priority_level": "LOW",
        "recommendation": "ROUTINE_OBSERVATION",
        "period": "2020_2026",
        "reasons": [
          "CYCLICAL_REVERSAL_DAMPENED"
        ],
        "overall_anomaly": 0.5293,
        "headline": "Minor baseline surface variation"
      }
    },
    {
      "type": "Feature",
      "geometry": {
        "type": "Point",
        "coordinates": [
          78.439857,
          17.480888
        ]
      },
      "properties": {
        "grid_id": "HYD_0192",
        "rank": 1446,
        "priority_score": 0.2894,
        "priority_level": "LOW",
        "recommendation": "ROUTINE_OBSERVATION",
        "period": "2020_2026",
        "reasons": [
          "SPATIAL_ANOMALY",
          "CYCLICAL_REVERSAL_DAMPENED"
        ],
        "overall_anomaly": 0.5676,
        "headline": "Minor baseline surface variation"
      }
    },
    {
      "type": "Feature",
      "geometry": {
        "type": "Point",
        "coordinates": [
          78.416779,
          17.448979
        ]
      },
      "properties": {
        "grid_id": "HYD_0488",
        "rank": 1447,
        "priority_score": 0.2882,
        "priority_level": "LOW",
        "recommendation": "ROUTINE_OBSERVATION",
        "period": "2020_2026",
        "reasons": [
          "SPATIAL_ANOMALY"
        ],
        "overall_anomaly": 0.4954,
        "headline": "Minor baseline surface variation"
      }
    },
    {
      "type": "Feature",
      "geometry": {
        "type": "Point",
        "coordinates": [
          78.459053,
          17.454039
        ]
      },
      "properties": {
        "grid_id": "HYD_0454",
        "rank": 1448,
        "priority_score": 0.2848,
        "priority_level": "LOW",
        "recommendation": "ROUTINE_OBSERVATION",
        "period": "2020_2026",
        "reasons": [
          "SPATIAL_ANOMALY"
        ],
        "overall_anomaly": 0.4893,
        "headline": "Minor baseline surface variation"
      }
    },
    {
      "type": "Feature",
      "geometry": {
        "type": "Point",
        "coordinates": [
          78.463319,
          17.485705
        ]
      },
      "properties": {
        "grid_id": "HYD_0154",
        "rank": 1449,
        "priority_score": 0.283,
        "priority_level": "LOW",
        "recommendation": "ROUTINE_OBSERVATION",
        "period": "2020_2026",
        "reasons": [
          "SPATIAL_ANOMALY",
          "CYCLICAL_REVERSAL_DAMPENED"
        ],
        "overall_anomaly": 0.5034,
        "headline": "Minor baseline surface variation"
      }
    },
    {
      "type": "Feature",
      "geometry": {
        "type": "Point",
        "coordinates": [
          78.459115,
          17.449524
        ]
      },
      "properties": {
        "grid_id": "HYD_0497",
        "rank": 1450,
        "priority_score": 0.2788,
        "priority_level": "LOW",
        "recommendation": "ROUTINE_OBSERVATION",
        "period": "2020_2026",
        "reasons": [
          "SPATIAL_ANOMALY",
          "CYCLICAL_REVERSAL_DAMPENED"
        ],
        "overall_anomaly": 0.4979,
        "headline": "Minor baseline surface variation"
      }
    },
    {
      "type": "Feature",
      "geometry": {
        "type": "Point",
        "coordinates": [
          78.486782,
          17.490519
        ]
      },
      "properties": {
        "grid_id": "HYD_0116",
        "rank": 1451,
        "priority_score": 0.2759,
        "priority_level": "LOW",
        "recommendation": "ROUTINE_OBSERVATION",
        "period": "2020_2026",
        "reasons": [
          "CYCLICAL_REVERSAL_DAMPENED"
        ],
        "overall_anomaly": 0.5168,
        "headline": "Minor baseline surface variation"
      }
    },
    {
      "type": "Feature",
      "geometry": {
        "type": "Point",
        "coordinates": [
          78.435152,
          17.480827
        ]
      },
      "properties": {
        "grid_id": "HYD_0191",
        "rank": 1452,
        "priority_score": 0.2731,
        "priority_level": "LOW",
        "recommendation": "ROUTINE_OBSERVATION",
        "period": "2020_2026",
        "reasons": [
          "CYCLICAL_REVERSAL_DAMPENED"
        ],
        "overall_anomaly": 0.5546,
        "headline": "Minor baseline surface variation"
      }
    },
    {
      "type": "Feature",
      "geometry": {
        "type": "Point",
        "coordinates": [
          78.421864,
          17.42195
        ]
      },
      "properties": {
        "grid_id": "HYD_0747",
        "rank": 1453,
        "priority_score": 0.2711,
        "priority_level": "LOW",
        "recommendation": "ROUTINE_OBSERVATION",
        "period": "2020_2026",
        "reasons": [
          "SPATIAL_ANOMALY",
          "CYCLICAL_REVERSAL_DAMPENED"
        ],
        "overall_anomaly": 0.4789,
        "headline": "Minor baseline surface variation"
      }
    },
    {
      "type": "Feature",
      "geometry": {
        "type": "Point",
        "coordinates": [
          78.397579,
          17.475823
        ]
      },
      "properties": {
        "grid_id": "HYD_0226",
        "rank": 1454,
        "priority_score": 0.2707,
        "priority_level": "LOW",
        "recommendation": "ROUTINE_OBSERVATION",
        "period": "2020_2026",
        "reasons": [
          "SPATIAL_ANOMALY",
          "CYCLICAL_REVERSAL_DAMPENED"
        ],
        "overall_anomaly": 0.5294,
        "headline": "Minor baseline surface variation"
      }
    },
    {
      "type": "Feature",
      "geometry": {
        "type": "Point",
        "coordinates": [
          78.366203,
          17.367034
        ]
      },
      "properties": {
        "grid_id": "HYD_1251",
        "rank": 1455,
        "priority_score": 0.2651,
        "priority_level": "LOW",
        "recommendation": "ROUTINE_OBSERVATION",
        "period": "2020_2026",
        "reasons": [
          "CYCLICAL_REVERSAL_DAMPENED"
        ],
        "overall_anomaly": 0.4764,
        "headline": "Minor baseline surface variation"
      }
    },
    {
      "type": "Feature",
      "geometry": {
        "type": "Point",
        "coordinates": [
          78.402284,
          17.475884
        ]
      },
      "properties": {
        "grid_id": "HYD_0227",
        "rank": 1456,
        "priority_score": 0.2623,
        "priority_level": "LOW",
        "recommendation": "ROUTINE_OBSERVATION",
        "period": "2020_2026",
        "reasons": [
          "SPATIAL_ANOMALY",
          "CYCLICAL_REVERSAL_DAMPENED"
        ],
        "overall_anomaly": 0.5189,
        "headline": "Minor baseline surface variation"
      }
    },
    {
      "type": "Feature",
      "geometry": {
        "type": "Point",
        "coordinates": [
          78.366139,
          17.371549
        ]
      },
      "properties": {
        "grid_id": "HYD_1208",
        "rank": 1457,
        "priority_score": 0.2489,
        "priority_level": "LOW",
        "recommendation": "ROUTINE_OBSERVATION",
        "period": "2020_2026",
        "reasons": [
          "SPATIAL_ANOMALY",
          "CYCLICAL_REVERSAL_DAMPENED"
        ],
        "overall_anomaly": 0.4501,
        "headline": "Minor baseline surface variation"
      }
    },
    {
      "type": "Feature",
      "geometry": {
        "type": "Point",
        "coordinates": [
          78.477309,
          17.494915
        ]
      },
      "properties": {
        "grid_id": "HYD_0071",
        "rank": 1458,
        "priority_score": 0.2486,
        "priority_level": "LOW",
        "recommendation": "ROUTINE_OBSERVATION",
        "period": "2020_2026",
        "reasons": [
          "CYCLICAL_REVERSAL_DAMPENED"
        ],
        "overall_anomaly": 0.457,
        "headline": "Minor baseline surface variation"
      }
    },
    {
      "type": "Feature",
      "geometry": {
        "type": "Point",
        "coordinates": [
          78.417161,
          17.421889
        ]
      },
      "properties": {
        "grid_id": "HYD_0746",
        "rank": 1459,
        "priority_score": 0.2466,
        "priority_level": "LOW",
        "recommendation": "ROUTINE_OBSERVATION",
        "period": "2020_2026",
        "reasons": [
          "SPATIAL_ANOMALY",
          "CYCLICAL_REVERSAL_DAMPENED"
        ],
        "overall_anomaly": 0.4412,
        "headline": "Minor baseline surface variation"
      }
    },
    {
      "type": "Feature",
      "geometry": {
        "type": "Point",
        "coordinates": [
          78.361566,
          17.362457
        ]
      },
      "properties": {
        "grid_id": "HYD_1293",
        "rank": 1460,
        "priority_score": 0.2251,
        "priority_level": "LOW",
        "recommendation": "ROUTINE_OBSERVATION",
        "period": "2020_2026",
        "reasons": [
          "SPATIAL_ANOMALY",
          "CYCLICAL_REVERSAL_DAMPENED"
        ],
        "overall_anomaly": 0.4005,
        "headline": "Minor baseline surface variation"
      }
    },
    {
      "type": "Feature",
      "geometry": {
        "type": "Point",
        "coordinates": [
          78.397515,
          17.480338
        ]
      },
      "properties": {
        "grid_id": "HYD_0183",
        "rank": 1461,
        "priority_score": 0.223,
        "priority_level": "LOW",
        "recommendation": "ROUTINE_OBSERVATION",
        "period": "2020_2026",
        "reasons": [
          "CYCLICAL_REVERSAL_DAMPENED"
        ],
        "overall_anomaly": 0.4084,
        "headline": "Minor baseline surface variation"
      }
    },
    {
      "type": "Feature",
      "geometry": {
        "type": "Point",
        "coordinates": [
          78.366268,
          17.362519
        ]
      },
      "properties": {
        "grid_id": "HYD_1294",
        "rank": 1462,
        "priority_score": 0.2077,
        "priority_level": "LOW",
        "recommendation": "ROUTINE_OBSERVATION",
        "period": "2020_2026",
        "reasons": [
          "CYCLICAL_REVERSAL_DAMPENED"
        ],
        "overall_anomaly": 0.3619,
        "headline": "Minor baseline surface variation"
      }
    }
  ]
}